Type,Date,Part of a policing operation,Policing operation,Latitude,Longitude,Gender,Age range,Self-defined ethnicity,Officer-defined ethnicity,Legislation,Object of search,Outcome,Outcome linked to object of search,Removal of more than just outer clothing
Person search,2016-12-01T00:19:00+00:00,,,51.535073,-3.147623,Male,25-34,White - White British (W1),White,Police and Criminal Evidence Act 1984 (section 1),Article for use in theft,Nothing found - no further action,False,
Person search,2016-12-01T02:31:00+00:00,,,51.467747,-3.264274,Male,25-34,White - White British (W1),White,Police and Criminal Evidence Act 1984 (section 1),Article for use in theft,Nothing found - no further action,False,
Person search,2016-12-01T07:47:00+00:00,,,51.617548,-3.949513,Male,over 34,White - White British (W1),White,Misuse of Drugs Act 1971 (section 23),Controlled drugs,Nothing found - no further action,False,
Person search,2016-12-01T10:46:00+00:00,,,51.619817,-3.940654,Male,25-34,White - White British (W1),White,Misuse of Drugs Act 1971 (section 23),Controlled drugs,Nothing found - no further action,False,
Person search,2016-12-01T13:18:00+00:00,,,51.518917,-3.585028,Male,over 34,White - White British (W1),White,Misuse of Drugs Act 1971 (section 23),Controlled drugs,,,
Person search,2016-12-01T18:40:00+00:00,,,51.509320,-3.575861,Male,over 34,White - White British (W1),White,Misuse of Drugs Act 1971 (section 23),Controlled drugs,Suspect arrested,True,
Person search,2016-12-01T23:12:00+00:00,,,51.500102,-3.206907,Male,10-17,White - White British (W1),White,Police and Criminal Evidence Act 1984 (section 1),,Nothing found - no further action,False,
Person search,2016-12-01T23:24:00+00:00,,,51.394803,-3.267580,Male,18-24,White - White British (W1),White,Police and Criminal Evidence Act 1984 (section 1),Offensive weapons,Suspect arrested,False,
Person search,2016-12-01T23:53:00+00:00,,,51.410563,-3.252012,Male,over 34,Asian or Asian British - Indian (A1),Asian,Misuse of Drugs Act 1971 (section 23),,,,
Person search,2016-12-01T23:54:00+00:00,,,,,Male,10-17,White - White British (W1),White,Police and Criminal Evidence Act 1984 (section 1),,Nothing found - no further action,False,
Person search,2016-12-01T23:56:00+00:00,,,51.410563,-3.252012,Male,over 34,,,,,,,
Person search,2016-12-01T23:57:00+00:00,,,,,,,,,,,,,
Person search,2016-12-02T00:07:00+00:00,,,51.487604,-3.227591,Male,10-17,Not Stated (NS),,Police and Criminal Evidence Act 1984 (section 1),Article for use in theft,Nothing found - no further action,False,
Person search,2016-12-02T00:07:00+00:00,,,51.487604,-3.227591,Male,10-17,White - White British (W1),White,Police and Criminal Evidence Act 1984 (section 1),Article for use in theft,Nothing found - no further action,False,
Person search,2016-12-02T00:14:00+00:00,,,,,Male,10-17,White - White British (W1),White,Police and Criminal Evidence Act 1984 (section 1),,Nothing found - no further action,False,
Person search,2016-12-02T00:22:00+00:00,,,,,Male,18-24,White - White British (W1),White,Misuse of Drugs Act 1971 (section 23),Controlled drugs,Nothing found - no further action,False,
Person and Vehicle search,2016-12-02T02:05:00+00:00,,,51.504617,-3.138486,Male,25-34,Not Stated (NS),White,Police and Criminal Evidence Act 1984 (section 1),Article for use in theft,Nothing found - no further action,False,
Person and Vehicle search,2016-12-02T02:05:00+00:00,,,51.504617,-3.138486,Male,over 34,Not Stated (NS),White,Police and Criminal Evidence Act 1984 (section 1),Article for use in theft,Nothing found - no further action,False,
Person search,2016-12-02T02:12:00+00:00,,,51.650682,-3.976580,Male,over 34,White - White British (W1),,Police and Criminal Evidence Act 1984 (section 1),Article for use in theft,Nothing found - no further action,False,
Person search,2016-12-02T04:52:00+00:00,,,51.480598,-3.173256,Female,18-24,White - White British (W1),White,Misuse of Drugs Act 1971 (section 23),Controlled drugs,Nothing found - no further action,False,
Person search,2016-12-02T04:52:00+00:00,,,51.480598,-3.173256,Male,18-24,White - White British (W1),White,Misuse of Drugs Act 1971 (section 23),Controlled drugs,Nothing found - no further action,False,
Person and Vehicle search,2016-12-02T05:56:00+00:00,,,51.549778,-3.087794,Male,18-24,Black or Black British - Caribbean (B1),Black,,,,,
Person search,2016-12-02T16:58:00+00:00,,,51.712235,-3.436263,Male,18-24,White - White British (W1),White,Misuse of Drugs Act 1971 (section 23),Controlled drugs,Nothing found - no further action,False,
Person search,2016-12-02T17:13:00+00:00,,,51.760453,-3.373487,Male,25-34,White - White British (W1),White,Police and Criminal Evidence Act 1984 (section 1),Stolen goods,Nothing found - no further action,False,
Person search,2016-12-02T17:50:00+00:00,,,51.481806,-3.156683,Male,18-24,White - White British (W1),White,Police and Criminal Evidence Act 1984 (section 1),,Suspect arrested,False,
Person search,2016-12-02T19:31:00+00:00,,,51.498103,-3.173547,Male,25-34,White - Any other White ethnic background (W9),White,Misuse of Drugs Act 1971 (section 23),Controlled drugs,Offender given drugs possession warning,True,
Person and Vehicle search,2016-12-02T22:39:00+00:00,,,51.528351,-3.096437,Male,25-34,White - White British (W1),White,Misuse of Drugs Act 1971 (section 23),Controlled drugs,Nothing found - no further action,False,
Person search,2016-12-02T23:03:00+00:00,,,51.763945,-3.385504,Male,over 34,White - White British (W1),White,Police and Criminal Evidence Act 1984 (section 1),Stolen goods,Nothing found - no further action,False,
Person search,2016-12-03T01:33:00+00:00,,,51.494570,-3.175243,Male,18-24,White - White British (W1),White,Police and Criminal Evidence Act 1984 (section 1),,Nothing found - no further action,False,
Person search,2016-12-03T01:37:00+00:00,,,51.497498,-3.183602,Male,,Not Stated (NS),White,Police and Criminal Evidence Act 1984 (section 1),,Nothing found - no further action,False,
Person search,2016-12-03T01:37:00+00:00,,,51.497498,-3.183602,Male,18-24,White - White British (W1),White,Police and Criminal Evidence Act 1984 (section 1),,Nothing found - no further action,False,
Person search,2016-12-03T02:35:00+00:00,,,51.492417,-3.148410,Male,18-24,Black or Black British - Any other Black ethnic background (B9),Black,Police and Criminal Evidence Act 1984 (section 1),Article for use in theft,Suspect arrested,False,
Person search,2016-12-03T03:27:00+00:00,,,51.501235,-3.193755,Male,18-24,White - White British (W1),White,Police and Criminal Evidence Act 1984 (section 1),,Nothing found - no further action,False,
Person search,2016-12-03T03:28:00+00:00,,,51.480314,-3.179139,Male,25-34,Not Stated (NS),Asian,Police and Criminal Evidence Act 1984 (section 1),Offensive weapons,Nothing found - no further action,False,
Person search,2016-12-03T05:53:00+00:00,,,51.627623,-3.941204,Male,25-34,White - White British (W1),White,Police and Criminal Evidence Act 1984 (section 1),Stolen goods,Nothing found - no further action,False,
Person search,2016-12-03T16:34:00+00:00,,,,,Female,18-24,White - White British (W1),White,Misuse of Drugs Act 1971 (section 23),Controlled drugs,Offender given drugs possession warning,True,
Person search,2016-12-03T16:51:00+00:00,,,51.712918,-3.441467,Male,25-34,Not Stated (NS),White,Police and Criminal Evidence Act 1984 (section 1),Stolen goods,Nothing found - no further action,False,
Person search,2016-12-03T16:57:00+00:00,,,51.713050,-3.442412,Male,over 34,White - White British (W1),White,Police and Criminal Evidence Act 1984 (section 1),Stolen goods,Nothing found - no further action,False,
Person search,2016-12-03T18:27:00+00:00,,,51.420607,-3.245297,Male,18-24,White - White British (W1),White,Police and Criminal Evidence Act 1984 (section 1),Article for use in theft,Nothing found - no further action,False,
Person search,2016-12-03T18:58:00+00:00,,,,,Female,over 34,White - White British (W1),White,Police and Criminal Evidence Act 1984 (section 1),Stolen goods,Nothing found - no further action,False,
Person search,2016-12-03T21:31:00+00:00,,,51.605828,-3.339471,Male,over 34,White - White British (W1),White,Police and Criminal Evidence Act 1984 (section 1),Offensive weapons,Nothing found - no further action,False,
Person search,2016-12-04T00:42:00+00:00,,,51.712806,-3.444734,Male,25-34,White - White British (W1),White,Misuse of Drugs Act 1971 (section 23),Controlled drugs,Nothing found - no further action,False,
Person search,2016-12-04T00:42:00+00:00,,,51.712806,-3.444734,Male,25-34,White - White British (W1),White,Misuse of Drugs Act 1971 (section 23),Controlled drugs,Nothing found - no further action,False,
Person search,2016-12-04T02:10:00+00:00,,,51.599883,-3.341982,Male,18-24,White - White British (W1),White,Misuse of Drugs Act 1971 (section 23),Controlled drugs,Nothing found - no further action,False,
Person and Vehicle search,2016-12-04T03:35:00+00:00,,,51.624704,-3.942582,Male,25-34,Asian or Asian British - Bangladeshi (A3),Asian,Misuse of Drugs Act 1971 (section 23),Controlled drugs,Suspect arrested,True,
Person search,2016-12-04T05:51:00+00:00,,,51.523845,-3.146447,Male,10-17,Black or Black British - Any other Black ethnic background (B9),Black,Police and Criminal Evidence Act 1984 (section 1),,Nothing found - no further action,False,
Person search,2016-12-04T06:02:00+00:00,,,51.511246,-3.703681,Male,over 34,White - White British (W1),White,Police and Criminal Evidence Act 1984 (section 1),,Nothing found - no further action,False,
Person search,2016-12-04T07:48:00+00:00,,,51.745952,-3.621674,Male,18-24,White - White British (W1),White,Misuse of Drugs Act 1971 (section 23),Controlled drugs,Nothing found - no further action,False,
Person search,2016-12-04T07:48:00+00:00,,,51.745952,-3.621674,Female,18-24,White - White British (W1),White,Misuse of Drugs Act 1971 (section 23),Controlled drugs,Offender given drugs possession warning,True,
Person search,2016-12-04T09:11:00+00:00,,,51.632851,-3.824975,Male,10-17,White - White British (W1),White,,,,,
Person search,2016-12-04T09:11:00+00:00,,,51.632851,-3.824975,Male,10-17,White - White British (W1),White,Misuse of Drugs Act 1971 (section 23),Controlled drugs,Nothing found - no further action,False,
Person search,2016-12-04T14:56:00+00:00,,,51.712918,-3.441467,Male,18-24,White - White British (W1),White,Misuse of Drugs Act 1971 (section 23),Controlled drugs,Nothing found - no further action,False,
Person search,2016-12-04T15:52:00+00:00,,,51.619929,-3.942046,Male,25-34,White - White British (W1),White,Police and Criminal Evidence Act 1984 (section 1),Stolen goods,Nothing found - no further action,False,
Person search,2016-12-04T20:46:00+00:00,,,51.618018,-3.950443,Male,25-34,White - White British (W1),White,Misuse of Drugs Act 1971 (section 23),Controlled drugs,Nothing found - no further action,False,
Person search,2016-12-04T20:46:00+00:00,,,51.620332,-3.949199,Male,over 34,White - White British (W1),White,Misuse of Drugs Act 1971 (section 23),Controlled drugs,Nothing found - no further action,False,
Person and Vehicle search,2016-12-04T20:46:00+00:00,,,51.622949,-3.944862,Male,25-34,Not Stated (NS),Asian,Misuse of Drugs Act 1971 (section 23),Controlled drugs,Suspect arrested,True,
Person search,2016-12-04T23:17:00+00:00,,,51.440991,-3.177521,Male,over 34,White - White British (W1),White,Police and Criminal Evidence Act 1984 (section 1),,Nothing found - no further action,False,
Person search,2016-12-05T01:51:00+00:00,,,51.659924,-3.888784,Male,25-34,White - White British (W1),White,Police and Criminal Evidence Act 1984 (section 1),Articles for use in criminal damage,Suspect arrested,False,
Person search,2016-12-05T01:51:00+00:00,,,51.659924,-3.888784,Male,25-34,White - White British (W1),White,Police and Criminal Evidence Act 1984 (section 1),Articles for use in criminal damage,Nothing found - no further action,False,
Person search,2016-12-05T02:38:00+00:00,,,51.622949,-3.944862,Male,25-34,White - White British (W1),White,Police and Criminal Evidence Act 1984 (section 1),Articles for use in criminal damage,Nothing found - no further action,False,
Person search,2016-12-05T02:38:00+00:00,,,51.622949,-3.944862,Male,25-34,White - White British (W1),White,Police and Criminal Evidence Act 1984 (section 1),Articles for use in criminal damage,Suspect arrested,False,
Person search,2016-12-05T04:42:00+00:00,,,51.480124,-3.194384,Male,25-34,White - White British (W1),White,Police and Criminal Evidence Act 1984 (section 1),Article for use in theft,Nothing found - no further action,False,
Person search,2016-12-05T09:11:00+00:00,,,,,,,,,,,,,
Person search,2016-12-05T09:14:00+00:00,,,51.414028,-3.235642,Male,25-34,White - White British (W1),,Misuse of Drugs Act 1971 (section 23),Controlled drugs,Nothing found - no further action,False,
Person search,2016-12-05T09:55:00+00:00,,,51.662710,-3.806626,Male,25-34,White - White British (W1),White,Police and Criminal Evidence Act 1984 (section 1),Stolen goods,Nothing found - no further action,False,
Person search,2016-12-05T11:32:00+00:00,,,51.502066,-3.159285,Male,18-24,White - White British (W1),White,Police and Criminal Evidence Act 1984 (section 1),Article for use in theft,Nothing found - no further action,False,
Person search,2016-12-05T13:02:00+00:00,,,51.507383,-3.576832,Male,over 34,White - White British (W1),White,Police and Criminal Evidence Act 1984 (section 1),,Suspect arrested,False,
Person search,2016-12-05T13:17:00+00:00,,,51.509320,-3.575861,Male,over 34,White - White British (W1),White,Police and Criminal Evidence Act 1984 (section 1),,Suspect arrested,False,
Person search,2016-12-05T13:17:00+00:00,,,51.509320,-3.575861,Male,over 34,White - White British (W1),White,Police and Criminal Evidence Act 1984 (section 1),,Suspect arrested,False,
Person search,2016-12-05T14:31:00+00:00,,,51.509320,-3.575861,Male,over 34,White - White British (W1),White,Police and Criminal Evidence Act 1984 (section 1),,Nothing found - no further action,False,
Person search,2016-12-05T14:31:00+00:00,,,51.509320,-3.575861,Male,over 34,White - White British (W1),White,Police and Criminal Evidence Act 1984 (section 1),,Nothing found - no further action,False,
Person and Vehicle search,2016-12-05T14:54:00+00:00,,,51.761293,-3.377816,Female,over 34,White - White British (W1),White,Misuse of Drugs Act 1971 (section 23),Controlled drugs,Nothing found - no further action,False,
Person search,2016-12-05T21:20:00+00:00,,,51.422606,-3.256023,Male,25-34,White - White British (W1),White,Misuse of Drugs Act 1971 (section 23),Controlled drugs,Nothing found - no further action,False,
Person search,2016-12-06T06:16:00+00:00,,,,,Male,18-24,White - White British (W1),White,Police and Criminal Evidence Act 1984 (section 1),Article for use in theft,Nothing found - no further action,False,
Person search,2016-12-06T06:17:00+00:00,,,51.487604,-3.227591,Female,25-34,White - White British (W1),,Police and Criminal Evidence Act 1984 (section 1),Article for use in theft,Nothing found - no further action,False,
Person search,2016-12-06T06:17:00+00:00,,,51.637158,-3.944834,Male,over 34,White - White British (W1),White,Misuse of Drugs Act 1971 (section 23),Controlled drugs,Nothing found - no further action,False,
Person search,2016-12-06T17:28:00+00:00,,,51.501674,-3.205263,Male,10-17,White - White British (W1),White,Police and Criminal Evidence Act 1984 (section 1),Article for use in theft,Nothing found - no further action,False,
Person search,2016-12-06T17:28:00+00:00,,,51.501674,-3.205263,Male,25-34,White - White British (W1),White,Police and Criminal Evidence Act 1984 (section 1),Article for use in theft,Nothing found - no further action,False,
Person search,2016-12-06T18:34:00+00:00,,,51.749985,-3.393552,Female,25-34,White - White British (W1),White,Police and Criminal Evidence Act 1984 (section 1),Stolen goods,Nothing found - no further action,False,
Person search,2016-12-06T23:44:00+00:00,,,51.619929,-3.942046,Male,25-34,White - White British (W1),White,Police and Criminal Evidence Act 1984 (section 1),Stolen goods,Nothing found - no further action,False,
Person search,2016-12-07T01:43:00+00:00,,,51.622451,-3.941807,Female,25-34,Not Stated (NS),Black,,,,,
Person search,2016-12-07T01:43:00+00:00,,,51.622451,-3.941807,Male,25-34,,,,,,,
Person search,2016-12-07T02:18:00+00:00,,,,,Female,25-34,White - White British (W1),White,Police and Criminal Evidence Act 1984 (section 1),Article for use in theft,Nothing found - no further action,False,
Person and Vehicle search,2016-12-07T03:28:00+00:00,,,51.629916,-3.940666,Male,over 34,Asian or Asian British - Any other Asian ethnic background (A9),Asian,Misuse of Drugs Act 1971 (section 23),Controlled drugs,Suspect arrested,False,
Person search,2016-12-07T14:28:00+00:00,,,51.616450,-3.952269,Male,over 34,White - White British (W1),White,Misuse of Drugs Act 1971 (section 23),Controlled drugs,Nothing found - no further action,False,
Person and Vehicle search,2016-12-07T16:20:00+00:00,,,51.522861,-3.692122,Male,18-24,White - White Irish (W2),White,Police and Criminal Evidence Act 1984 (section 1),Stolen goods,Suspect arrested,False,
Person search,2016-12-07T18:55:00+00:00,,,51.630593,-3.820940,Male,25-34,White - Any other White ethnic background (W9),White,Police and Criminal Evidence Act 1984 (section 1),Stolen goods,Nothing found - no further action,False,
Person search,2016-12-07T18:55:00+00:00,,,,,Male,over 34,,,,,,,
Person search,2016-12-07T19:05:00+00:00,,,51.630593,-3.820940,Male,25-34,White - Any other White ethnic background (W9),White,Police and Criminal Evidence Act 1984 (section 1),Stolen goods,Nothing found - no further action,False,
Person search,2016-12-07T20:57:00+00:00,,,51.759419,-3.365834,Male,25-34,White - Any other White ethnic background (W9),White,Police and Criminal Evidence Act 1984 (section 1),Stolen goods,Nothing found - no further action,False,
Person search,2016-12-07T21:07:00+00:00,,,51.415727,-3.243352,Male,18-24,White - White British (W1),,Police and Criminal Evidence Act 1984 (section 1),Article for use in theft,Nothing found - no further action,False,
Person and Vehicle search,2016-12-07T23:46:00+00:00,,,51.482314,-3.137888,Male,18-24,Black or Black British - African (B2),Black,Misuse of Drugs Act 1971 (section 23),Controlled drugs,Nothing found - no further action,False,
Person search,2016-12-07T23:47:00+00:00,,,51.482314,-3.137888,Male,25-34,Black or Black British - Any other Black ethnic background (B9),Black,Misuse of Drugs Act 1971 (section 23),Controlled drugs,Nothing found - no further action,False,
Person search,2016-12-07T23:58:00+00:00,,,51.518625,-3.561236,Male,18-24,White - White British (W1),White,Police and Criminal Evidence Act 1984 (section 1),Stolen goods,Nothing found - no further action,False,
Person search,2016-12-07T23:58:00+00:00,,,51.518625,-3.561236,Male,18-24,White - White British (W1),White,Police and Criminal Evidence Act 1984 (section 1),Stolen goods,Nothing found - no further action,False,
Person and Vehicle search,2016-12-08T00:00:00+00:00,,,51.515367,-3.579586,Female,10-17,Not Stated (NS),,Misuse of Drugs Act 1971 (section 23),Controlled drugs,,,
Person search,2016-12-08T01:50:00+00:00,,,51.468693,-3.160627,Male,over 34,Black or Black British - African (B2),Black,,,,,
Person search,2016-12-08T02:03:00+00:00,,,51.466567,-3.180785,Female,18-24,,,,,,,
Person search,2016-12-08T02:32:00+00:00,,,51.494505,-3.153691,Male,18-24,White - White British (W1),White,Misuse of Drugs Act 1971 (section 23),Controlled drugs,Nothing found - no further action,False,
Person search,2016-12-08T02:38:00+00:00,,,,,Male,10-17,White - White British (W1),White,Police and Criminal Evidence Act 1984 (section 1),Article for use in theft,Nothing found - no further action,False,
Person search,2016-12-08T05:05:00+00:00,,,51.618957,-3.937728,Male,25-34,White - White British (W1),White,Misuse of Drugs Act 1971 (section 23),Controlled drugs,Nothing found - no further action,False,
Person search,2016-12-08T05:43:00+00:00,,,51.618957,-3.937728,Male,18-24,White - White British (W1),White,Misuse of Drugs Act 1971 (section 23),Controlled drugs,Nothing found - no further action,False,
Person search,2016-12-08T05:44:00+00:00,,,51.486096,-3.206609,Male,25-34,White - White British (W1),White,Police and Criminal Evidence Act 1984 (section 1),,Nothing found - no further action,False,
Person search,2016-12-08T05:44:00+00:00,,,51.484937,-3.210799,Male,over 34,White - White British (W1),White,Police and Criminal Evidence Act 1984 (section 1),Stolen goods,Nothing found - no further action,False,
Person search,2016-12-08T07:06:00+00:00,,,,,Male,25-34,Not Stated (NS),Black,Misuse of Drugs Act 1971 (section 23),Controlled drugs,Nothing found - no further action,False,
Person search,2016-12-08T13:35:00+00:00,,,51.616318,-3.434864,Male,over 34,White - White British (W1),White,Police and Criminal Evidence Act 1984 (section 1),Offensive weapons,Nothing found - no further action,False,
Person search,2016-12-08T13:39:00+00:00,,,51.620187,-3.944426,Male,18-24,White - White British (W1),White,Misuse of Drugs Act 1971 (section 23),Controlled drugs,Nothing found - no further action,False,
Person search,2016-12-08T13:48:00+00:00,,,51.616318,-3.434864,Female,over 34,White - White British (W1),White,Police and Criminal Evidence Act 1984 (section 1),Offensive weapons,Nothing found - no further action,False,
Person search,2016-12-08T13:49:00+00:00,,,51.620187,-3.944426,Male,25-34,White - White British (W1),White,Misuse of Drugs Act 1971 (section 23),Controlled drugs,Nothing found - no further action,False,
Person search,2016-12-08T13:53:00+00:00,,,51.617398,-3.437007,Male,over 34,White - White British (W1),White,Police and Criminal Evidence Act 1984 (section 1),Offensive weapons,Nothing found - no further action,False,
Person and Vehicle search,2016-12-08T14:02:00+00:00,,,51.517229,-3.574131,Male,over 34,White - White British (W1),White,Misuse of Drugs Act 1971 (section 23),Controlled drugs,Suspect arrested,True,
Person search,2016-12-08T15:20:00+00:00,,,51.485538,-3.181045,Male,25-34,White - White British (W1),White,Police and Criminal Evidence Act 1984 (section 1),,Nothing found - no further action,False,
Person search,2016-12-08T16:24:00+00:00,,,,,Male,25-34,White - White British (W1),White,Police and Criminal Evidence Act 1984 (section 1),,Nothing found - no further action,False,
Person search,2016-12-08T16:24:00+00:00,,,,,Male,25-34,White - White British (W1),White,Police and Criminal Evidence Act 1984 (section 1),,Nothing found - no further action,False,
Person search,2016-12-08T17:05:00+00:00,,,51.742832,-3.379427,Male,18-24,White - White British (W1),White,Police and Criminal Evidence Act 1984 (section 1),Offensive weapons,Nothing found - no further action,False,
Person search,2016-12-08T21:17:00+00:00,,,51.481317,-3.197339,Male,25-34,Mixed - White and Black Caribbean (M1),White,Police and Criminal Evidence Act 1984 (section 1),Article for use in theft,Nothing found - no further action,False,
Person search,2016-12-09T00:39:00+00:00,,,51.541383,-3.583443,Male,25-34,White - White British (W1),White,Police and Criminal Evidence Act 1984 (section 1),,Nothing found - no further action,False,
Person search,2016-12-09T01:12:00+00:00,,,51.496230,-3.164784,Male,over 34,White - White British (W1),White,Police and Criminal Evidence Act 1984 (section 1),Article for use in theft,Nothing found - no further action,False,
Person search,2016-12-09T01:12:00+00:00,,,51.496230,-3.164784,Male,over 34,White - White British (W1),White,Police and Criminal Evidence Act 1984 (section 1),Article for use in theft,Nothing found - no further action,False,
Person search,2016-12-09T01:17:00+00:00,,,51.486368,-3.198436,Male,18-24,White - White British (W1),White,Police and Criminal Evidence Act 1984 (section 1),,Suspect arrested,False,
Person and Vehicle search,2016-12-09T01:30:00+00:00,,,,,Female,over 34,White - White British (W1),White,Misuse of Drugs Act 1971 (section 23),Controlled drugs,Nothing found - no further action,False,
Person and Vehicle search,2016-12-09T01:30:00+00:00,,,,,Male,over 34,White - White British (W1),White,Misuse of Drugs Act 1971 (section 23),Controlled drugs,Suspect arrested,True,
Person search,2016-12-09T03:38:00+00:00,,,51.481317,-3.197339,Male,25-34,White - Any other White ethnic background (W9),White,Police and Criminal Evidence Act 1984 (section 1),Article for use in theft,Nothing found - no further action,False,
Person search,2016-12-09T03:42:00+00:00,,,51.480548,-3.188059,Male,18-24,White - White British (W1),White,Police and Criminal Evidence Act 1984 (section 1),,Nothing found - no further action,False,
Person search,2016-12-09T05:19:00+00:00,,,,,Male,25-34,White - White British (W1),White,Police and Criminal Evidence Act 1984 (section 1),Stolen goods,Suspect arrested,False,
Person search,2016-12-09T05:42:00+00:00,,,51.494089,-3.218863,Male,over 34,White - White British (W1),White,Police and Criminal Evidence Act 1984 (section 1),Stolen goods,Nothing found - no further action,False,
Person search,2016-12-09T05:46:00+00:00,,,51.518819,-3.180839,Male,18-24,White - White British (W1),White,Police and Criminal Evidence Act 1984 (section 1),Article for use in theft,Nothing found - no further action,False,
Person search,2016-12-09T06:02:00+00:00,,,51.484559,-3.201283,Male,18-24,White - White British (W1),White,Police and Criminal Evidence Act 1984 (section 1),Article for use in theft,Nothing found - no further action,False,
Person search,2016-12-09T07:26:00+00:00,,,,,Male,over 34,White - White British (W1),White,Police and Criminal Evidence Act 1984 (section 1),Article for use in theft,Suspect arrested,False,
Person search,2016-12-09T08:41:00+00:00,,,51.714150,-3.450249,Male,25-34,White - White British (W1),White,Misuse of Drugs Act 1971 (section 23),Controlled drugs,Nothing found - no further action,False,
Person search,2016-12-09T14:53:00+00:00,,,51.481259,-3.198648,Female,over 34,White - White British (W1),White,Police and Criminal Evidence Act 1984 (section 1),,Nothing found - no further action,False,
Person search,2016-12-09T20:41:00+00:00,,,51.485571,-3.227652,Male,25-34,White - White British (W1),White,Misuse of Drugs Act 1971 (section 23),Controlled drugs,Nothing found - no further action,False,
Person search,2016-12-09T22:37:00+00:00,,,51.742832,-3.379427,Male,18-24,White - White British (W1),White,Police and Criminal Evidence Act 1984 (section 1),Offensive weapons,Suspect arrested,True,
Person search,2016-12-10T00:05:00+00:00,,,,,,,,,,,,,
Person search,2016-12-10T01:50:00+00:00,,,51.507138,-3.581002,Male,over 34,White - White British (W1),White,Misuse of Drugs Act 1971 (section 23),Controlled drugs,Nothing found - no further action,False,
Person search,2016-12-10T01:50:00+00:00,,,51.507138,-3.581002,Male,25-34,White - White British (W1),White,Misuse of Drugs Act 1971 (section 23),Controlled drugs,Nothing found - no further action,False,
Person and Vehicle search,2016-12-10T02:45:00+00:00,,,51.480426,-3.249979,Male,10-17,White - White British (W1),White,Misuse of Drugs Act 1971 (section 23),Controlled drugs,Nothing found - no further action,False,
Person search,2016-12-10T02:45:00+00:00,,,51.480426,-3.249979,Male,18-24,,,,,,,
Person search,2016-12-10T04:09:00+00:00,,,51.477629,-3.177068,Male,over 34,Mixed - White and Black African (M2),Black,,,Nothing found - no further action,False,
Person search,2016-12-10T09:15:00+00:00,,,51.500102,-3.206907,Male,10-17,White - White British (W1),White,Police and Criminal Evidence Act 1984 (section 1),Articles for use in criminal damage,Nothing found - no further action,False,
Person search,2016-12-10T09:15:00+00:00,,,51.500102,-3.206907,Male,10-17,White - White British (W1),White,Police and Criminal Evidence Act 1984 (section 1),Articles for use in criminal damage,Nothing found - no further action,False,
Person search,2016-12-10T09:15:00+00:00,,,51.500102,-3.206907,Male,10-17,White - White British (W1),White,Police and Criminal Evidence Act 1984 (section 1),Articles for use in criminal damage,Nothing found - no further action,False,
Person search,2016-12-10T09:15:00+00:00,,,51.500102,-3.206907,Male,10-17,White - White British (W1),White,Police and Criminal Evidence Act 1984 (section 1),Articles for use in criminal damage,Nothing found - no further action,False,
Person search,2016-12-10T09:15:00+00:00,,,51.500102,-3.206907,Male,10-17,,,,,,,
Person search,2016-12-10T09:15:00+00:00,,,51.500102,-3.206907,Male,10-17,,,,,,,
Person search,2016-12-10T09:15:00+00:00,,,51.500102,-3.206907,Male,10-17,White - White British (W1),White,Police and Criminal Evidence Act 1984 (section 1),Articles for use in criminal damage,Nothing found - no further action,False,
Person search,2016-12-10T09:15:00+00:00,,,51.500102,-3.206907,Male,10-17,Not Stated (NS),,,,,,
Person search,2016-12-10T09:15:00+00:00,,,51.500102,-3.206907,Male,10-17,White - White British (W1),White,Police and Criminal Evidence Act 1984 (section 1),Articles for use in criminal damage,Nothing found - no further action,False,
Person search,2016-12-10T09:15:00+00:00,,,51.500102,-3.206907,Male,10-17,White - White British (W1),White,Police and Criminal Evidence Act 1984 (section 1),Articles for use in criminal damage,Nothing found - no further action,False,
Person search,2016-12-10T09:15:00+00:00,,,51.500102,-3.206907,Male,10-17,White - White British (W1),White,Police and Criminal Evidence Act 1984 (section 1),Articles for use in criminal damage,Nothing found - no further action,False,
Person search,2016-12-10T10:47:00+00:00,,,51.601200,-3.341616,Female,25-34,White - White British (W1),White,Police and Criminal Evidence Act 1984 (section 1),Stolen goods,Suspect arrested,True,
Person search,2016-12-10T18:14:00+00:00,,,51.410563,-3.252012,Male,18-24,Not Stated (NS),Asian,Police and Criminal Evidence Act 1984 (section 1),,Suspect arrested,False,
Person search,2016-12-10T19:34:00+00:00,,,51.504617,-3.138486,Male,18-24,White - White British (W1),White,Police and Criminal Evidence Act 1984 (section 1),,Nothing found - no further action,False,
Person and Vehicle search,2016-12-10T22:23:00+00:00,,,51.541914,-3.204250,Male,18-24,White - White British (W1),White,Misuse of Drugs Act 1971 (section 23),Controlled drugs,Suspect arrested,False,
Person search,2016-12-10T22:48:00+00:00,,,51.720190,-3.854377,Male,25-34,White - White British (W1),White,Misuse of Drugs Act 1971 (section 23),Controlled drugs,Suspect arrested,True,
Person search,2016-12-10T23:03:00+00:00,,,51.391684,-3.275787,Male,10-17,White - White British (W1),White,Misuse of Drugs Act 1971 (section 23),Controlled drugs,Offender given drugs possession warning,True,
Person search,2016-12-10T23:04:00+00:00,,,51.401645,-3.271032,Male,18-24,Black or Black British - Caribbean (B1),Black,Misuse of Drugs Act 1971 (section 23),Controlled drugs,Nothing found - no further action,False,
Person and Vehicle search,2016-12-10T23:10:00+00:00,,,51.539750,-3.585795,Male,25-34,White - White British (W1),White,Misuse of Drugs Act 1971 (section 23),Controlled drugs,Suspect arrested,True,
Person and Vehicle search,2016-12-10T23:10:00+00:00,,,51.539750,-3.585795,Male,18-24,White - White British (W1),White,Misuse of Drugs Act 1971 (section 23),Controlled drugs,Suspect arrested,True,
Person search,2016-12-11T00:27:00+00:00,,,51.484079,-3.158713,Male,25-34,Mixed - White and Black Caribbean (M1),Black,Misuse of Drugs Act 1971 (section 23),Controlled drugs,Nothing found - no further action,False,
Person search,2016-12-11T00:29:00+00:00,,,51.484079,-3.158713,Male,over 34,Black or Black British - Caribbean (B1),Black,Misuse of Drugs Act 1971 (section 23),Controlled drugs,Suspect arrested,True,
Person search,2016-12-11T00:35:00+00:00,,,51.482928,-3.237014,Male,18-24,White - White British (W1),White,Misuse of Drugs Act 1971 (section 23),Controlled drugs,Nothing found - no further action,False,
Person search,2016-12-11T00:41:00+00:00,,,51.485320,-3.157737,Male,over 34,Black or Black British - Caribbean (B1),Black,Misuse of Drugs Act 1971 (section 23),,Nothing found - no further action,,
Person search,2016-12-11T02:44:00+00:00,,,51.579178,-3.544231,Male,25-34,White - White British (W1),White,,,,,
Person search,2016-12-11T03:40:00+00:00,,,51.621066,-3.946731,Male,18-24,White - White British (W1),White,Misuse of Drugs Act 1971 (section 23),Controlled drugs,Nothing found - no further action,False,
Person search,2016-12-11T12:57:00+00:00,,,51.526245,-3.575076,Male,18-24,Black or Black British - Any other Black ethnic background (B9),,Police and Criminal Evidence Act 1984 (section 1),Stolen goods,Nothing found - no further action,False,
Person search,2016-12-11T15:49:00+00:00,,,51.484079,-3.158713,Male,25-34,Black or Black British - Any other Black ethnic background (B9),Black,Misuse of Drugs Act 1971 (section 23),Controlled drugs,Nothing found - no further action,False,
Person search,2016-12-11T18:28:00+00:00,,,51.472745,-3.179894,Male,18-24,White - White British (W1),White,Police and Criminal Evidence Act 1984 (section 1),Article for use in theft,Nothing found - no further action,False,
Person search,2016-12-11T18:58:00+00:00,,,51.605381,-3.339285,Female,25-34,White - White British (W1),White,Police and Criminal Evidence Act 1984 (section 1),Stolen goods,Nothing found - no further action,False,
Person search,2016-12-11T20:14:00+00:00,,,51.481317,-3.197339,Male,25-34,White - Any other White ethnic background (W9),White,Police and Criminal Evidence Act 1984 (section 1),Stolen goods,Suspect arrested,True,
Person search,2016-12-11T20:47:00+00:00,,,51.604651,-3.340982,Male,over 34,White - White British (W1),White,Misuse of Drugs Act 1971 (section 23),Controlled drugs,Suspect arrested,True,
Person search,2016-12-11T20:55:00+00:00,,,51.477741,-3.177560,Male,over 34,White - White British (W1),White,Police and Criminal Evidence Act 1984 (section 1),Stolen goods,Nothing found - no further action,False,
Person search,2016-12-11T21:46:00+00:00,,,,,Male,over 34,Black or Black British - African (B2),Black,Police and Criminal Evidence Act 1984 (section 1),,Nothing found - no further action,False,
Person search,2016-12-11T22:24:00+00:00,,,51.480217,-3.237502,Male,10-17,Black or Black British - Any other Black ethnic background (B9),,Police and Criminal Evidence Act 1984 (section 1),,Nothing found - no further action,False,
Person search,2016-12-12T00:23:00+00:00,,,51.444137,-3.187488,Male,18-24,White - White British (W1),White,Police and Criminal Evidence Act 1984 (section 1),,Nothing found - no further action,False,
Person search,2016-12-12T00:23:00+00:00,,,51.444137,-3.187488,Male,25-34,White - White British (W1),White,Police and Criminal Evidence Act 1984 (section 1),,Nothing found - no further action,False,
Person and Vehicle search,2016-12-12T03:10:00+00:00,,,51.571163,-3.322998,Male,25-34,White - White British (W1),White,Misuse of Drugs Act 1971 (section 23),Controlled drugs,Nothing found - no further action,False,
Person and Vehicle search,2016-12-12T03:20:00+00:00,,,51.492084,-3.180105,Male,25-34,White - Any other White ethnic background (W9),White,Misuse of Drugs Act 1971 (section 23),Controlled drugs,Offender given penalty notice,False,
Person search,2016-12-12T03:50:00+00:00,,,51.481990,-3.203578,Male,25-34,White - White British (W1),White,Police and Criminal Evidence Act 1984 (section 1),,Suspect arrested,False,
Person search,2016-12-12T04:50:00+00:00,,,51.481990,-3.203578,Male,25-34,White - White British (W1),White,Misuse of Drugs Act 1971 (section 23),Controlled drugs,Suspect arrested,False,
Person search,2016-12-12T13:26:00+00:00,,,,,Male,18-24,White - White British (W1),White,Misuse of Drugs Act 1971 (section 23),Controlled drugs,Nothing found - no further action,False,
Person search,2016-12-12T17:33:00+00:00,,,51.510951,-3.237513,Male,18-24,Mixed - White and Asian (M3),Asian,Police and Criminal Evidence Act 1984 (section 1),,Nothing found - no further action,False,
Person search,2016-12-12T19:10:00+00:00,,,51.489263,-3.216833,Male,over 34,White - White British (W1),White,Police and Criminal Evidence Act 1984 (section 1),Article for use in theft,Nothing found - no further action,False,
Person search,2016-12-12T23:42:00+00:00,,,51.515210,-3.146735,Male,18-24,White - White British (W1),White,Police and Criminal Evidence Act 1984 (section 1),,Nothing found - no further action,False,
Person search,2016-12-13T02:30:00+00:00,,,51.664141,-3.512648,Male,over 34,White - White British (W1),White,Police and Criminal Evidence Act 1984 (section 1),Articles for use in criminal damage,Nothing found - no further action,False,
Person search,2016-12-13T02:49:00+00:00,,,51.583121,-3.473236,Male,25-34,White - White British (W1),White,Police and Criminal Evidence Act 1984 (section 1),Article for use in theft,Nothing found - no further action,False,
Person search,2016-12-13T05:39:00+00:00,,,51.621066,-3.946731,Female,over 34,White - White British (W1),White,Misuse of Drugs Act 1971 (section 23),Controlled drugs,Nothing found - no further action,False,
Person search,2016-12-13T06:20:00+00:00,,,51.620094,-3.945650,Male,over 34,White - White British (W1),White,,Article for use in theft,Nothing found - no further action,False,
Person and Vehicle search,2016-12-13T06:57:00+00:00,,,51.652188,-3.979536,Male,25-34,Not Stated (NS),Asian,Misuse of Drugs Act 1971 (section 23),Controlled drugs,Suspect arrested,True,
Person search,2016-12-13T13:03:00+00:00,,,,,Male,18-24,White - White British (W1),White,,,,,
Person search,2016-12-13T13:22:00+00:00,,,51.660259,-3.806355,Male,25-34,White - White British (W1),White,Police and Criminal Evidence Act 1984 (section 1),Stolen goods,Nothing found - no further action,False,
Person search,2016-12-13T14:09:00+00:00,,,51.618957,-3.937728,Male,18-24,,,,,,,
Person search,2016-12-13T14:29:00+00:00,,,51.496371,-3.585239,Male,over 34,White - White British (W1),White,Police and Criminal Evidence Act 1984 (section 1),Stolen goods,Nothing found - no further action,False,
Person and Vehicle search,2016-12-13T20:54:00+00:00,,,51.534538,-3.380040,Male,18-24,White - White British (W1),White,Misuse of Drugs Act 1971 (section 23),Controlled drugs,Nothing found - no further action,False,
Person search,2016-12-13T22:22:00+00:00,,,51.536307,-3.372567,Male,18-24,White - White British (W1),White,Misuse of Drugs Act 1971 (section 23),Controlled drugs,Offender given drugs possession warning,True,
Person search,2016-12-14T01:40:00+00:00,,,51.713901,-3.444176,Male,25-34,White - White British (W1),White,Misuse of Drugs Act 1971 (section 23),Controlled drugs,Nothing found - no further action,False,
Person search,2016-12-14T04:19:00+00:00,,,51.697383,-3.423566,Male,over 34,White - White British (W1),White,Misuse of Drugs Act 1971 (section 23),Controlled drugs,Nothing found - no further action,False,
Person search,2016-12-14T04:41:00+00:00,,,51.697383,-3.423566,Female,25-34,White - White British (W1),White,Misuse of Drugs Act 1971 (section 23),Controlled drugs,Nothing found - no further action,False,
Person search,2016-12-14T04:51:00+00:00,,,51.593568,-3.799044,Male,over 34,White - White British (W1),White,Police and Criminal Evidence Act 1984 (section 1),Article for use in theft,Nothing found - no further action,False,
Person search,2016-12-14T06:00:00+00:00,,,51.477501,-3.251929,Male,over 34,Not Stated (NS),White,Police and Criminal Evidence Act 1984 (section 1),Article for use in theft,Nothing found - no further action,False,
Person search,2016-12-14T22:11:00+00:00,,,51.481140,-3.179290,Female,18-24,White - White British (W1),White,Misuse of Drugs Act 1971 (section 23),Controlled drugs,Nothing found - no further action,False,
Person search,2016-12-14T22:23:00+00:00,,,51.481140,-3.179290,Female,18-24,White - White British (W1),White,Misuse of Drugs Act 1971 (section 23),Controlled drugs,Nothing found - no further action,False,
Person and Vehicle search,2016-12-14T23:19:00+00:00,,,51.562923,-3.741205,Male,18-24,White - White British (W1),White,Misuse of Drugs Act 1971 (section 23),Controlled drugs,Suspect arrested,False,
Person and Vehicle search,2016-12-14T23:19:00+00:00,,,51.562923,-3.741205,Male,18-24,White - White British (W1),Other,Misuse of Drugs Act 1971 (section 23),Controlled drugs,Offender given drugs possession warning,True,
Person search,2016-12-14T23:40:00+00:00,,,51.595491,-3.330490,Male,over 34,White - White British (W1),White,Police and Criminal Evidence Act 1984 (section 1),Article for use in theft,Nothing found - no further action,False,
Person and Vehicle search,2016-12-15T00:01:00+00:00,,,51.610776,-3.403177,Male,over 34,White - White British (W1),White,Police and Criminal Evidence Act 1984 (section 1),Article for use in theft,Nothing found - no further action,False,
Person search,2016-12-15T02:17:00+00:00,,,51.562564,-3.320036,Male,over 34,White - White British (W1),White,Police and Criminal Evidence Act 1984 (section 1),Offensive weapons,Suspect arrested,False,
Person search,2016-12-15T02:32:00+00:00,,,51.595634,-3.332111,Male,over 34,White - White British (W1),White,Police and Criminal Evidence Act 1984 (section 1),Article for use in theft,Nothing found - no further action,False,
Person search,2016-12-15T02:46:00+00:00,,,51.595634,-3.332111,Female,over 34,White - White British (W1),White,Police and Criminal Evidence Act 1984 (section 1),Article for use in theft,Nothing found - no further action,False,
Person search,2016-12-15T02:46:00+00:00,,,51.595634,-3.332111,Female,over 34,White - White British (W1),White,Police and Criminal Evidence Act 1984 (section 1),Article for use in theft,Nothing found - no further action,False,
Person search,2016-12-15T03:46:00+00:00,,,51.482261,-3.221730,Male,over 34,Not Stated (NS),White,Police and Criminal Evidence Act 1984 (section 1),Article for use in theft,Nothing found - no further action,False,
Person search,2016-12-15T04:37:00+00:00,,,,,Male,over 34,Not Stated (NS),White,Police and Criminal Evidence Act 1984 (section 1),Offensive weapons,Nothing found - no further action,False,
Person search,2016-12-15T05:05:00+00:00,,,51.480329,-3.242171,Male,over 34,Not Stated (NS),White,Police and Criminal Evidence Act 1984 (section 1),Article for use in theft,Nothing found - no further action,False,
Person search,2016-12-15T08:32:00+00:00,,,51.609023,-3.658858,Male,over 34,White - White British (W1),,Police and Criminal Evidence Act 1984 (section 1),Stolen goods,Nothing found - no further action,False,
Person search,2016-12-15T13:55:00+00:00,,,51.483915,-3.191200,Male,25-34,White - White British (W1),White,Police and Criminal Evidence Act 1984 (section 1),Stolen goods,Nothing found - no further action,False,
Person search,2016-12-15T14:00:00+00:00,,,51.468809,-3.189381,Male,over 34,Not Stated (NS),Other,Misuse of Drugs Act 1971 (section 23),Controlled drugs,Nothing found - no further action,False,
Person search,2016-12-15T14:04:00+00:00,,,,,Male,18-24,Mixed - White and Black Caribbean (M1),White,Misuse of Drugs Act 1971 (section 23),Controlled drugs,Nothing found - no further action,False,
Person search,2016-12-15T14:17:00+00:00,,,51.473811,-3.186516,Male,25-34,White - White British (W1),White,Police and Criminal Evidence Act 1984 (section 1),Stolen goods,Nothing found - no further action,False,
Person search,2016-12-15T14:22:00+00:00,,,51.473811,-3.186516,Male,over 34,White - White British (W1),White,Police and Criminal Evidence Act 1984 (section 1),Stolen goods,Nothing found - no further action,False,
Person search,2016-12-15T15:38:00+00:00,,,51.479355,-3.712011,Male,,Not Stated (NS),White,Misuse of Drugs Act 1971 (section 23),Controlled drugs,Nothing found - no further action,False,
Person search,2016-12-15T20:55:00+00:00,,,51.521579,-3.112835,Male,10-17,White - White British (W1),,Misuse of Drugs Act 1971 (section 23),Controlled drugs,Nothing found - no further action,False,
Person search,2016-12-15T21:53:00+00:00,,,51.598391,-3.782341,Male,over 34,White - White British (W1),White,Police and Criminal Evidence Act 1984 (section 1),Stolen goods,Nothing found - no further action,False,
Person search,2016-12-16T02:04:00+00:00,,,51.618948,-3.930693,Male,18-24,White - White British (W1),White,Police and Criminal Evidence Act 1984 (section 1),Article for use in theft,Nothing found - no further action,False,
Person search,2016-12-16T02:04:00+00:00,,,51.618948,-3.930693,Female,25-34,White - White British (W1),White,Police and Criminal Evidence Act 1984 (section 1),Article for use in theft,Nothing found - no further action,False,
Person search,2016-12-16T02:12:00+00:00,,,51.710258,-3.441367,Male,18-24,White - White British (W1),White,Misuse of Drugs Act 1971 (section 23),Controlled drugs,Nothing found - no further action,False,
Person search,2016-12-16T02:58:00+00:00,,,51.716597,-3.447215,Male,18-24,White - White British (W1),White,Police and Criminal Evidence Act 1984 (section 1),Stolen goods,Offender given drugs possession warning,False,
Person search,2016-12-16T03:03:00+00:00,,,51.711597,-3.443581,Male,18-24,White - White British (W1),White,Misuse of Drugs Act 1971 (section 23),Controlled drugs,Nothing found - no further action,False,
Person search,2016-12-16T04:47:00+00:00,,,51.414744,-3.257059,Male,over 34,White - White British (W1),White,Police and Criminal Evidence Act 1984 (section 1),Article for use in theft,Nothing found - no further action,False,
Person search,2016-12-16T05:33:00+00:00,,,51.520842,-3.171883,Male,18-24,Not Stated (NS),White,Police and Criminal Evidence Act 1984 (section 1),Article for use in theft,Nothing found - no further action,False,
Person search,2016-12-16T05:33:00+00:00,,,51.520842,-3.171883,Male,18-24,Not Stated (NS),Asian,Police and Criminal Evidence Act 1984 (section 1),Article for use in theft,Nothing found - no further action,False,
Person search,2016-12-16T06:45:00+00:00,,,51.414744,-3.257059,Male,25-34,Black or Black British - Any other Black ethnic background (B9),Black,Police and Criminal Evidence Act 1984 (section 1),,Nothing found - no further action,False,
Person and Vehicle search,2016-12-16T08:29:00+00:00,,,51.502714,-3.185350,Male,25-34,Not Stated (NS),Black,Misuse of Drugs Act 1971 (section 23),Controlled drugs,Nothing found - no further action,False,
Person search,2016-12-16T14:42:00+00:00,,,51.514813,-3.218998,Male,10-17,White - White British (W1),White,Police and Criminal Evidence Act 1984 (section 1),Article for use in theft,Nothing found - no further action,False,
Person search,2016-12-16T15:11:00+00:00,,,51.515363,-3.218062,Male,10-17,White - Any other White ethnic background (W9),White,Police and Criminal Evidence Act 1984 (section 1),Articles for use in criminal damage,Nothing found - no further action,False,
Person search,2016-12-16T17:22:00+00:00,,,51.489957,-3.178811,Male,over 34,Mixed - White and Black Caribbean (M1),White,Police and Criminal Evidence Act 1984 (section 1),Article for use in theft,Nothing found - no further action,False,
Person search,2016-12-16T18:31:00+00:00,,,,,Male,18-24,White - White British (W1),White,Misuse of Drugs Act 1971 (section 23),Controlled drugs,Offender given drugs possession warning,True,
Person search,2016-12-16T18:51:00+00:00,,,51.594570,-3.326031,Male,over 34,White - White British (W1),White,Police and Criminal Evidence Act 1984 (section 1),Stolen goods,Nothing found - no further action,False,
Person search,2016-12-16T20:32:00+00:00,,,51.568979,-3.419103,Male,18-24,White - White British (W1),White,Misuse of Drugs Act 1971 (section 23),Controlled drugs,Nothing found - no further action,False,
Person search,2016-12-16T20:32:00+00:00,,,51.568979,-3.419103,Male,18-24,White - White British (W1),White,Misuse of Drugs Act 1971 (section 23),Controlled drugs,Nothing found - no further action,False,
Person search,2016-12-16T21:15:00+00:00,,,51.476106,-3.182745,Male,over 34,White - White British (W1),White,Police and Criminal Evidence Act 1984 (section 1),Stolen goods,Nothing found - no further action,False,
Person and Vehicle search,2016-12-16T23:15:00+00:00,,,51.742395,-3.377632,Male,18-24,White - White British (W1),White,Misuse of Drugs Act 1971 (section 23),Controlled drugs,Suspect arrested,True,
Person search,2016-12-16T23:49:00+00:00,,,51.634478,-3.656435,Male,over 34,White - White British (W1),White,Misuse of Drugs Act 1971 (section 23),Controlled drugs,Nothing found - no further action,False,
Person search,2016-12-17T01:07:00+00:00,,,51.406450,-3.295406,Male,18-24,White - White British (W1),White,Misuse of Drugs Act 1971 (section 23),Controlled drugs,Nothing found - no further action,False,
Person search,2016-12-17T02:04:00+00:00,,,51.489957,-3.178811,Male,10-17,Black or Black British - African (B2),Black,Misuse of Drugs Act 1971 (section 23),Controlled drugs,Suspect arrested,True,
Person search,2016-12-17T02:14:00+00:00,,,51.638850,-3.648646,Male,over 34,White - White British (W1),,Police and Criminal Evidence Act 1984 (section 1),,Nothing found - no further action,False,
Person search,2016-12-17T02:19:00+00:00,,,51.604997,-3.649758,Male,10-17,White - White British (W1),White,Police and Criminal Evidence Act 1984 (section 1),Article for use in theft,Suspect arrested,False,
Person search,2016-12-17T02:21:00+00:00,,,51.480799,-3.179266,Male,18-24,White - White British (W1),,Police and Criminal Evidence Act 1984 (section 1),Offensive weapons,Nothing found - no further action,False,
Person search,2016-12-17T03:39:00+00:00,,,51.599883,-3.341982,Male,18-24,White - White British (W1),White,Misuse of Drugs Act 1971 (section 23),Controlled drugs,Nothing found - no further action,False,
Person search,2016-12-17T13:16:00+00:00,,,,,Male,25-34,White - White British (W1),White,Misuse of Drugs Act 1971 (section 23),Controlled drugs,Nothing found - no further action,False,
Person and Vehicle search,2016-12-17T16:48:00+00:00,,,51.622801,-3.981681,Female,over 34,White - White British (W1),White,Misuse of Drugs Act 1971 (section 23),Controlled drugs,Nothing found - no further action,False,
Person search,2016-12-17T19:09:00+00:00,,,51.495062,-3.165561,Male,over 34,White - White British (W1),White,Police and Criminal Evidence Act 1984 (section 1),Stolen goods,Nothing found - no further action,False,
Person search,2016-12-17T19:51:00+00:00,,,,,Male,18-24,White - White British (W1),White,,,,,
Person search,2016-12-17T19:51:00+00:00,,,,,Male,18-24,White - White British (W1),White,,,,,
Person search,2016-12-17T19:51:00+00:00,,,,,Male,18-24,,White,,,,,
Person search,2016-12-17T20:04:00+00:00,,,51.516298,-3.581867,Male,over 34,White - White British (W1),White,Misuse of Drugs Act 1971 (section 23),Controlled drugs,Nothing found - no further action,False,
Person search,2016-12-17T20:33:00+00:00,,,51.632158,-4.060263,Male,over 34,White - White British (W1),White,,Offensive weapons,Suspect arrested,False,
Person search,2016-12-17T22:50:00+00:00,,,51.395821,-3.287272,Male,25-34,White - White British (W1),White,Police and Criminal Evidence Act 1984 (section 1),Article for use in theft,Suspect arrested,False,
Person search,2016-12-18T00:43:00+00:00,,,51.746393,-3.379448,Male,25-34,White - White British (W1),White,Misuse of Drugs Act 1971 (section 23),Controlled drugs,Nothing found - no further action,False,
Person search,2016-12-18T00:54:00+00:00,,,51.746393,-3.379448,Male,over 34,White - White British (W1),White,Misuse of Drugs Act 1971 (section 23),Controlled drugs,Suspect arrested,True,
Person search,2016-12-18T01:03:00+00:00,,,51.718195,-3.453230,Male,25-34,White - White British (W1),White,Misuse of Drugs Act 1971 (section 23),Controlled drugs,Nothing found - no further action,False,
Person search,2016-12-18T01:56:00+00:00,,,51.609023,-3.658858,Male,18-24,White - White British (W1),White,Misuse of Drugs Act 1971 (section 23),,Nothing found - no further action,,
Person search,2016-12-18T02:00:00+00:00,,,51.591828,-3.780496,Male,18-24,White - White British (W1),White,Misuse of Drugs Act 1971 (section 23),Controlled drugs,Nothing found - no further action,False,
Person search,2016-12-18T02:06:00+00:00,,,51.593789,-3.477292,Male,18-24,White - White British (W1),White,Police and Criminal Evidence Act 1984 (section 1),Stolen goods,Nothing found - no further action,False,
Person search,2016-12-18T02:10:00+00:00,,,51.609023,-3.658858,Male,18-24,White - White British (W1),White,Misuse of Drugs Act 1971 (section 23),Controlled drugs,Nothing found - no further action,False,
Person search,2016-12-18T04:07:00+00:00,,,51.599883,-3.341982,Male,18-24,White - White British (W1),White,Misuse of Drugs Act 1971 (section 23),Controlled drugs,Nothing found - no further action,False,
Person search,2016-12-18T05:44:00+00:00,,,51.482183,-3.190017,Female,18-24,White - White British (W1),White,Police and Criminal Evidence Act 1984 (section 1),,Suspect arrested,False,
Person search,2016-12-18T06:25:00+00:00,,,51.480799,-3.179266,Male,18-24,White - White British (W1),White,Misuse of Drugs Act 1971 (section 23),Controlled drugs,Suspect arrested,True,
Person and Vehicle search,2016-12-18T08:46:00+00:00,,,51.489129,-3.171732,Male,18-24,Asian or Asian British - Pakistani (A2),Asian,Misuse of Drugs Act 1971 (section 23),Controlled drugs,Suspect arrested,True,
Person and Vehicle search,2016-12-18T08:46:00+00:00,,,51.489129,-3.171732,Male,18-24,Asian or Asian British - Any other Asian ethnic background (A9),Other,Misuse of Drugs Act 1971 (section 23),Controlled drugs,Suspect arrested,True,
Person search,2016-12-18T17:10:00+00:00,,,51.508557,-3.576440,Male,over 34,White - White British (W1),White,Misuse of Drugs Act 1971 (section 23),Controlled drugs,Nothing found - no further action,False,
Person search,2016-12-18T17:11:00+00:00,,,51.513049,-3.198272,Male,10-17,White - White British (W1),White,Police and Criminal Evidence Act 1984 (section 1),,Nothing found - no further action,False,
Person search,2016-12-18T17:11:00+00:00,,,51.513049,-3.198272,Male,10-17,White - White British (W1),White,Police and Criminal Evidence Act 1984 (section 1),,Nothing found - no further action,False,
Person search,2016-12-18T17:11:00+00:00,,,51.513049,-3.198272,Male,10-17,White - White British (W1),White,Police and Criminal Evidence Act 1984 (section 1),,Nothing found - no further action,False,
Person search,2016-12-18T17:11:00+00:00,,,51.513049,-3.198272,Male,10-17,White - White British (W1),White,Police and Criminal Evidence Act 1984 (section 1),,Nothing found - no further action,False,
Person search,2016-12-18T18:15:00+00:00,,,51.478822,-3.173758,Male,over 34,White - Any other White ethnic background (W9),White,Police and Criminal Evidence Act 1984 (section 1),Article for use in theft,Nothing found - no further action,False,
Person search,2016-12-18T18:31:00+00:00,,,51.488782,-3.210281,Male,10-17,White - White British (W1),White,Police and Criminal Evidence Act 1984 (section 1),Article for use in theft,Nothing found - no further action,False,
Person search,2016-12-18T18:31:00+00:00,,,51.488782,-3.210281,Male,18-24,White - White British (W1),White,Police and Criminal Evidence Act 1984 (section 1),Article for use in theft,Nothing found - no further action,False,
Person search,2016-12-18T19:01:00+00:00,,,51.529184,-3.150286,Male,10-17,White - White British (W1),White,Police and Criminal Evidence Act 1984 (section 1),Articles for use in criminal damage,Nothing found - no further action,False,
Person search,2016-12-18T20:42:00+00:00,,,51.501111,-3.556243,Male,25-34,White - White British (W1),White,Misuse of Drugs Act 1971 (section 23),Controlled drugs,Nothing found - no further action,False,
Person search,2016-12-18T20:42:00+00:00,,,51.501111,-3.556243,Male,18-24,Black or Black British - Any other Black ethnic background (B9),Black,Misuse of Drugs Act 1971 (section 23),Controlled drugs,Suspect arrested,True,
Person search,2016-12-18T22:04:00+00:00,,,,,Male,18-24,Not Stated (NS),Asian,Misuse of Drugs Act 1971 (section 23),Controlled drugs,Nothing found - no further action,False,
Person search,2016-12-18T22:04:00+00:00,,,,,Male,18-24,White - White British (W1),White,Misuse of Drugs Act 1971 (section 23),Controlled drugs,Offender given drugs possession warning,True,
Person search,2016-12-18T22:46:00+00:00,,,,,Male,,Not Stated (NS),Black,Police and Criminal Evidence Act 1984 (section 1),,Nothing found - no further action,False,
Person search,2016-12-18T22:56:00+00:00,,,51.476797,-3.173965,Male,over 34,White - White British (W1),White,Police and Criminal Evidence Act 1984 (section 1),Stolen goods,Nothing found - no further action,False,
Person and Vehicle search,2016-12-19T01:59:00+00:00,,,51.481305,-3.238324,Male,25-34,White - White British (W1),White,Misuse of Drugs Act 1971 (section 23),Controlled drugs,Nothing found - no further action,False,
Person search,2016-12-19T02:26:00+00:00,,,51.535459,-3.136560,Male,25-34,White - White British (W1),White,Misuse of Drugs Act 1971 (section 23),Controlled drugs,Nothing found - no further action,False,
Person search,2016-12-19T04:28:00+00:00,,,51.476705,-3.202546,Male,25-34,White - White British (W1),White,Police and Criminal Evidence Act 1984 (section 1),Article for use in theft,Nothing found - no further action,False,
Person search,2016-12-19T06:05:00+00:00,,,51.659924,-3.888784,Male,10-17,White - White British (W1),White,Police and Criminal Evidence Act 1984 (section 1),,Nothing found - no further action,False,
Person search,2016-12-19T06:05:00+00:00,,,51.659924,-3.888784,Male,10-17,White - White British (W1),White,Police and Criminal Evidence Act 1984 (section 1),,Nothing found - no further action,False,
Person search,2016-12-19T06:05:00+00:00,,,51.659924,-3.888784,Male,10-17,White - White British (W1),White,Police and Criminal Evidence Act 1984 (section 1),,Nothing found - no further action,False,
Person and Vehicle search,2016-12-19T06:27:00+00:00,,,51.465554,-3.176037,Male,25-34,Asian or Asian British - Any other Asian ethnic background (A9),Asian,Misuse of Drugs Act 1971 (section 23),Controlled drugs,Nothing found - no further action,False,
Person and Vehicle search,2016-12-19T09:55:00+00:00,,,,,Male,18-24,White - White British (W1),White,Misuse of Drugs Act 1971 (section 23),Controlled drugs,Offender given drugs possession warning,True,
Person search,2016-12-19T09:55:00+00:00,,,51.482110,-3.168643,Male,10-17,White - White British (W1),White,Misuse of Drugs Act 1971 (section 23),Controlled drugs,Nothing found - no further action,False,
Person and Vehicle search,2016-12-19T09:55:00+00:00,,,,,Male,18-24,White - White British (W1),White,Misuse of Drugs Act 1971 (section 23),Controlled drugs,Offender given drugs possession warning,True,
Person search,2016-12-19T13:52:00+00:00,,,,,Male,18-24,White - White British (W1),White,Police and Criminal Evidence Act 1984 (section 1),,Nothing found - no further action,False,
Person search,2016-12-19T13:57:00+00:00,,,51.662124,-3.806747,Female,10-17,White - White British (W1),White,Police and Criminal Evidence Act 1984 (section 1),Controlled drugs,Nothing found - no further action,False,
Person search,2016-12-19T14:03:00+00:00,,,51.664190,-3.803359,Female,over 34,White - White British (W1),White,Police and Criminal Evidence Act 1984 (section 1),,Nothing found - no further action,False,
Person search,2016-12-19T14:14:00+00:00,,,51.598937,-3.341376,Male,18-24,White - White British (W1),White,Misuse of Drugs Act 1971 (section 23),Controlled drugs,Nothing found - no further action,False,
Person search,2016-12-19T14:14:00+00:00,,,51.598937,-3.341376,Male,25-34,White - White British (W1),White,Misuse of Drugs Act 1971 (section 23),Controlled drugs,Nothing found - no further action,False,
Person search,2016-12-19T15:03:00+00:00,,,51.403154,-3.273633,Male,over 34,White - Any other White ethnic background (W9),White,Police and Criminal Evidence Act 1984 (section 1),,Suspect arrested,False,
Person search,2016-12-19T15:41:00+00:00,,,51.666017,-3.804458,Male,18-24,White - White British (W1),White,Police and Criminal Evidence Act 1984 (section 1),,Nothing found - no further action,False,
Person search,2016-12-19T15:54:00+00:00,,,51.712806,-3.444734,Female,25-34,White - White British (W1),White,Police and Criminal Evidence Act 1984 (section 1),Offensive weapons,Nothing found - no further action,False,
Person search,2016-12-19T16:59:00+00:00,,,51.610638,-3.329301,Male,over 34,White - White British (W1),White,Misuse of Drugs Act 1971 (section 23),Controlled drugs,Nothing found - no further action,False,
Person search,2016-12-19T16:59:00+00:00,,,51.610638,-3.329301,Male,25-34,White - White British (W1),White,Misuse of Drugs Act 1971 (section 23),Controlled drugs,Nothing found - no further action,False,
Person search,2016-12-19T23:31:00+00:00,,,,,Male,18-24,Black or Black British - African (B2),Black,Police and Criminal Evidence Act 1984 (section 1),Offensive weapons,Nothing found - no further action,False,
Person search,2016-12-20T04:29:00+00:00,,,51.492745,-3.139660,Male,18-24,White - White British (W1),White,Police and Criminal Evidence Act 1984 (section 1),Stolen goods,Nothing found - no further action,False,
Person search,2016-12-20T07:58:00+00:00,,,51.696882,-3.427761,Male,10-17,White - White British (W1),White,Police and Criminal Evidence Act 1984 (section 1),Article for use in theft,Nothing found - no further action,False,
Person and Vehicle search,2016-12-20T09:51:00+00:00,,,51.645882,-4.045275,Male,18-24,Not Stated (NS),White,Misuse of Drugs Act 1971 (section 23),Controlled drugs,Suspect arrested,True,
Person and Vehicle search,2016-12-20T09:51:00+00:00,,,51.645882,-4.045275,Male,25-34,Not Stated (NS),White,Misuse of Drugs Act 1971 (section 23),Controlled drugs,Suspect arrested,False,
Person search,2016-12-20T14:15:00+00:00,,,,,Male,over 34,White - White British (W1),White,Police and Criminal Evidence Act 1984 (section 1),,Nothing found - no further action,False,
Person search,2016-12-20T15:34:00+00:00,,,51.477572,-3.260355,Male,25-34,White - White British (W1),White,Police and Criminal Evidence Act 1984 (section 1),,Suspect arrested,False,
Person search,2016-12-20T15:50:00+00:00,,,51.483701,-3.231072,Male,25-34,Black or Black British - Caribbean (B1),Black,Misuse of Drugs Act 1971 (section 23),Controlled drugs,Nothing found - no further action,False,
Person search,2016-12-20T16:01:00+00:00,,,51.478575,-3.191147,Male,over 34,White - White British (W1),White,Misuse of Drugs Act 1971 (section 23),Controlled drugs,Nothing found - no further action,False,
Person search,2016-12-20T16:09:00+00:00,,,51.478575,-3.191147,Male,25-34,Asian or Asian British - Any other Asian ethnic background (A9),Asian,Misuse of Drugs Act 1971 (section 23),Controlled drugs,Suspect arrested,True,
Person search,2016-12-20T16:16:00+00:00,,,51.479122,-3.255847,Male,18-24,White - White British (W1),White,Police and Criminal Evidence Act 1984 (section 1),,Suspect arrested,False,
Person search,2016-12-20T16:58:00+00:00,,,51.481317,-3.197339,Male,25-34,White - White British (W1),White,Police and Criminal Evidence Act 1984 (section 1),,Nothing found - no further action,False,
Person search,2016-12-20T16:58:00+00:00,,,51.481317,-3.197339,Male,18-24,White - White British (W1),White,Police and Criminal Evidence Act 1984 (section 1),,Nothing found - no further action,False,
Person search,2016-12-20T16:58:00+00:00,,,51.481317,-3.197339,Male,25-34,White - White British (W1),White,Police and Criminal Evidence Act 1984 (section 1),,Nothing found - no further action,False,
Person search,2016-12-20T16:58:00+00:00,,,51.481317,-3.197339,Male,25-34,White - White British (W1),White,Police and Criminal Evidence Act 1984 (section 1),,Nothing found - no further action,False,
Person and Vehicle search,2016-12-20T20:30:00+00:00,,,51.484048,-3.161838,Male,25-34,Not Stated (NS),,Misuse of Drugs Act 1971 (section 23),Controlled drugs,Nothing found - no further action,False,
Person search,2016-12-20T21:49:00+00:00,,,51.463935,-3.182287,Male,over 34,White - White British (W1),White,Police and Criminal Evidence Act 1984 (section 1),Article for use in theft,Nothing found - no further action,False,
Person and Vehicle search,2016-12-20T22:11:00+00:00,,,51.479192,-3.188830,Male,25-34,Asian or Asian British - Any other Asian ethnic background (A9),Other,Misuse of Drugs Act 1971 (section 23),Controlled drugs,Nothing found - no further action,False,
Person and Vehicle search,2016-12-20T22:11:00+00:00,,,51.479192,-3.188830,Male,18-24,Asian or Asian British - Any other Asian ethnic background (A9),Other,Misuse of Drugs Act 1971 (section 23),Controlled drugs,Nothing found - no further action,False,
Person search,2016-12-20T23:22:00+00:00,,,51.491702,-3.239801,Male,10-17,White - White British (W1),White,Police and Criminal Evidence Act 1984 (section 1),Article for use in theft,Nothing found - no further action,False,
Person search,2016-12-20T23:22:00+00:00,,,51.491702,-3.239801,Male,10-17,White - White British (W1),White,Police and Criminal Evidence Act 1984 (section 1),Article for use in theft,Nothing found - no further action,False,
Person search,2016-12-20T23:22:00+00:00,,,51.491702,-3.239801,Male,10-17,White - White British (W1),White,Police and Criminal Evidence Act 1984 (section 1),Article for use in theft,Nothing found - no further action,False,
Person search,2016-12-21T01:16:00+00:00,,,51.468040,-3.194241,Male,25-34,White - White British (W1),White,Police and Criminal Evidence Act 1984 (section 1),,Nothing found - no further action,False,
Person search,2016-12-21T03:09:00+00:00,,,51.475630,-3.248580,Male,25-34,Mixed - Any other Mixed ethnic background (M9),Black,Misuse of Drugs Act 1971 (section 23),Controlled drugs,Nothing found - no further action,False,
Person and Vehicle search,2016-12-21T03:16:00+00:00,,,51.469629,-3.258106,Male,25-34,Black or Black British - Caribbean (B1),Black,Misuse of Drugs Act 1971 (section 23),Controlled drugs,Nothing found - no further action,False,
Person and Vehicle search,2016-12-21T03:16:00+00:00,,,51.469629,-3.258106,Male,25-34,White - White British (W1),White,Misuse of Drugs Act 1971 (section 23),Controlled drugs,Nothing found - no further action,False,
Person search,2016-12-21T04:15:00+00:00,,,51.629779,-3.821283,Male,25-34,White - White British (W1),White,,,,,
Person search,2016-12-21T05:43:00+00:00,,,51.661113,-3.884192,Male,over 34,White - White British (W1),White,Police and Criminal Evidence Act 1984 (section 1),Stolen goods,Nothing found - no further action,False,
Person search,2016-12-21T17:23:00+00:00,,,,,Male,over 34,White - White British (W1),White,Misuse of Drugs Act 1971 (section 23),Controlled drugs,Offender given drugs possession warning,True,
Person search,2016-12-21T21:10:00+00:00,,,51.473246,-3.211007,Male,10-17,Mixed - White and Black Caribbean (M1),,Police and Criminal Evidence Act 1984 (section 1),Stolen goods,Nothing found - no further action,False,
Person search,2016-12-21T21:26:00+00:00,,,51.589657,-3.311929,Male,over 34,White - White British (W1),White,Police and Criminal Evidence Act 1984 (section 1),Offensive weapons,Nothing found - no further action,False,
Person and Vehicle search,2016-12-21T23:38:00+00:00,,,51.492925,-3.173371,Male,18-24,White - White British (W1),White,Misuse of Drugs Act 1971 (section 23),Controlled drugs,Nothing found - no further action,False,
Person and Vehicle search,2016-12-21T23:38:00+00:00,,,51.492925,-3.173371,Male,18-24,White - White British (W1),White,Misuse of Drugs Act 1971 (section 23),Controlled drugs,Nothing found - no further action,False,
Person search,2016-12-21T23:45:00+00:00,,,51.481683,-3.145389,Male,18-24,White - White British (W1),White,Police and Criminal Evidence Act 1984 (section 1),Article for use in theft,Nothing found - no further action,False,
Person search,2016-12-21T23:57:00+00:00,,,51.493748,-3.175639,Male,10-17,White - Any other White ethnic background (W9),White,Misuse of Drugs Act 1971 (section 23),Controlled drugs,Nothing found - no further action,False,
Person search,2016-12-22T01:19:00+00:00,,,51.415604,-3.264876,Male,10-17,White - White British (W1),White,Police and Criminal Evidence Act 1984 (section 1),,Nothing found - no further action,False,
Person search,2016-12-22T01:35:00+00:00,,,51.569890,-3.326655,Male,18-24,White - White British (W1),White,Misuse of Drugs Act 1971 (section 23),Controlled drugs,Nothing found - no further action,False,
Person search,2016-12-22T01:38:00+00:00,,,51.415604,-3.264876,Male,18-24,White - White British (W1),White,Police and Criminal Evidence Act 1984 (section 1),,Nothing found - no further action,False,
Person search,2016-12-22T01:38:00+00:00,,,51.415604,-3.264876,Male,18-24,White - White British (W1),White,Police and Criminal Evidence Act 1984 (section 1),,Nothing found - no further action,False,
Person search,2016-12-22T08:36:00+00:00,,,51.392268,-3.289012,Male,18-24,White - White British (W1),White,Police and Criminal Evidence Act 1984 (section 1),Offensive weapons,Nothing found - no further action,False,
Person search,2016-12-22T12:57:00+00:00,,,51.485729,-3.160023,Male,18-24,White - White British (W1),White,Misuse of Drugs Act 1971 (section 23),Controlled drugs,Suspect arrested,True,
Person search,2016-12-22T15:45:00+00:00,,,51.481140,-3.179290,Male,10-17,White - White British (W1),White,Misuse of Drugs Act 1971 (section 23),Controlled drugs,Nothing found - no further action,False,
Person search,2016-12-22T15:45:00+00:00,,,51.481140,-3.179290,Male,18-24,White - White British (W1),White,Misuse of Drugs Act 1971 (section 23),Controlled drugs,Nothing found - no further action,False,
Person search,2016-12-22T15:45:00+00:00,,,51.481140,-3.179290,Male,10-17,White - White British (W1),White,Misuse of Drugs Act 1971 (section 23),Controlled drugs,Nothing found - no further action,False,
Person search,2016-12-22T17:39:00+00:00,,,,,Female,25-34,White - White British (W1),White,Misuse of Drugs Act 1971 (section 23),Controlled drugs,Nothing found - no further action,False,
Person search,2016-12-22T19:10:00+00:00,,,,,Male,,,,,,,,
Person search,2016-12-22T19:10:00+00:00,,,,,Male,18-24,,,,,,,
Person search,2016-12-23T03:05:00+00:00,,,51.517879,-3.121796,Male,18-24,Black or Black British - Any other Black ethnic background (B9),Black,Misuse of Drugs Act 1971 (section 23),Controlled drugs,Nothing found - no further action,False,
Person search,2016-12-23T03:05:00+00:00,,,51.518987,-3.124331,Male,18-24,White - White British (W1),White,Misuse of Drugs Act 1971 (section 23),Controlled drugs,Nothing found - no further action,False,
Person search,2016-12-23T03:05:00+00:00,,,51.517879,-3.121796,Male,10-17,White - White British (W1),White,Misuse of Drugs Act 1971 (section 23),Controlled drugs,Nothing found - no further action,False,
Person search,2016-12-23T03:05:00+00:00,,,51.518987,-3.124331,Male,10-17,Asian or Asian British - Any other Asian ethnic background (A9),Asian,Misuse of Drugs Act 1971 (section 23),Controlled drugs,Nothing found - no further action,False,
Person search,2016-12-23T03:34:00+00:00,,,51.524666,-3.180573,Male,10-17,Not Stated (NS),White,Misuse of Drugs Act 1971 (section 23),Controlled drugs,Nothing found - no further action,False,
Person search,2016-12-23T03:34:00+00:00,,,51.524666,-3.180573,Male,10-17,Not Stated (NS),White,Misuse of Drugs Act 1971 (section 23),Controlled drugs,Nothing found - no further action,False,
Person search,2016-12-23T03:34:00+00:00,,,51.524666,-3.180573,Male,10-17,Not Stated (NS),White,Misuse of Drugs Act 1971 (section 23),Controlled drugs,Nothing found - no further action,False,
Person search,2016-12-23T06:19:00+00:00,,,51.622022,-3.936183,Male,25-34,White - White British (W1),White,,,,,
Person search,2016-12-23T12:35:00+00:00,,,51.480111,-3.151700,Male,25-34,White - White British (W1),White,Police and Criminal Evidence Act 1984 (section 1),,Nothing found - no further action,False,
Person search,2016-12-23T19:08:00+00:00,,,51.516652,-3.111822,Male,25-34,White - White British (W1),White,Police and Criminal Evidence Act 1984 (section 1),,Nothing found - no further action,False,
Person search,2016-12-23T21:56:00+00:00,,,51.485729,-3.160023,Male,18-24,White - White British (W1),White,Misuse of Drugs Act 1971 (section 23),Controlled drugs,Suspect arrested,True,
Person search,2016-12-23T22:16:00+00:00,,,51.405792,-3.268387,Male,over 34,White - White British (W1),White,Misuse of Drugs Act 1971 (section 23),Controlled drugs,Offender given drugs possession warning,True,
Person search,2016-12-23T22:17:00+00:00,,,51.593568,-3.799044,Male,25-34,White - White British (W1),White,Misuse of Drugs Act 1971 (section 23),Controlled drugs,Suspect arrested,False,
Person search,2016-12-23T22:36:00+00:00,,,51.597717,-3.781693,Male,over 34,White - White British (W1),White,Misuse of Drugs Act 1971 (section 23),Controlled drugs,Suspect arrested,False,
Person search,2016-12-23T22:46:00+00:00,,,51.634021,-3.950133,Male,over 34,White - White British (W1),White,Misuse of Drugs Act 1971 (section 23),Controlled drugs,Suspect arrested,False,
Person search,2016-12-23T22:47:00+00:00,,,51.636658,-3.952168,Male,over 34,White - White British (W1),White,Police and Criminal Evidence Act 1984 (section 1),Stolen goods,Suspect arrested,True,
Person search,2016-12-24T01:09:00+00:00,,,51.485312,-3.154899,Male,10-17,White - White British (W1),White,Police and Criminal Evidence Act 1984 (section 1),Article for use in theft,Nothing found - no further action,False,
Person search,2016-12-24T05:34:00+00:00,,,,,Male,18-24,White - White British (W1),White,Police and Criminal Evidence Act 1984 (section 1),Article for use in theft,Nothing found - no further action,False,
Person search,2016-12-24T05:39:00+00:00,,,,,Male,18-24,White - White British (W1),White,Police and Criminal Evidence Act 1984 (section 1),Article for use in theft,Nothing found - no further action,False,
Person search,2016-12-24T06:17:00+00:00,,,51.476705,-3.202546,Male,25-34,Not Stated (NS),White,Police and Criminal Evidence Act 1984 (section 1),Article for use in theft,Nothing found - no further action,False,
Person search,2016-12-24T07:18:00+00:00,,,51.511269,-3.110538,Female,25-34,White - White British (W1),White,Misuse of Drugs Act 1971 (section 23),Controlled drugs,Nothing found - no further action,False,
Person search,2016-12-24T07:18:00+00:00,,,51.511269,-3.110538,Male,over 34,White - White British (W1),White,Police and Criminal Evidence Act 1984 (section 1),Offensive weapons,Nothing found - no further action,False,
Person search,2016-12-24T13:06:00+00:00,,,51.607734,-3.340278,Male,over 34,White - White British (W1),White,Misuse of Drugs Act 1971 (section 23),Controlled drugs,Nothing found - no further action,False,
Person search,2016-12-24T17:32:00+00:00,,,51.618374,-3.946920,Male,18-24,White - White British (W1),White,Police and Criminal Evidence Act 1984 (section 1),Article for use in theft,Nothing found - no further action,False,
Person search,2016-12-24T22:45:00+00:00,,,51.476705,-3.202546,Male,over 34,White - White British (W1),White,Police and Criminal Evidence Act 1984 (section 1),,Suspect arrested,False,
Person and Vehicle search,2016-12-24T23:22:00+00:00,,,51.486678,-3.136585,Male,18-24,White - White British (W1),White,Misuse of Drugs Act 1971 (section 23),Controlled drugs,Nothing found - no further action,False,
Person search,2016-12-25T00:55:00+00:00,,,,,,,,,,,,,
Person search,2016-12-25T01:06:00+00:00,,,51.664555,-3.798891,Male,over 34,White - White British (W1),White,Misuse of Drugs Act 1971 (section 23),Controlled drugs,Nothing found - no further action,False,
Person search,2016-12-25T01:08:00+00:00,,,,,Male,25-34,White - White British (W1),White,Misuse of Drugs Act 1971 (section 23),Controlled drugs,Nothing found - no further action,False,
Person search,2016-12-25T15:18:00+00:00,,,51.713901,-3.444176,Male,18-24,White - White British (W1),White,Misuse of Drugs Act 1971 (section 23),Controlled drugs,Nothing found - no further action,False,
Person search,2016-12-25T23:03:00+00:00,,,51.403154,-3.273633,Male,over 34,White - White British (W1),White,Police and Criminal Evidence Act 1984 (section 1),Offensive weapons,Nothing found - no further action,False,
Person search,2016-12-25T23:25:00+00:00,,,51.410563,-3.252012,Male,over 34,White - White British (W1),White,Police and Criminal Evidence Act 1984 (section 1),,Nothing found - no further action,False,
Person and Vehicle search,2016-12-25T23:31:00+00:00,,,51.495872,-3.187881,Male,18-24,Asian or Asian British - Any other Asian ethnic background (A9),Other,Misuse of Drugs Act 1971 (section 23),Controlled drugs,Nothing found - no further action,False,
Person and Vehicle search,2016-12-25T23:31:00+00:00,,,51.495872,-3.187881,Male,18-24,Asian or Asian British - Any other Asian ethnic background (A9),Other,Misuse of Drugs Act 1971 (section 23),Controlled drugs,Nothing found - no further action,False,
Person search,2016-12-25T23:38:00+00:00,,,51.483915,-3.220968,Male,over 34,White - White British (W1),White,Police and Criminal Evidence Act 1984 (section 1),Article for use in theft,Nothing found - no further action,False,
Person and Vehicle search,2016-12-26T01:39:00+00:00,,,51.546379,-3.708037,Male,18-24,White - White British (W1),White,Misuse of Drugs Act 1971 (section 23),,Offender given drugs possession warning,,
Person search,2016-12-26T04:10:00+00:00,,,51.619906,-3.943460,Male,18-24,White - White British (W1),White,Police and Criminal Evidence Act 1984 (section 1),Article for use in theft,Nothing found - no further action,False,
Person search,2016-12-26T06:01:00+00:00,,,51.619929,-3.942046,,,,,,,,,
Person search,2016-12-26T06:13:00+00:00,,,51.619929,-3.942046,Male,18-24,White - White British (W1),White,Misuse of Drugs Act 1971 (section 23),Controlled drugs,Nothing found - no further action,False,
Person search,2016-12-26T13:46:00+00:00,,,51.620387,-3.938844,Male,18-24,White - White British (W1),White,Misuse of Drugs Act 1971 (section 23),Controlled drugs,Nothing found - no further action,False,
Person and Vehicle search,2016-12-26T15:35:00+00:00,,,51.511450,-3.181312,Male,18-24,Black or Black British - Caribbean (B1),Black,Misuse of Drugs Act 1971 (section 23),Controlled drugs,Suspect arrested,True,
Person search,2016-12-26T19:41:00+00:00,,,51.662244,-3.950405,Male,over 34,Black or Black British - African (B2),Black,Police and Criminal Evidence Act 1984 (section 1),Article for use in theft,Nothing found - no further action,False,
Person search,2016-12-26T22:59:00+00:00,,,51.437496,-3.179949,Male,10-17,White - White British (W1),White,Misuse of Drugs Act 1971 (section 23),Controlled drugs,Suspect arrested,True,
Person search,2016-12-26T22:59:00+00:00,,,51.437496,-3.179949,Female,,,,,,,,
Person search,2016-12-27T00:50:00+00:00,,,,,Female,over 34,White - White British (W1),White,Police and Criminal Evidence Act 1984 (section 1),Offensive weapons,Nothing found - no further action,False,
Person search,2016-12-27T11:35:00+00:00,,,,,Male,25-34,White - Any other White ethnic background (W9),White,Misuse of Drugs Act 1971 (section 23),Controlled drugs,Suspect arrested,True,
Person search,2016-12-27T16:01:00+00:00,,,51.418958,-3.267443,Male,25-34,White - White British (W1),White,Misuse of Drugs Act 1971 (section 23),Controlled drugs,Nothing found - no further action,False,
Person search,2016-12-27T16:01:00+00:00,,,51.418958,-3.267443,Female,18-24,White - White British (W1),White,Misuse of Drugs Act 1971 (section 23),Controlled drugs,Nothing found - no further action,False,
Person search,2016-12-27T21:37:00+00:00,,,51.515170,-3.106914,Male,18-24,White - White British (W1),White,Misuse of Drugs Act 1971 (section 23),Controlled drugs,Nothing found - no further action,False,
Person search,2016-12-27T23:49:00+00:00,,,51.578366,-3.292251,Male,25-34,White - White British (W1),White,Police and Criminal Evidence Act 1984 (section 1),Stolen goods,Nothing found - no further action,False,
Person search,2016-12-28T00:31:00+00:00,,,51.488183,-3.164694,Male,18-24,,Black,,,,,
Person search,2016-12-28T00:31:00+00:00,,,51.488183,-3.164694,Male,18-24,Not Stated (NS),Black,Misuse of Drugs Act 1971 (section 23),Controlled drugs,Offender given drugs possession warning,True,
Person search,2016-12-28T00:47:00+00:00,,,,,Male,over 34,White - White British (W1),White,Police and Criminal Evidence Act 1984 (section 1),,Nothing found - no further action,False,
Person search,2016-12-28T03:21:00+00:00,,,51.606443,-4.168815,Male,18-24,White - White British (W1),White,Police and Criminal Evidence Act 1984 (section 1),Offensive weapons,Suspect arrested,False,
Person search,2016-12-28T03:52:00+00:00,,,51.475904,-3.164323,Male,18-24,Black or Black British - African (B2),Black,Police and Criminal Evidence Act 1984 (section 1),Offensive weapons,Nothing found - no further action,False,
Person search,2016-12-28T05:45:00+00:00,,,51.643392,-3.929939,Female,over 34,White - White British (W1),White,Police and Criminal Evidence Act 1984 (section 1),Stolen goods,Suspect arrested,False,
Person search,2016-12-28T12:11:00+00:00,,,51.598534,-3.809997,Male,25-34,White - White British (W1),White,Police and Criminal Evidence Act 1984 (section 1),Stolen goods,Nothing found - no further action,False,
Person search,2016-12-28T15:41:00+00:00,,,,,Female,25-34,White - White British (W1),White,Misuse of Drugs Act 1971 (section 23),Controlled drugs,Nothing found - no further action,False,
Person search,2016-12-28T22:04:00+00:00,,,51.593130,-3.800629,Female,over 34,White - White Irish (W2),White,Police and Criminal Evidence Act 1984 (section 1),,Suspect arrested,False,
Person search,2016-12-28T23:16:00+00:00,,,51.520842,-3.171883,Male,25-34,White - White British (W1),White,Police and Criminal Evidence Act 1984 (section 1),Stolen goods,Nothing found - no further action,False,
Person search,2016-12-28T23:20:00+00:00,,,51.488189,-3.174906,Male,25-34,White - White British (W1),White,Police and Criminal Evidence Act 1984 (section 1),Article for use in theft,Nothing found - no further action,False,
Person search,2016-12-29T07:51:00+00:00,,,51.703093,-3.422819,Male,18-24,White - White British (W1),White,Police and Criminal Evidence Act 1984 (section 1),Article for use in theft,Suspect arrested,False,
Person search,2016-12-29T08:16:00+00:00,,,,,Male,18-24,White - White British (W1),White,Police and Criminal Evidence Act 1984 (section 1),,Suspect arrested,False,
Person search,2016-12-29T09:57:00+00:00,,,51.604940,-3.340138,,,,,,,,,
Person search,2016-12-29T17:00:00+00:00,,,,,Male,over 34,White - White British (W1),White,Police and Criminal Evidence Act 1984 (section 1),Article for use in theft,Nothing found - no further action,False,
Person search,2016-12-29T17:00:00+00:00,,,,,Male,over 34,White - White British (W1),White,Police and Criminal Evidence Act 1984 (section 1),Article for use in theft,Nothing found - no further action,False,
Person search,2016-12-29T17:16:00+00:00,,,51.414744,-3.257059,Male,25-34,White - White British (W1),White,Misuse of Drugs Act 1971 (section 23),Controlled drugs,Nothing found - no further action,False,
Person search,2016-12-29T17:32:00+00:00,,,51.480981,-3.163747,,,,,,,,,
Person search,2016-12-29T22:11:00+00:00,,,51.593560,-3.796647,Male,18-24,White - White British (W1),White,Police and Criminal Evidence Act 1984 (section 1),Stolen goods,Nothing found - no further action,False,
Person search,2016-12-30T05:00:00+00:00,,,51.489202,-3.253330,Female,10-17,White - White British (W1),White,Misuse of Drugs Act 1971 (section 23),Controlled drugs,Nothing found - no further action,False,
Person search,2016-12-30T11:30:00+00:00,,,51.620248,-3.943417,Male,over 34,White - White British (W1),White,Misuse of Drugs Act 1971 (section 23),Controlled drugs,Nothing found - no further action,False,
Person search,2016-12-30T14:49:00+00:00,,,51.504959,-3.576503,Female,over 34,White - White British (W1),White,Misuse of Drugs Act 1971 (section 23),Controlled drugs,Nothing found - no further action,False,
Person search,2016-12-30T19:54:00+00:00,,,,,,,,,,,,,
Person search,2016-12-30T19:54:00+00:00,,,,,Male,over 34,Not Stated (NS),White,Police and Criminal Evidence Act 1984 (section 1),,Nothing found - no further action,False,
Person and Vehicle search,2016-12-30T22:11:00+00:00,,,,,Male,25-34,Not Stated (NS),,Misuse of Drugs Act 1971 (section 23),Controlled drugs,Suspect arrested,True,
Person and Vehicle search,2016-12-31T00:17:00+00:00,,,,,Male,25-34,Asian or Asian British - Pakistani (A2),Asian,Misuse of Drugs Act 1971 (section 23),Controlled drugs,Nothing found - no further action,False,
Person search,2016-12-31T02:34:00+00:00,,,51.542826,-3.580451,Male,over 34,White - White British (W1),White,Police and Criminal Evidence Act 1984 (section 1),Offensive weapons,Nothing found - no further action,False,
Person search,2016-12-31T14:27:00+00:00,,,,,Male,25-34,White - White British (W1),White,Misuse of Drugs Act 1971 (section 23),Controlled drugs,Nothing found - no further action,False,
Person search,2016-12-31T14:40:00+00:00,,,,,Male,18-24,White - White British (W1),White,Misuse of Drugs Act 1971 (section 23),Controlled drugs,Nothing found - no further action,False,
Person search,2016-12-31T17:13:00+00:00,,,51.625070,-3.941153,Male,10-17,White - White British (W1),White,Misuse of Drugs Act 1971 (section 23),Controlled drugs,Suspect arrested,True,
Person search,2016-12-31T18:14:00+00:00,,,51.456035,-3.182802,Male,over 34,White - White British (W1),White,Police and Criminal Evidence Act 1984 (section 1),,Nothing found - no further action,False,
Person search,2016-12-31T21:15:00+00:00,,,,,,,,,,,,,
