Type,Date,Part of a policing operation,Policing operation,Latitude,Longitude,Gender,Age range,Self-defined ethnicity,Officer-defined ethnicity,Legislation,Object of search,Outcome,Outcome linked to object of search,Removal of more than just outer clothing
Person search,2017-03-01T03:50:00+00:00,,,51.521597,-3.582324,Female,,White - White British (W1),White,Police and Criminal Evidence Act 1984 (section 1),Article for use in theft,Nothing found - no further action,False,
Person search,2017-03-01T04:58:00+00:00,,,,,Male,,White - White British (W1),White,Police and Criminal Evidence Act 1984 (section 1),Article for use in theft,Nothing found - no further action,False,
Person and Vehicle search,2017-03-01T06:47:00+00:00,,,51.410563,-3.252012,Male,,Not Stated (NS),,Misuse of Drugs Act 1971 (section 23),Controlled drugs,Nothing found - no further action,False,
Person and Vehicle search,2017-03-01T06:47:00+00:00,,,51.410563,-3.252012,Male,,White - White British (W1),,Misuse of Drugs Act 1971 (section 23),Controlled drugs,Nothing found - no further action,False,
Person and Vehicle search,2017-03-01T11:13:00+00:00,,,51.519706,-3.495489,Male,,White - White British (W1),White,Misuse of Drugs Act 1971 (section 23),Controlled drugs,Nothing found - no further action,False,
Person and Vehicle search,2017-03-01T11:13:00+00:00,,,51.519706,-3.495489,Male,,White - White British (W1),White,Misuse of Drugs Act 1971 (section 23),Controlled drugs,Offender given drugs possession warning,True,
Person and Vehicle search,2017-03-01T11:13:00+00:00,,,51.519706,-3.495489,Male,,White - White British (W1),White,Misuse of Drugs Act 1971 (section 23),Controlled drugs,Nothing found - no further action,False,
Person search,2017-03-01T14:47:00+00:00,,,51.743011,-3.371799,Male,,White - White British (W1),White,Misuse of Drugs Act 1971 (section 23),Controlled drugs,Nothing found - no further action,False,
Person and Vehicle search,2017-03-01T15:18:00+00:00,,,51.678633,-3.334098,Male,,White - White British (W1),White,Misuse of Drugs Act 1971 (section 23),Controlled drugs,Nothing found - no further action,False,
Person search,2017-03-01T16:11:00+00:00,,,51.765121,-3.391757,Male,,White - White British (W1),White,Misuse of Drugs Act 1971 (section 23),Controlled drugs,Nothing found - no further action,False,
Person search,2017-03-01T16:11:00+00:00,,,51.765121,-3.391757,Male,,White - White British (W1),White,Misuse of Drugs Act 1971 (section 23),Controlled drugs,Nothing found - no further action,False,
Person search,2017-03-01T16:11:00+00:00,,,51.765121,-3.391757,Male,,White - White British (W1),White,Misuse of Drugs Act 1971 (section 23),Controlled drugs,Nothing found - no further action,False,
Person search,2017-03-01T17:53:00+00:00,,,51.508129,-3.577491,Male,,White - White British (W1),White,Police and Criminal Evidence Act 1984 (section 1),Article for use in theft,Nothing found - no further action,False,
Person search,2017-03-01T17:53:00+00:00,,,51.508129,-3.577491,Female,,White - White British (W1),White,Police and Criminal Evidence Act 1984 (section 1),Article for use in theft,Nothing found - no further action,False,
Person and Vehicle search,2017-03-01T18:47:00+00:00,,,51.501730,-3.575873,Male,,White - White British (W1),White,Misuse of Drugs Act 1971 (section 23),Controlled drugs,Offender given drugs possession warning,True,
Person and Vehicle search,2017-03-01T20:12:00+00:00,,,51.504617,-3.138486,Male,,Asian or Asian British - Any other Asian ethnic background (A9),Asian,Misuse of Drugs Act 1971 (section 23),Controlled drugs,Nothing found - no further action,False,
Person and Vehicle search,2017-03-01T20:12:00+00:00,,,51.504617,-3.138486,Male,,Asian or Asian British - Any other Asian ethnic background (A9),Asian,Misuse of Drugs Act 1971 (section 23),,Nothing found - no further action,,
Person and Vehicle search,2017-03-01T20:12:00+00:00,,,51.504617,-3.138486,Male,,Asian or Asian British - Pakistani (A2),Asian,Misuse of Drugs Act 1971 (section 23),Controlled drugs,Nothing found - no further action,False,
Person search,2017-03-01T22:54:00+00:00,,,51.504617,-3.138486,Male,,Black or Black British - Any other Black ethnic background (B9),Black,Misuse of Drugs Act 1971 (section 23),Controlled drugs,Nothing found - no further action,False,
Person search,2017-03-02T00:33:00+00:00,,,51.638334,-3.657789,Male,,White - White British (W1),White,Police and Criminal Evidence Act 1984 (section 1),Articles for use in criminal damage,Nothing found - no further action,False,
Person search,2017-03-02T00:49:00+00:00,,,51.605987,-3.654184,Male,,White - White British (W1),White,Misuse of Drugs Act 1971 (section 23),Controlled drugs,Nothing found - no further action,False,
Person search,2017-03-02T00:59:00+00:00,,,51.485532,-3.215870,Male,,White - White British (W1),White,Police and Criminal Evidence Act 1984 (section 1),Articles for use in criminal damage,Nothing found - no further action,False,
Person search,2017-03-02T02:35:00+00:00,,,51.482153,-3.216572,Male,,White - White British (W1),White,Police and Criminal Evidence Act 1984 (section 1),Articles for use in criminal damage,Nothing found - no further action,False,
Person search,2017-03-02T02:53:00+00:00,,,51.482153,-3.216572,Male,,White - White British (W1),White,Police and Criminal Evidence Act 1984 (section 1),Articles for use in criminal damage,Nothing found - no further action,False,
Person search,2017-03-02T07:46:00+00:00,,,51.595241,-3.793147,Male,,Not Stated (NS),Black,Police and Criminal Evidence Act 1984 (section 1),,Nothing found - no further action,False,
Person search,2017-03-02T08:03:00+00:00,,,51.482153,-3.216572,Male,,White - White British (W1),,Police and Criminal Evidence Act 1984 (section 1),Article for use in theft,Suspect arrested,True,
Person search,2017-03-02T13:01:00+00:00,,,51.620085,-3.413445,Male,,White - White British (W1),White,Police and Criminal Evidence Act 1984 (section 1),Offensive weapons,Nothing found - no further action,False,
Person search,2017-03-02T13:23:00+00:00,,,51.493606,-3.181628,Male,,White - Any other White ethnic background (W9),White,Misuse of Drugs Act 1971 (section 23),Controlled drugs,Nothing found - no further action,False,
Person search,2017-03-02T21:45:00+00:00,,,,,Male,,White - White British (W1),White,Misuse of Drugs Act 1971 (section 23),Controlled drugs,Nothing found - no further action,False,
Person search,2017-03-02T21:49:00+00:00,,,51.610458,-3.385302,Male,,White - White British (W1),White,Police and Criminal Evidence Act 1984 (section 1),Offensive weapons,Nothing found - no further action,False,
Person search,2017-03-02T21:50:00+00:00,,,51.647682,-3.973197,Male,,Black or Black British - Any other Black ethnic background (B9),Black,Misuse of Drugs Act 1971 (section 23),Controlled drugs,Suspect arrested,True,
Person search,2017-03-03T02:12:00+00:00,,,51.588867,-3.327092,Male,,Mixed - White and Black African (M2),Black,Misuse of Drugs Act 1971 (section 23),Controlled drugs,Suspect arrested,False,
Person search,2017-03-03T04:29:00+00:00,,,51.627715,-3.962144,Male,,White - White British (W1),White,Police and Criminal Evidence Act 1984 (section 1),,Nothing found - no further action,False,
Person search,2017-03-03T18:24:00+00:00,,,51.473626,-3.179009,Male,,White - White British (W1),White,Misuse of Drugs Act 1971 (section 23),Controlled drugs,Nothing found - no further action,False,
Person search,2017-03-03T18:24:00+00:00,,,51.473626,-3.179009,Male,,White - White British (W1),White,Misuse of Drugs Act 1971 (section 23),Controlled drugs,Nothing found - no further action,False,
Person search,2017-03-03T19:07:00+00:00,,,51.715585,-3.446893,Male,,Mixed - White and Asian (M3),White,Misuse of Drugs Act 1971 (section 23),Controlled drugs,Suspect arrested,True,
Person search,2017-03-03T21:14:00+00:00,,,51.422069,-3.264134,Male,,White - White British (W1),White,Misuse of Drugs Act 1971 (section 23),Controlled drugs,Nothing found - no further action,False,
Person and Vehicle search,2017-03-03T22:22:00+00:00,,,51.714217,-3.444779,Male,,White - White British (W1),White,,,,,
Person search,2017-03-03T22:27:00+00:00,,,51.417027,-3.262183,Male,,White - White British (W1),White,Police and Criminal Evidence Act 1984 (section 1),Stolen goods,Nothing found - no further action,False,
Person search,2017-03-03T22:54:00+00:00,,,51.718580,-3.450477,Female,,White - White British (W1),White,Misuse of Drugs Act 1971 (section 23),Controlled drugs,Nothing found - no further action,False,
Person search,2017-03-03T23:04:00+00:00,,,51.483169,-3.175166,Male,,White - White British (W1),White,Misuse of Drugs Act 1971 (section 23),,Suspect arrested,,
Person search,2017-03-03T23:45:00+00:00,,,51.602789,-3.340306,Male,,White - White British (W1),White,Police and Criminal Evidence Act 1984 (section 1),Stolen goods,Nothing found - no further action,False,
Person search,2017-03-04T00:23:00+00:00,,,51.618979,-3.969943,Male,,White - Any other White ethnic background (W9),White,Police and Criminal Evidence Act 1984 (section 1),Article for use in theft,Nothing found - no further action,False,
Person search,2017-03-04T01:34:00+00:00,,,51.526771,-3.535379,Male,,White - White British (W1),White,Police and Criminal Evidence Act 1984 (section 1),,Nothing found - no further action,False,
Person search,2017-03-04T01:34:00+00:00,,,51.526771,-3.535379,Male,,White - White British (W1),White,Police and Criminal Evidence Act 1984 (section 1),,Nothing found - no further action,False,
Person search,2017-03-04T01:41:00+00:00,,,51.488006,-3.168031,Male,,White - Any other White ethnic background (W9),White,Misuse of Drugs Act 1971 (section 23),Controlled drugs,Offender given drugs possession warning,True,
Person search,2017-03-04T01:41:00+00:00,,,51.488006,-3.168031,Male,,White - Any other White ethnic background (W9),White,Misuse of Drugs Act 1971 (section 23),Controlled drugs,Nothing found - no further action,False,
Person search,2017-03-04T03:23:00+00:00,,,51.613579,-3.951336,Male,,White - White British (W1),White,Police and Criminal Evidence Act 1984 (section 1),Offensive weapons,Nothing found - no further action,False,
Person search,2017-03-04T05:18:00+00:00,,,51.524874,-3.106674,Male,,White - White British (W1),White,Police and Criminal Evidence Act 1984 (section 1),,Nothing found - no further action,False,
Person search,2017-03-04T07:50:00+00:00,,,51.518719,-3.582383,Male,,White - White British (W1),White,Misuse of Drugs Act 1971 (section 23),Controlled drugs,Nothing found - no further action,False,
Person search,2017-03-04T09:50:00+00:00,,,51.472493,-3.178966,Male,,White - White British (W1),White,Misuse of Drugs Act 1971 (section 23),Controlled drugs,Nothing found - no further action,False,
Person search,2017-03-04T09:50:00+00:00,,,51.472493,-3.178966,Male,,White - White British (W1),White,Misuse of Drugs Act 1971 (section 23),Controlled drugs,Nothing found - no further action,False,
Person search,2017-03-04T13:17:00+00:00,,,51.620332,-3.949199,Male,,White - White British (W1),White,Police and Criminal Evidence Act 1984 (section 1),Stolen goods,Nothing found - no further action,False,
Person search,2017-03-04T17:20:00+00:00,,,51.486065,-3.142302,Male,,White - White British (W1),White,Misuse of Drugs Act 1971 (section 23),Controlled drugs,Nothing found - no further action,False,
Person search,2017-03-04T17:43:00+00:00,,,51.478839,-3.176509,Male,,,,,,,,
Person search,2017-03-04T17:43:00+00:00,,,51.478839,-3.176509,Male,,Not Stated (NS),White,Police and Criminal Evidence Act 1984 (section 1),Offensive weapons,Nothing found - no further action,False,
Person search,2017-03-04T17:58:00+00:00,,,51.480976,-3.200743,Male,,White - White Irish (W2),White,Police and Criminal Evidence Act 1984 (section 1),,Nothing found - no further action,False,
Person search,2017-03-04T18:16:00+00:00,,,51.676488,-3.815823,Male,,White - White British (W1),White,Misuse of Drugs Act 1971 (section 23),Controlled drugs,Nothing found - no further action,False,
Person search,2017-03-04T21:30:00+00:00,,,51.620387,-3.938844,Male,,White - White British (W1),White,Misuse of Drugs Act 1971 (section 23),Controlled drugs,Suspect arrested,True,
Person search,2017-03-04T23:31:00+00:00,,,51.471385,-3.176518,Male,,White - White British (W1),White,,,,,
Person search,2017-03-05T00:29:00+00:00,,,51.517427,-3.201917,Male,,White - White British (W1),White,Police and Criminal Evidence Act 1984 (section 1),,Nothing found - no further action,False,
Person search,2017-03-05T03:09:00+00:00,,,51.464709,-3.170632,Male,,White - White British (W1),White,Police and Criminal Evidence Act 1984 (section 1),Article for use in theft,Nothing found - no further action,False,
Person search,2017-03-05T03:10:00+00:00,,,51.620278,-3.957316,Male,,White - White British (W1),White,Police and Criminal Evidence Act 1984 (section 1),Stolen goods,Nothing found - no further action,False,
Person search,2017-03-05T03:19:00+00:00,,,51.617094,-3.955200,Male,,White - White British (W1),White,Misuse of Drugs Act 1971 (section 23),Controlled drugs,Nothing found - no further action,False,
Person search,2017-03-05T03:25:00+00:00,,,51.621412,-3.958867,Male,,White - White British (W1),White,Police and Criminal Evidence Act 1984 (section 1),Article for use in theft,Nothing found - no further action,False,
Person and Vehicle search,2017-03-05T05:47:00+00:00,,,51.484531,-3.163866,Male,,Asian or Asian British - Any other Asian ethnic background (A9),Asian,Misuse of Drugs Act 1971 (section 23),Controlled drugs,Nothing found - no further action,False,
Person and Vehicle search,2017-03-05T05:47:00+00:00,,,51.484531,-3.163866,Male,,Black or Black British - Any other Black ethnic background (B9),Black,Misuse of Drugs Act 1971 (section 23),Controlled drugs,Nothing found - no further action,False,
Person and Vehicle search,2017-03-05T05:47:00+00:00,,,51.484531,-3.163866,Male,,Asian or Asian British - Any other Asian ethnic background (A9),Asian,Misuse of Drugs Act 1971 (section 23),Controlled drugs,Nothing found - no further action,False,
Person search,2017-03-05T07:55:00+00:00,,,51.488442,-3.235132,Male,,White - White British (W1),White,Misuse of Drugs Act 1971 (section 23),Controlled drugs,Nothing found - no further action,False,
Person search,2017-03-05T11:38:00+00:00,,,51.479605,-3.177277,Male,,Not Stated (NS),White,Firearms Act 1968 (section 47),Firearms,Nothing found - no further action,False,
Person and Vehicle search,2017-03-05T14:59:00+00:00,,,51.474249,-3.168846,Male,,Chinese or other ethnic group - Any other ethnic group (O9),Other,Misuse of Drugs Act 1971 (section 23),Controlled drugs,Suspect summonsed to court,False,
Person and Vehicle search,2017-03-05T14:59:00+00:00,,,51.474249,-3.168846,Male,,Mixed - Any other Mixed ethnic background (M9),Other,Misuse of Drugs Act 1971 (section 23),Controlled drugs,Nothing found - no further action,False,
Person search,2017-03-05T17:47:00+00:00,,,51.495168,-3.167537,Male,,Asian or Asian British - Any other Asian ethnic background (A9),Asian,Misuse of Drugs Act 1971 (section 23),Controlled drugs,Nothing found - no further action,False,
Person search,2017-03-05T18:53:00+00:00,,,51.497191,-3.163108,Male,,White - Any other White ethnic background (W9),White,Police and Criminal Evidence Act 1984 (section 1),Stolen goods,Nothing found - no further action,False,
Person search,2017-03-05T20:53:00+00:00,,,51.670241,-3.899235,Male,,Not Stated (NS),White,Police and Criminal Evidence Act 1984 (section 1),Article for use in theft,Nothing found - no further action,False,
Person search,2017-03-05T21:59:00+00:00,,,,,Male,,White - White British (W1),White,Police and Criminal Evidence Act 1984 (section 1),Article for use in theft,Nothing found - no further action,False,
Person search,2017-03-05T21:59:00+00:00,,,51.595184,-3.322671,Male,,White - White British (W1),White,Misuse of Drugs Act 1971 (section 23),Controlled drugs,Offender given penalty notice,False,
Person search,2017-03-05T22:08:00+00:00,,,51.602789,-3.340306,Male,,White - White British (W1),White,Police and Criminal Evidence Act 1984 (section 1),Stolen goods,Nothing found - no further action,False,
Person search,2017-03-06T09:39:00+00:00,,,51.664771,-3.305032,Male,,White - White British (W1),White,Misuse of Drugs Act 1971 (section 23),Controlled drugs,Nothing found - no further action,False,
Person search,2017-03-06T16:19:00+00:00,,,51.531107,-3.106551,Male,,White - White British (W1),White,Misuse of Drugs Act 1971 (section 23),Controlled drugs,Nothing found - no further action,False,
Person search,2017-03-06T16:28:00+00:00,,,51.602019,-3.342362,Male,,White - White British (W1),White,Misuse of Drugs Act 1971 (section 23),Controlled drugs,Nothing found - no further action,False,
Person search,2017-03-06T17:13:00+00:00,,,50.789424,-3.327474,Male,,White - White British (W1),White,,,,,
Person search,2017-03-06T18:45:00+00:00,,,51.604651,-3.340982,Male,,White - White British (W1),White,Misuse of Drugs Act 1971 (section 23),Controlled drugs,Nothing found - no further action,False,
Person search,2017-03-06T18:45:00+00:00,,,51.604651,-3.340982,Male,,White - White British (W1),White,Misuse of Drugs Act 1971 (section 23),Controlled drugs,Suspect arrested,True,
Person and Vehicle search,2017-03-06T22:12:00+00:00,,,51.508730,-3.583593,Male,,White - White British (W1),White,Misuse of Drugs Act 1971 (section 23),Controlled drugs,Offender given drugs possession warning,True,
Person search,2017-03-07T03:03:00+00:00,,,51.484531,-3.163866,Male,,Black or Black British - Caribbean (B1),Black,Misuse of Drugs Act 1971 (section 23),Controlled drugs,Suspect arrested,True,
Person search,2017-03-07T03:03:00+00:00,,,53.538795,-3.087981,Male,,Black or Black British - African (B2),Black,Misuse of Drugs Act 1971 (section 23),Stolen goods,Nothing found - no further action,False,
Person search,2017-03-07T04:09:00+00:00,,,51.620332,-3.949199,Male,,White - White British (W1),White,Police and Criminal Evidence Act 1984 (section 1),Offensive weapons,Nothing found - no further action,False,
Person search,2017-03-07T04:13:00+00:00,,,51.619771,-3.951573,Male,,Black or Black British - African (B2),Black,Police and Criminal Evidence Act 1984 (section 1),Offensive weapons,Nothing found - no further action,False,
Person search,2017-03-07T04:50:00+00:00,,,51.619771,-3.951573,Female,,White - White British (W1),White,Police and Criminal Evidence Act 1984 (section 1),Offensive weapons,Nothing found - no further action,False,
Person search,2017-03-07T04:52:00+00:00,,,51.484531,-3.163866,Male,,Black or Black British - African (B2),Black,Police and Criminal Evidence Act 1984 (section 1),,Suspect arrested,False,
Person and Vehicle search,2017-03-07T09:02:00+00:00,,,51.507236,-3.560255,Male,,White - White British (W1),White,Misuse of Drugs Act 1971 (section 23),Controlled drugs,Nothing found - no further action,False,
Person search,2017-03-07T12:00:00+00:00,,,51.478924,-3.200934,Male,,Not Stated (NS),Asian,Police and Criminal Evidence Act 1984 (section 1),,Suspect arrested,False,
Person search,2017-03-07T13:24:00+00:00,,,51.475022,-3.151659,Male,,White - White British (W1),White,Police and Criminal Evidence Act 1984 (section 1),Stolen goods,Nothing found - no further action,False,
Person search,2017-03-07T14:03:00+00:00,,,51.628413,-3.941252,Female,,Not Stated (NS),White,,,,,
Person and Vehicle search,2017-03-07T19:05:00+00:00,,,51.512777,-3.587553,Male,,White - White British (W1),White,Misuse of Drugs Act 1971 (section 23),Controlled drugs,Nothing found - no further action,False,
Person and Vehicle search,2017-03-07T19:13:00+00:00,,,51.512777,-3.587553,Male,,White - White British (W1),White,Misuse of Drugs Act 1971 (section 23),Controlled drugs,Nothing found - no further action,False,
Person and Vehicle search,2017-03-07T19:21:00+00:00,,,51.512777,-3.587553,Male,,Black or Black British - African (B2),Black,Misuse of Drugs Act 1971 (section 23),Controlled drugs,Nothing found - no further action,False,
Person search,2017-03-08T02:09:00+00:00,,,51.486789,-3.241770,Male,,White - White British (W1),White,Police and Criminal Evidence Act 1984 (section 1),,Nothing found - no further action,False,
Person search,2017-03-08T03:56:00+00:00,,,51.483701,-3.231072,Male,,White - White British (W1),White,Police and Criminal Evidence Act 1984 (section 1),,Nothing found - no further action,False,
Person search,2017-03-08T04:24:00+00:00,,,51.569272,-3.324011,Male,,White - White British (W1),White,Police and Criminal Evidence Act 1984 (section 1),Article for use in theft,Suspect arrested,True,
Person search,2017-03-08T04:24:00+00:00,,,51.569272,-3.324011,Male,,White - White British (W1),White,Police and Criminal Evidence Act 1984 (section 1),Article for use in theft,Suspect arrested,True,
Person search,2017-03-08T04:42:00+00:00,,,51.492349,-3.164426,Male,,Black or Black British - Any other Black ethnic background (B9),Black,Police and Criminal Evidence Act 1984 (section 1),Offensive weapons,Nothing found - no further action,False,
Person search,2017-03-08T04:54:00+00:00,,,51.490863,-3.169127,Male,,White - White British (W1),White,Police and Criminal Evidence Act 1984 (section 1),,Nothing found - no further action,False,
Person search,2017-03-08T05:24:00+00:00,,,51.484531,-3.163866,Male,,Black or Black British - African (B2),Black,Police and Criminal Evidence Act 1984 (section 1),,Suspect arrested,False,
Person and Vehicle search,2017-03-08T05:26:00+00:00,,,51.569688,-3.323027,Male,,White - White British (W1),White,Police and Criminal Evidence Act 1984 (section 1),Article for use in theft,Suspect arrested,True,
Person search,2017-03-08T05:47:00+00:00,,,51.492349,-3.164426,Male,,White - White British (W1),White,Police and Criminal Evidence Act 1984 (section 1),Offensive weapons,Nothing found - no further action,False,
Person search,2017-03-08T06:08:00+00:00,,,51.674132,-3.997994,Male,,White - White British (W1),,Police and Criminal Evidence Act 1984 (section 1),Article for use in theft,Nothing found - no further action,False,
Person and Vehicle search,2017-03-08T07:16:00+00:00,,,51.486165,-3.155094,Female,,White - White British (W1),White,Police and Criminal Evidence Act 1984 (section 1),,Suspect arrested,False,
Person search,2017-03-08T12:02:00+00:00,,,51.476495,-3.214218,Male,,White - Any other White ethnic background (W9),White,Misuse of Drugs Act 1971 (section 23),Controlled drugs,Nothing found - no further action,False,
Person search,2017-03-08T15:15:00+00:00,,,51.502066,-3.159285,Male,,White - White British (W1),White,Misuse of Drugs Act 1971 (section 23),Controlled drugs,Suspect arrested,False,
Person search,2017-03-08T16:14:00+00:00,,,,,Male,,White - White British (W1),White,Misuse of Drugs Act 1971 (section 23),Controlled drugs,Offender given drugs possession warning,True,
Person search,2017-03-08T16:35:00+00:00,,,51.495389,-3.174299,Male,,White - White British (W1),White,Police and Criminal Evidence Act 1984 (section 1),Stolen goods,Nothing found - no further action,False,
Person search,2017-03-08T22:31:00+00:00,,,51.639645,-4.123500,Male,,White - White British (W1),White,Misuse of Drugs Act 1971 (section 23),Controlled drugs,Nothing found - no further action,False,
Person search,2017-03-08T22:44:00+00:00,,,51.640545,-4.121013,,,,,,,,,
Person search,2017-03-08T23:00:00+00:00,,,51.617733,-3.946517,Male,,Not Stated (NS),Black,Police and Criminal Evidence Act 1984 (section 1),Offensive weapons,Suspect arrested,False,
Person search,2017-03-09T03:55:00+00:00,,,51.483032,-3.208962,Male,,Not Stated (NS),,Misuse of Drugs Act 1971 (section 23),Controlled drugs,Nothing found - no further action,False,
Person search,2017-03-09T03:58:00+00:00,,,51.484937,-3.210799,Male,,Asian or Asian British - Any other Asian ethnic background (A9),Asian,Police and Criminal Evidence Act 1984 (section 1),Article for use in theft,Nothing found - no further action,False,
Person search,2017-03-09T05:51:00+00:00,,,51.480541,-3.208090,Male,,White - White British (W1),White,Police and Criminal Evidence Act 1984 (section 1),,Suspect arrested,False,
Person search,2017-03-09T07:15:00+00:00,,,51.486280,-3.157098,Male,,White - White British (W1),White,Police and Criminal Evidence Act 1984 (section 1),,Suspect arrested,False,
Person search,2017-03-09T10:37:00+00:00,,,51.482857,-3.249685,Male,,White - White British (W1),White,Misuse of Drugs Act 1971 (section 23),Controlled drugs,Nothing found - no further action,False,
Person search,2017-03-09T10:55:00+00:00,,,51.484811,-3.169188,Male,,White - White British (W1),White,Police and Criminal Evidence Act 1984 (section 1),,Suspect arrested,False,
Person and Vehicle search,2017-03-09T16:57:00+00:00,,,51.525814,-3.209086,Male,,Black or Black British - African (B2),Black,Misuse of Drugs Act 1971 (section 23),Controlled drugs,Suspect arrested,False,
Person search,2017-03-09T23:33:00+00:00,,,51.647984,-3.977170,Male,,White - White British (W1),White,Police and Criminal Evidence Act 1984 (section 1),,Suspect arrested,False,
Person search,2017-03-10T07:27:00+00:00,,,51.472643,-3.178365,Male,,White - White British (W1),White,Misuse of Drugs Act 1971 (section 23),Controlled drugs,Suspect arrested,True,
Person search,2017-03-10T07:27:00+00:00,,,51.472643,-3.178365,Male,,White - White British (W1),White,Misuse of Drugs Act 1971 (section 23),Controlled drugs,Nothing found - no further action,False,
Person search,2017-03-10T07:27:00+00:00,,,51.472643,-3.178365,Male,,Black or Black British - African (B2),Black,Misuse of Drugs Act 1971 (section 23),Controlled drugs,Nothing found - no further action,False,
Person search,2017-03-10T10:38:00+00:00,,,51.489347,-3.150637,Male,,White - White British (W1),White,Police and Criminal Evidence Act 1984 (section 1),,Nothing found - no further action,False,
Person search,2017-03-10T10:38:00+00:00,,,51.489347,-3.150637,Male,,White - White British (W1),White,Police and Criminal Evidence Act 1984 (section 1),,Nothing found - no further action,False,
Person search,2017-03-10T14:06:00+00:00,,,51.602014,-3.639282,Male,,White - White British (W1),White,Police and Criminal Evidence Act 1984 (section 1),,Nothing found - no further action,False,
Person search,2017-03-10T16:50:00+00:00,,,51.476797,-3.173965,Male,,Black or Black British - Any other Black ethnic background (B9),Black,Police and Criminal Evidence Act 1984 (section 1),Article for use in theft,Nothing found - no further action,False,
Person search,2017-03-10T17:03:00+00:00,,,51.440250,-3.192969,Male,,White - White British (W1),White,Police and Criminal Evidence Act 1984 (section 1),Article for use in theft,Nothing found - no further action,False,
Person search,2017-03-10T17:56:00+00:00,,,51.594665,-3.781386,Female,,White - White British (W1),White,Police and Criminal Evidence Act 1984 (section 1),,Nothing found - no further action,False,
Person search,2017-03-11T00:36:00+00:00,,,51.482340,-3.170795,Male,,White - White British (W1),White,Misuse of Drugs Act 1971 (section 23),Controlled drugs,Nothing found - no further action,False,
Person search,2017-03-11T00:45:00+00:00,,,51.477741,-3.177560,Male,,Not Stated (NS),,Police and Criminal Evidence Act 1984 (section 1),,Nothing found - no further action,False,
Person search,2017-03-11T01:03:00+00:00,,,51.505603,-3.577447,Male,,White - White British (W1),White,Misuse of Drugs Act 1971 (section 23),Controlled drugs,Nothing found - no further action,False,
Person and Vehicle search,2017-03-11T01:45:00+00:00,,,51.760935,-3.379935,Female,,White - White British (W1),White,Misuse of Drugs Act 1971 (section 23),Controlled drugs,Nothing found - no further action,False,
Person search,2017-03-11T14:42:00+00:00,,,51.619008,-3.955816,Male,,Not Stated (NS),Asian,Misuse of Drugs Act 1971 (section 23),Controlled drugs,Nothing found - no further action,False,
Person search,2017-03-11T16:09:00+00:00,,,51.490914,-3.150360,Male,,White - White British (W1),White,Police and Criminal Evidence Act 1984 (section 1),,Nothing found - no further action,False,
Person search,2017-03-11T17:05:00+00:00,,,51.472662,-3.200424,Male,,Mixed - White and Asian (M3),White,Police and Criminal Evidence Act 1984 (section 1),,Nothing found - no further action,False,
Person search,2017-03-11T18:13:00+00:00,,,,,Male,,White - White British (W1),White,,,,,
Person search,2017-03-11T20:28:00+00:00,,,51.483379,-3.204089,Male,,White - White British (W1),White,Misuse of Drugs Act 1971 (section 23),Controlled drugs,Nothing found - no further action,False,
Person search,2017-03-11T20:28:00+00:00,,,51.483379,-3.204089,Male,,White - White British (W1),White,Misuse of Drugs Act 1971 (section 23),Controlled drugs,Nothing found - no further action,False,
Person search,2017-03-11T20:28:00+00:00,,,51.483379,-3.204089,Male,,Mixed - Any other Mixed ethnic background (M9),Other,Misuse of Drugs Act 1971 (section 23),Controlled drugs,Nothing found - no further action,False,
Person search,2017-03-11T20:28:00+00:00,,,51.483379,-3.204089,Male,,White - White British (W1),White,Misuse of Drugs Act 1971 (section 23),Controlled drugs,Nothing found - no further action,False,
Person search,2017-03-12T00:53:00+00:00,,,51.494203,-3.575930,Male,,White - White British (W1),White,Misuse of Drugs Act 1971 (section 23),Controlled drugs,Nothing found - no further action,False,
Person search,2017-03-12T02:50:00+00:00,,,51.524293,-3.585157,Female,,White - White British (W1),White,Police and Criminal Evidence Act 1984 (section 1),Stolen goods,Nothing found - no further action,False,
Person search,2017-03-12T09:37:00+00:00,,,51.440250,-3.192969,Male,,White - White British (W1),White,Police and Criminal Evidence Act 1984 (section 1),,Nothing found - no further action,False,
Person search,2017-03-12T09:41:00+00:00,,,51.440250,-3.192969,Male,,Not Stated (NS),White,Misuse of Drugs Act 1971 (section 23),Controlled drugs,Nothing found - no further action,False,
Person search,2017-03-12T09:41:00+00:00,,,51.440250,-3.192969,Male,,Not Stated (NS),White,Misuse of Drugs Act 1971 (section 23),Controlled drugs,Nothing found - no further action,False,
Person and Vehicle search,2017-03-12T10:28:00+00:00,,,51.496371,-3.585239,Male,,White - White British (W1),White,Misuse of Drugs Act 1971 (section 23),Controlled drugs,Offender given penalty notice,False,
Person search,2017-03-12T18:45:00+00:00,,,51.483818,-3.180353,Male,,Black or Black British - Any other Black ethnic background (B9),Black,Misuse of Drugs Act 1971 (section 23),Controlled drugs,Suspect arrested,True,
Person search,2017-03-12T19:35:00+00:00,,,51.472643,-3.178365,Male,,White - White British (W1),White,,Controlled drugs,Nothing found - no further action,False,
Person search,2017-03-12T20:07:00+00:00,,,51.518917,-3.585028,Male,,White - White British (W1),White,Misuse of Drugs Act 1971 (section 23),Controlled drugs,Offender given drugs possession warning,True,
Person search,2017-03-12T21:57:00+00:00,,,,,Male,,White - White British (W1),White,,,,,
Person search,2017-03-12T22:20:00+00:00,,,51.524061,-3.162813,Male,,White - White British (W1),White,Misuse of Drugs Act 1971 (section 23),Controlled drugs,Nothing found - no further action,False,
Person search,2017-03-12T22:20:00+00:00,,,51.524061,-3.162813,Male,,White - White British (W1),White,Misuse of Drugs Act 1971 (section 23),Controlled drugs,Nothing found - no further action,False,
Person search,2017-03-12T22:20:00+00:00,,,51.524061,-3.162813,Male,,White - White British (W1),White,Misuse of Drugs Act 1971 (section 23),Controlled drugs,Nothing found - no further action,False,
Person and Vehicle search,2017-03-13T03:12:00+00:00,,,51.483818,-3.180353,Male,,Black or Black British - African (B2),Black,Misuse of Drugs Act 1971 (section 23),Controlled drugs,Suspect arrested,True,
Person and Vehicle search,2017-03-13T04:25:00+00:00,,,51.484531,-3.163866,Male,,Asian or Asian British - Any other Asian ethnic background (A9),Asian,Misuse of Drugs Act 1971 (section 23),Controlled drugs,Nothing found - no further action,False,
Person search,2017-03-13T06:25:00+00:00,,,51.481068,-3.182845,Male,,White - White British (W1),White,Police and Criminal Evidence Act 1984 (section 1),Stolen goods,Nothing found - no further action,False,
Person search,2017-03-13T13:43:00+00:00,,,51.531023,-3.202737,Male,,White - White British (W1),,Police and Criminal Evidence Act 1984 (section 1),Stolen goods,Nothing found - no further action,False,
Person search,2017-03-13T15:06:00+00:00,,,51.599883,-3.341982,Male,,White - White British (W1),White,Misuse of Drugs Act 1971 (section 23),Controlled drugs,Suspect arrested,True,
Person search,2017-03-13T17:27:00+00:00,,,51.410881,-3.277500,Male,,White - White British (W1),White,Police and Criminal Evidence Act 1984 (section 1),Stolen goods,Suspect arrested,False,
Person search,2017-03-13T20:25:00+00:00,,,52.601165,-3.210035,Female,,Not Stated (NS),White,Police and Criminal Evidence Act 1984 (section 1),Offensive weapons,Nothing found - no further action,False,
Person search,2017-03-13T22:27:00+00:00,,,51.484811,-3.169188,Male,,White - White British (W1),White,Misuse of Drugs Act 1971 (section 23),Controlled drugs,Nothing found - no further action,False,
Person and Vehicle search,2017-03-14T01:31:00+00:00,,,,,Male,,White - White British (W1),White,Misuse of Drugs Act 1971 (section 23),Controlled drugs,Offender given drugs possession warning,True,
Person and Vehicle search,2017-03-14T01:31:00+00:00,,,,,Male,,White - White British (W1),White,Misuse of Drugs Act 1971 (section 23),Controlled drugs,Offender given drugs possession warning,True,
Person search,2017-03-14T01:47:00+00:00,,,51.500792,-3.160837,Male,,White - White British (W1),White,Police and Criminal Evidence Act 1984 (section 1),,Suspect arrested,False,
Person search,2017-03-14T02:11:00+00:00,,,51.502066,-3.159285,Female,,White - White British (W1),White,Police and Criminal Evidence Act 1984 (section 1),,Nothing found - no further action,False,
Person search,2017-03-14T02:16:00+00:00,,,51.504524,-3.153512,Male,,Asian or Asian British - Any other Asian ethnic background (A9),Asian,Misuse of Drugs Act 1971 (section 23),Controlled drugs,Nothing found - no further action,False,
Person search,2017-03-14T02:18:00+00:00,,,51.504524,-3.153512,Male,,Asian or Asian British - Any other Asian ethnic background (A9),Other,Misuse of Drugs Act 1971 (section 23),Controlled drugs,Nothing found - no further action,False,
Person search,2017-03-14T02:40:00+00:00,,,,,Male,,White - White British (W1),White,Misuse of Drugs Act 1971 (section 23),Controlled drugs,Nothing found - no further action,False,
Person search,2017-03-14T04:47:00+00:00,,,51.468269,-3.204455,Male,,White - White British (W1),White,Police and Criminal Evidence Act 1984 (section 1),,Nothing found - no further action,False,
Person search,2017-03-14T04:48:00+00:00,,,51.468269,-3.204455,Male,,White - White British (W1),White,Police and Criminal Evidence Act 1984 (section 1),,Nothing found - no further action,False,
Person search,2017-03-14T09:00:00+00:00,,,51.616127,-3.940872,Male,,White - White British (W1),White,Misuse of Drugs Act 1971 (section 23),Controlled drugs,Nothing found - no further action,False,
Person search,2017-03-14T09:09:00+00:00,,,51.616127,-3.940872,Male,,White - White British (W1),White,Misuse of Drugs Act 1971 (section 23),Controlled drugs,Nothing found - no further action,False,
Person search,2017-03-14T09:50:00+00:00,,,51.558413,-3.365298,Male,,White - White British (W1),White,Police and Criminal Evidence Act 1984 (section 1),Stolen goods,Nothing found - no further action,False,
Person search,2017-03-14T14:16:00+00:00,,,51.541383,-3.583443,Male,,White - White British (W1),White,Police and Criminal Evidence Act 1984 (section 1),,Nothing found - no further action,False,
Person search,2017-03-14T15:12:00+00:00,,,51.575135,-3.432672,Male,,White - White British (W1),White,Police and Criminal Evidence Act 1984 (section 1),Stolen goods,Nothing found - no further action,False,
Person search,2017-03-14T16:09:00+00:00,,,51.520602,-3.124717,Male,,Asian or Asian British - Any other Asian ethnic background (A9),Asian,Police and Criminal Evidence Act 1984 (section 1),,Nothing found - no further action,False,
Person search,2017-03-14T16:56:00+00:00,,,51.520544,-3.126085,Male,,White - White British (W1),White,Police and Criminal Evidence Act 1984 (section 1),,Nothing found - no further action,False,
Person search,2017-03-14T20:24:00+00:00,,,51.520965,-3.713687,Male,,White - White British (W1),White,Misuse of Drugs Act 1971 (section 23),Controlled drugs,Suspect arrested,False,
Person search,2017-03-14T20:55:00+00:00,,,,,Male,,White - White British (W1),White,Police and Criminal Evidence Act 1984 (section 1),,Nothing found - no further action,False,
Person search,2017-03-14T21:38:00+00:00,,,51.636835,-3.954502,Male,,White - White British (W1),White,Police and Criminal Evidence Act 1984 (section 1),Offensive weapons,Nothing found - no further action,False,
Person search,2017-03-14T23:34:00+00:00,,,51.636835,-3.954502,Male,,White - White British (W1),White,Police and Criminal Evidence Act 1984 (section 1),Offensive weapons,Nothing found - no further action,False,
Person search,2017-03-15T01:58:00+00:00,,,51.504617,-3.138486,Male,,White - White British (W1),White,Police and Criminal Evidence Act 1984 (section 1),Offensive weapons,Nothing found - no further action,False,
Person search,2017-03-15T03:40:00+00:00,,,51.480464,-3.203379,Male,,White - White British (W1),White,Police and Criminal Evidence Act 1984 (section 1),Article for use in theft,Nothing found - no further action,False,
Person search,2017-03-15T03:40:00+00:00,,,51.711597,-3.443581,Male,,White - White British (W1),White,Police and Criminal Evidence Act 1984 (section 1),Articles for use in criminal damage,Suspect arrested,True,
Person search,2017-03-15T03:54:00+00:00,,,51.508593,-3.227478,Male,,White - White British (W1),White,Police and Criminal Evidence Act 1984 (section 1),,,False,
Person search,2017-03-15T04:25:00+00:00,,,51.485571,-3.227652,Male,,White - White British (W1),White,Police and Criminal Evidence Act 1984 (section 1),Article for use in theft,Nothing found - no further action,False,
Person search,2017-03-15T04:55:00+00:00,,,51.500792,-3.160837,Male,,White - White British (W1),White,Police and Criminal Evidence Act 1984 (section 1),,Suspect arrested,False,
Person search,2017-03-15T09:13:00+00:00,,,51.584490,-3.432418,Male,,White - White British (W1),White,Misuse of Drugs Act 1971 (section 23),Controlled drugs,Nothing found - no further action,False,
Person and Vehicle search,2017-03-15T14:37:00+00:00,,,51.755542,-3.406328,Female,,White - White British (W1),White,Misuse of Drugs Act 1971 (section 23),Controlled drugs,Nothing found - no further action,False,
Person and Vehicle search,2017-03-15T14:37:00+00:00,,,51.755542,-3.406328,Female,,White - White British (W1),White,Misuse of Drugs Act 1971 (section 23),Controlled drugs,Nothing found - no further action,False,
Person search,2017-03-15T14:53:00+00:00,,,51.483708,-3.212278,Male,,White - White British (W1),White,Police and Criminal Evidence Act 1984 (section 1),Article for use in theft,Nothing found - no further action,False,
Person search,2017-03-15T14:53:00+00:00,,,51.483708,-3.212278,Male,,White - White British (W1),White,Police and Criminal Evidence Act 1984 (section 1),Article for use in theft,Nothing found - no further action,False,
Person search,2017-03-15T14:53:00+00:00,,,51.483708,-3.212278,Male,,White - White British (W1),White,Police and Criminal Evidence Act 1984 (section 1),Article for use in theft,Nothing found - no further action,False,
Person search,2017-03-15T14:54:00+00:00,,,51.763016,-3.380419,Male,,White - White British (W1),White,Misuse of Drugs Act 1971 (section 23),Controlled drugs,Nothing found - no further action,False,
Person search,2017-03-15T15:39:00+00:00,,,51.763853,-3.373416,Male,,White - White British (W1),White,Misuse of Drugs Act 1971 (section 23),Controlled drugs,Nothing found - no further action,False,
Person search,2017-03-15T15:39:00+00:00,,,51.763853,-3.373416,Male,,White - White British (W1),White,Misuse of Drugs Act 1971 (section 23),Controlled drugs,Nothing found - no further action,False,
Person search,2017-03-15T15:47:00+00:00,,,51.513676,-3.152778,Male,,White - White British (W1),White,Police and Criminal Evidence Act 1984 (section 1),Offensive weapons,Nothing found - no further action,False,
Person search,2017-03-15T16:09:00+00:00,,,51.475267,-3.174991,Male,,Black or Black British - African (B2),Black,Misuse of Drugs Act 1971 (section 23),Controlled drugs,Nothing found - no further action,False,
Person search,2017-03-16T04:19:00+00:00,,,,,Female,,Not Stated (NS),White,,,,,
Person search,2017-03-16T04:29:00+00:00,,,51.684915,-3.935640,Female,,White - White British (W1),White,Misuse of Drugs Act 1971 (section 23),Controlled drugs,Nothing found - no further action,False,
Person search,2017-03-16T04:29:00+00:00,,,51.684915,-3.935640,Female,,White - White British (W1),White,Misuse of Drugs Act 1971 (section 23),Controlled drugs,Nothing found - no further action,False,
Person search,2017-03-16T04:29:00+00:00,,,51.684915,-3.935640,Female,,White - White British (W1),White,Misuse of Drugs Act 1971 (section 23),Controlled drugs,Nothing found - no further action,False,
Person search,2017-03-16T06:13:00+00:00,,,51.709516,-3.424048,Male,,White - White British (W1),White,Police and Criminal Evidence Act 1984 (section 1),Article for use in theft,Nothing found - no further action,False,
Person search,2017-03-16T06:14:00+00:00,,,51.709516,-3.424048,Female,,White - White British (W1),White,Police and Criminal Evidence Act 1984 (section 1),Article for use in theft,Nothing found - no further action,False,
Person search,2017-03-16T12:39:00+00:00,,,51.495998,-3.180725,Male,,White - Any other White ethnic background (W9),White,Misuse of Drugs Act 1971 (section 23),Controlled drugs,,,
Person search,2017-03-16T12:39:00+00:00,,,51.495998,-3.180725,Male,,White - Any other White ethnic background (W9),White,Misuse of Drugs Act 1971 (section 23),Controlled drugs,Nothing found - no further action,False,
Person search,2017-03-16T12:39:00+00:00,,,51.495998,-3.180725,Male,,White - Any other White ethnic background (W9),White,Misuse of Drugs Act 1971 (section 23),Controlled drugs,,,
Person search,2017-03-16T13:34:00+00:00,,,51.475597,-3.172538,Female,,White - White British (W1),White,Misuse of Drugs Act 1971 (section 23),Controlled drugs,Nothing found - no further action,False,
Person search,2017-03-16T13:34:00+00:00,,,51.475597,-3.172538,Male,,White - White British (W1),White,Misuse of Drugs Act 1971 (section 23),Controlled drugs,Nothing found - no further action,False,
Person search,2017-03-16T14:33:00+00:00,,,51.607380,-3.651650,Male,,White - White British (W1),White,Police and Criminal Evidence Act 1984 (section 1),,Suspect arrested,False,
Person search,2017-03-16T14:53:00+00:00,,,51.760453,-3.373487,Male,,White - White British (W1),White,Misuse of Drugs Act 1971 (section 23),Controlled drugs,Nothing found - no further action,False,
Person search,2017-03-16T15:07:00+00:00,,,51.762625,-3.381566,Male,,White - White British (W1),White,Misuse of Drugs Act 1971 (section 23),Controlled drugs,Nothing found - no further action,False,
Person search,2017-03-16T16:05:00+00:00,,,51.620085,-3.413445,Male,,White - White British (W1),White,Misuse of Drugs Act 1971 (section 23),Controlled drugs,Nothing found - no further action,False,
Person and Vehicle search,2017-03-16T17:14:00+00:00,,,51.496419,-3.574955,Male,,White - White British (W1),White,Misuse of Drugs Act 1971 (section 23),Controlled drugs,Nothing found - no further action,False,
Person and Vehicle search,2017-03-16T17:14:00+00:00,,,51.496419,-3.574955,Male,,White - White British (W1),White,Misuse of Drugs Act 1971 (section 23),Controlled drugs,Nothing found - no further action,False,
Person search,2017-03-16T19:13:00+00:00,,,51.486841,-3.212808,Male,,White - White British (W1),White,Police and Criminal Evidence Act 1984 (section 1),,Nothing found - no further action,False,
Person search,2017-03-16T19:13:00+00:00,,,51.486841,-3.212808,Male,,White - White British (W1),White,Police and Criminal Evidence Act 1984 (section 1),,Nothing found - no further action,False,
Person search,2017-03-17T00:03:00+00:00,,,51.620809,-3.969676,Male,,White - White British (W1),White,Misuse of Drugs Act 1971 (section 23),Controlled drugs,Nothing found - no further action,False,
Person search,2017-03-17T00:07:00+00:00,,,51.620809,-3.969676,Male,,White - White British (W1),White,Misuse of Drugs Act 1971 (section 23),Controlled drugs,Nothing found - no further action,False,
Person search,2017-03-17T00:32:00+00:00,,,51.481709,-3.246817,Male,,White - White British (W1),White,Police and Criminal Evidence Act 1984 (section 1),,Nothing found - no further action,False,
Person search,2017-03-17T01:37:00+00:00,,,51.661669,-3.803562,Male,,White - White British (W1),White,Misuse of Drugs Act 1971 (section 23),Controlled drugs,Suspect arrested,False,
Person search,2017-03-17T06:06:00+00:00,,,51.410563,-3.252012,Male,,White - White British (W1),White,,,,,
Person search,2017-03-17T09:55:00+00:00,,,51.479214,-3.158705,Male,,Black or Black British - Any other Black ethnic background (B9),Black,Misuse of Drugs Act 1971 (section 23),Controlled drugs,Nothing found - no further action,False,
Person search,2017-03-17T17:26:00+00:00,,,51.465869,-3.190240,Male,,Asian or Asian British - Indian (A1),Asian,Misuse of Drugs Act 1971 (section 23),Controlled drugs,Nothing found - no further action,False,
Person search,2017-03-17T17:26:00+00:00,,,51.465869,-3.190240,Male,,Asian or Asian British - Indian (A1),Asian,Misuse of Drugs Act 1971 (section 23),Controlled drugs,Nothing found - no further action,False,
Person search,2017-03-17T17:26:00+00:00,,,51.465869,-3.190240,Male,,White - White British (W1),Asian,Misuse of Drugs Act 1971 (section 23),Controlled drugs,Nothing found - no further action,False,
Person search,2017-03-17T19:22:00+00:00,,,51.712493,-3.441685,Male,,White - White British (W1),White,Misuse of Drugs Act 1971 (section 23),Controlled drugs,Nothing found - no further action,False,
Person and Vehicle search,2017-03-17T22:54:00+00:00,,,51.486088,-3.170949,Male,,Black or Black British - Any other Black ethnic background (B9),Black,Misuse of Drugs Act 1971 (section 23),Controlled drugs,Nothing found - no further action,False,
Person and Vehicle search,2017-03-17T22:54:00+00:00,,,51.486088,-3.170949,Male,,Black or Black British - Caribbean (B1),Black,Misuse of Drugs Act 1971 (section 23),Controlled drugs,Nothing found - no further action,False,
Person and Vehicle search,2017-03-17T22:54:00+00:00,,,51.486088,-3.170949,Male,,Black or Black British - Any other Black ethnic background (B9),,Misuse of Drugs Act 1971 (section 23),Controlled drugs,Nothing found - no further action,False,
Person search,2017-03-17T22:55:00+00:00,,,51.482008,-3.258418,Male,,White - White British (W1),White,Police and Criminal Evidence Act 1984 (section 1),,Suspect arrested,False,
Person search,2017-03-17T22:55:00+00:00,,,51.476931,-3.192717,Male,,White - White British (W1),White,Misuse of Drugs Act 1971 (section 23),Controlled drugs,Nothing found - no further action,False,
Person search,2017-03-18T00:02:00+00:00,,,51.601712,-3.829502,Male,,White - White British (W1),White,Misuse of Drugs Act 1971 (section 23),Controlled drugs,Nothing found - no further action,False,
Person search,2017-03-18T02:39:00+00:00,,,,,Male,,White - White British (W1),White,Misuse of Drugs Act 1971 (section 23),Controlled drugs,Offender given drugs possession warning,True,
Person search,2017-03-18T04:00:00+00:00,,,51.482153,-3.216572,Male,,White - White British (W1),White,Police and Criminal Evidence Act 1984 (section 1),Article for use in theft,Nothing found - no further action,False,
Person search,2017-03-18T04:01:00+00:00,,,51.482153,-3.216572,Male,,White - White British (W1),White,Police and Criminal Evidence Act 1984 (section 1),Stolen goods,Nothing found - no further action,False,
Person search,2017-03-18T19:12:00+00:00,,,,,Female,,Mixed - Any other Mixed ethnic background (M9),White,Misuse of Drugs Act 1971 (section 23),Controlled drugs,Nothing found - no further action,False,
Person search,2017-03-18T20:49:00+00:00,,,51.528878,-3.218913,Male,,White - White British (W1),White,Misuse of Drugs Act 1971 (section 23),Controlled drugs,Nothing found - no further action,False,
Person and Vehicle search,2017-03-18T22:21:00+00:00,,,51.743792,-3.377283,Male,,White - White British (W1),White,Misuse of Drugs Act 1971 (section 23),Controlled drugs,Nothing found - no further action,False,
Person search,2017-03-18T22:28:00+00:00,,,51.489899,-3.181057,Male,,White - White British (W1),White,Police and Criminal Evidence Act 1984 (section 1),Article for use in theft,Suspect arrested,True,
Person search,2017-03-19T05:48:00+00:00,,,51.533019,-3.253409,Male,,White - White British (W1),White,Misuse of Drugs Act 1971 (section 23),Controlled drugs,Offender given drugs possession warning,True,
Person and Vehicle search,2017-03-19T05:59:00+00:00,,,51.431654,-3.187682,Female,,White - White British (W1),White,Misuse of Drugs Act 1971 (section 23),Controlled drugs,Nothing found - no further action,False,
Person search,2017-03-19T06:02:00+00:00,,,51.506673,-3.191318,Male,,White - White British (W1),White,Misuse of Drugs Act 1971 (section 23),Controlled drugs,Nothing found - no further action,False,
Person search,2017-03-19T06:03:00+00:00,,,51.475515,-3.252638,Male,,Not Stated (NS),,Police and Criminal Evidence Act 1984 (section 1),,Nothing found - no further action,False,
Person search,2017-03-19T08:57:00+00:00,,,51.480529,-3.257196,Male,,White - White British (W1),White,Police and Criminal Evidence Act 1984 (section 1),Offensive weapons,Offender given drugs possession warning,False,
Person search,2017-03-19T16:44:00+00:00,,,51.598937,-3.341376,Male,,White - White British (W1),White,Misuse of Drugs Act 1971 (section 23),Controlled drugs,Suspect arrested,True,
Person search,2017-03-19T16:53:00+00:00,,,51.488700,-3.202530,Male,,White - Any other White ethnic background (W9),White,Police and Criminal Evidence Act 1984 (section 1),Stolen goods,Nothing found - no further action,False,
Person search,2017-03-19T16:59:00+00:00,,,51.486225,-3.190381,Male,,White - White British (W1),White,Police and Criminal Evidence Act 1984 (section 1),Articles for use in criminal damage,Nothing found - no further action,False,
Person search,2017-03-19T16:59:00+00:00,,,51.495998,-3.180725,Male,,White - White British (W1),White,Police and Criminal Evidence Act 1984 (section 1),Article for use in theft,Suspect arrested,False,
Person search,2017-03-19T16:59:00+00:00,,,51.486225,-3.190381,Male,,White - White British (W1),White,Police and Criminal Evidence Act 1984 (section 1),Articles for use in criminal damage,Nothing found - no further action,False,
Person search,2017-03-19T22:39:00+00:00,,,51.491727,-3.136134,Male,,White - White British (W1),White,Police and Criminal Evidence Act 1984 (section 1),Stolen goods,Nothing found - no further action,False,
Person search,2017-03-19T23:47:00+00:00,,,51.649431,-3.931815,Male,,White - White British (W1),White,Police and Criminal Evidence Act 1984 (section 1),Article for use in theft,Nothing found - no further action,False,
Person search,2017-03-20T01:19:00+00:00,,,51.672604,-4.001629,Male,,White - White British (W1),White,Misuse of Drugs Act 1971 (section 23),Controlled drugs,Nothing found - no further action,False,
Person search,2017-03-20T04:41:00+00:00,,,51.742395,-3.377632,Male,,White - White British (W1),White,Police and Criminal Evidence Act 1984 (section 1),Article for use in theft,Nothing found - no further action,False,
Person search,2017-03-20T06:24:00+00:00,,,51.480722,-3.147165,Male,,Black or Black British - African (B2),Black,Police and Criminal Evidence Act 1984 (section 1),Article for use in theft,Suspect arrested,False,
Person search,2017-03-20T09:38:00+00:00,,,51.414490,-3.256476,Female,,White - White British (W1),White,Police and Criminal Evidence Act 1984 (section 1),Stolen goods,Suspect arrested,False,
Person and Vehicle search,2017-03-20T13:54:00+00:00,,,51.527484,-3.139345,Male,,White - White British (W1),White,Police and Criminal Evidence Act 1984 (section 1),Controlled drugs,Nothing found - no further action,False,
Person search,2017-03-20T13:57:00+00:00,,,51.486225,-3.190381,Female,,White - White British (W1),White,Misuse of Drugs Act 1971 (section 23),Controlled drugs,Nothing found - no further action,False,
Person search,2017-03-20T23:15:00+00:00,,,51.440250,-3.192969,Male,,White - White British (W1),White,Police and Criminal Evidence Act 1984 (section 1),,Nothing found - no further action,False,
Person search,2017-03-20T23:17:00+00:00,,,51.492979,-3.170679,Male,,White - White British (W1),White,Misuse of Drugs Act 1971 (section 23),Controlled drugs,Nothing found - no further action,False,
Person search,2017-03-21T01:29:00+00:00,,,51.597023,-3.539754,Male,,White - White British (W1),White,Misuse of Drugs Act 1971 (section 23),Controlled drugs,Nothing found - no further action,False,
Person search,2017-03-21T04:51:00+00:00,,,51.655419,-3.923670,Male,,Not Stated (NS),White,Police and Criminal Evidence Act 1984 (section 1),,Nothing found - no further action,False,
Person search,2017-03-21T04:51:00+00:00,,,51.655419,-3.923670,Male,,White - White British (W1),White,Police and Criminal Evidence Act 1984 (section 1),Stolen goods,Nothing found - no further action,False,
Person and Vehicle search,2017-03-21T09:01:00+00:00,,,51.638180,-3.818223,Male,,White - White British (W1),White,Police and Criminal Evidence Act 1984 (section 1),Article for use in theft,Nothing found - no further action,False,
Person and Vehicle search,2017-03-21T09:01:00+00:00,,,51.638180,-3.818223,Female,,White - White British (W1),White,Police and Criminal Evidence Act 1984 (section 1),Article for use in theft,Nothing found - no further action,False,
Person and Vehicle search,2017-03-21T09:01:00+00:00,,,51.662684,-3.800147,Male,,White - White British (W1),White,Misuse of Drugs Act 1971 (section 23),Controlled drugs,Nothing found - no further action,False,
Person and Vehicle search,2017-03-21T09:01:00+00:00,,,51.662684,-3.800147,Male,,White - White British (W1),White,Misuse of Drugs Act 1971 (section 23),Controlled drugs,Nothing found - no further action,False,
Person and Vehicle search,2017-03-21T09:01:00+00:00,,,51.661318,-3.808247,Male,,White - White British (W1),White,Police and Criminal Evidence Act 1984 (section 1),Article for use in theft,Nothing found - no further action,False,
Person and Vehicle search,2017-03-21T09:01:00+00:00,,,51.662378,-3.927608,Male,,White - White British (W1),White,Police and Criminal Evidence Act 1984 (section 1),,Nothing found - no further action,,
Person and Vehicle search,2017-03-21T09:01:00+00:00,,,51.662378,-3.927608,Male,,White - White British (W1),White,Police and Criminal Evidence Act 1984 (section 1),Article for use in theft,Nothing found - no further action,False,
Person and Vehicle search,2017-03-21T09:01:00+00:00,,,51.661318,-3.808247,Female,,White - White British (W1),White,Police and Criminal Evidence Act 1984 (section 1),Article for use in theft,Nothing found - no further action,False,
Person and Vehicle search,2017-03-21T09:01:00+00:00,,,51.659926,-3.802886,Male,,White - White British (W1),White,Police and Criminal Evidence Act 1984 (section 1),Article for use in theft,Nothing found - no further action,False,
Person and Vehicle search,2017-03-21T09:01:00+00:00,,,51.662684,-3.800147,Male,,White - White British (W1),White,Police and Criminal Evidence Act 1984 (section 1),,Nothing found - no further action,,
Person and Vehicle search,2017-03-21T09:01:00+00:00,,,51.587410,-4.005272,Female,,White - White British (W1),White,Misuse of Drugs Act 1971 (section 23),Controlled drugs,Nothing found - no further action,False,
Person and Vehicle search,2017-03-21T09:01:00+00:00,,,51.662684,-3.800147,Male,,White - White British (W1),White,Police and Criminal Evidence Act 1984 (section 1),Controlled drugs,Nothing found - no further action,False,
Person and Vehicle search,2017-03-21T09:01:00+00:00,,,51.662684,-3.800147,Female,,White - White British (W1),White,Police and Criminal Evidence Act 1984 (section 1),Article for use in theft,Nothing found - no further action,False,
Person and Vehicle search,2017-03-21T09:01:00+00:00,,,51.638180,-3.818223,Male,,White - White British (W1),White,Police and Criminal Evidence Act 1984 (section 1),Article for use in theft,Nothing found - no further action,False,
Person and Vehicle search,2017-03-21T09:01:00+00:00,,,51.662684,-3.800147,Male,,White - White British (W1),White,Police and Criminal Evidence Act 1984 (section 1),Stolen goods,Nothing found - no further action,False,
Person and Vehicle search,2017-03-21T09:01:00+00:00,,,51.638180,-3.818223,Male,,White - White British (W1),White,Police and Criminal Evidence Act 1984 (section 1),Article for use in theft,Nothing found - no further action,False,
Person and Vehicle search,2017-03-21T09:01:00+00:00,,,51.662684,-3.800147,Male,,Black or Black British - Caribbean (B1),Black,Police and Criminal Evidence Act 1984 (section 1),Controlled drugs,Nothing found - no further action,False,
Person search,2017-03-21T12:53:00+00:00,,,51.468942,-3.187829,Male,,White - White British (W1),White,Misuse of Drugs Act 1971 (section 23),Controlled drugs,Nothing found - no further action,False,
Person and Vehicle search,2017-03-21T16:11:00+00:00,,,51.618109,-3.964431,Male,,White - White British (W1),White,Misuse of Drugs Act 1971 (section 23),,Nothing found - no further action,,
Person and Vehicle search,2017-03-21T16:11:00+00:00,,,51.621971,-4.025534,Male,,Black or Black British - Caribbean (B1),Black,Misuse of Drugs Act 1971 (section 23),Controlled drugs,Nothing found - no further action,False,
Person search,2017-03-21T21:55:00+00:00,,,51.631282,-3.942343,Male,,White - White British (W1),White,Misuse of Drugs Act 1971 (section 23),Controlled drugs,Nothing found - no further action,False,
Person search,2017-03-21T22:14:00+00:00,,,51.684069,-3.400914,Male,,White - White British (W1),White,Misuse of Drugs Act 1971 (section 23),Controlled drugs,Nothing found - no further action,False,
Person and Vehicle search,2017-03-22T00:17:00+00:00,,,51.568728,-3.326029,Male,,White - White British (W1),White,Police and Criminal Evidence Act 1984 (section 1),Controlled drugs,Nothing found - no further action,False,
Person and Vehicle search,2017-03-22T03:11:00+00:00,,,51.537771,-3.385703,Male,,White - White British (W1),White,Police and Criminal Evidence Act 1984 (section 1),Article for use in theft,Nothing found - no further action,False,
Person search,2017-03-22T13:42:00+00:00,,,51.615128,-3.955028,Male,,Asian or Asian British - Pakistani (A2),Asian,Misuse of Drugs Act 1971 (section 23),Controlled drugs,Suspect arrested,True,
Person search,2017-03-22T14:51:00+00:00,,,51.751242,-3.375351,Male,,White - White British (W1),White,Misuse of Drugs Act 1971 (section 23),Controlled drugs,Nothing found - no further action,False,
Person search,2017-03-22T16:18:00+00:00,,,51.617489,-3.944932,Male,,Asian or Asian British - Bangladeshi (A3),Other,Misuse of Drugs Act 1971 (section 23),Controlled drugs,Nothing found - no further action,False,
Person search,2017-03-22T17:04:00+00:00,,,,,Male,,Not Stated (NS),,Police and Criminal Evidence Act 1984 (section 1),Article for use in theft,Nothing found - no further action,False,
Person search,2017-03-22T17:04:00+00:00,,,,,Male,,White - Any other White ethnic background (W9),White,Police and Criminal Evidence Act 1984 (section 1),Article for use in theft,Nothing found - no further action,False,
Person search,2017-03-22T21:13:00+00:00,,,51.481140,-3.179290,Male,,White - White British (W1),White,,Stolen goods,Nothing found - no further action,False,
Person search,2017-03-22T21:38:00+00:00,,,51.623409,-3.339324,Male,,White - White British (W1),White,Police and Criminal Evidence Act 1984 (section 1),Offensive weapons,Nothing found - no further action,False,
Person search,2017-03-22T22:42:00+00:00,,,51.598010,-3.343775,Male,,White - White British (W1),White,Police and Criminal Evidence Act 1984 (section 1),Article for use in theft,Nothing found - no further action,False,
Person search,2017-03-22T22:42:00+00:00,,,51.598010,-3.343775,Male,,White - White British (W1),White,Police and Criminal Evidence Act 1984 (section 1),Article for use in theft,Nothing found - no further action,False,
Person search,2017-03-22T22:46:00+00:00,,,51.623409,-3.339324,Male,,White - White British (W1),White,Police and Criminal Evidence Act 1984 (section 1),Offensive weapons,Nothing found - no further action,False,
Person and Vehicle search,2017-03-23T01:05:00+00:00,,,51.387880,-3.349667,Male,,White - White British (W1),White,Misuse of Drugs Act 1971 (section 23),Controlled drugs,Offender given drugs possession warning,True,
Person search,2017-03-23T02:08:00+00:00,,,51.623392,-3.948001,Female,,White - White British (W1),White,Police and Criminal Evidence Act 1984 (section 1),Stolen goods,Nothing found - no further action,False,
Person search,2017-03-23T02:30:00+00:00,,,51.464581,-3.168124,Male,,White - White British (W1),White,Police and Criminal Evidence Act 1984 (section 1),,Nothing found - no further action,False,
Person search,2017-03-23T03:29:00+00:00,,,51.483915,-3.220968,Male,,White - White British (W1),White,Police and Criminal Evidence Act 1984 (section 1),,Nothing found - no further action,False,
Person search,2017-03-23T03:29:00+00:00,,,51.483915,-3.220968,Male,,White - White British (W1),White,Police and Criminal Evidence Act 1984 (section 1),,Nothing found - no further action,False,
Person search,2017-03-23T04:18:00+00:00,,,51.610638,-3.329301,Male,,White - White British (W1),White,Misuse of Drugs Act 1971 (section 23),Controlled drugs,Offender given penalty notice,False,
Person search,2017-03-23T04:22:00+00:00,,,51.528164,-3.124730,Male,,Not Stated (NS),White,,,,,
Person and Vehicle search,2017-03-23T12:26:00+00:00,,,51.581771,-4.050578,Male,,Black or Black British - Caribbean (B1),Black,Police and Criminal Evidence Act 1984 (section 1),Controlled drugs,Nothing found - no further action,False,
Person and Vehicle search,2017-03-23T12:26:00+00:00,,,51.581771,-4.050578,Male,,Black or Black British - Caribbean (B1),Black,Police and Criminal Evidence Act 1984 (section 1),Controlled drugs,Nothing found - no further action,False,
Person search,2017-03-23T12:36:00+00:00,,,51.610638,-3.329301,Female,,White - White British (W1),White,Misuse of Drugs Act 1971 (section 23),Controlled drugs,Suspect arrested,True,
Person search,2017-03-23T13:06:00+00:00,,,51.615245,-3.411374,Male,,White - White British (W1),White,Police and Criminal Evidence Act 1984 (section 1),Offensive weapons,Nothing found - no further action,False,
Person search,2017-03-23T17:31:00+00:00,,,51.476705,-3.202546,Male,,White - White British (W1),White,Police and Criminal Evidence Act 1984 (section 1),Stolen goods,Suspect arrested,True,
Person search,2017-03-23T17:55:00+00:00,,,51.483701,-3.231072,Male,,White - White British (W1),White,Police and Criminal Evidence Act 1984 (section 1),Offensive weapons,Nothing found - no further action,False,
Person search,2017-03-23T23:58:00+00:00,,,51.424672,-3.258712,Male,,White - White British (W1),White,Police and Criminal Evidence Act 1984 (section 1),,Nothing found - no further action,False,
Person search,2017-03-23T23:58:00+00:00,,,51.424672,-3.258712,Male,,White - White British (W1),White,Police and Criminal Evidence Act 1984 (section 1),,Nothing found - no further action,False,
Person search,2017-03-24T00:01:00+00:00,,,51.538325,-3.201834,Male,,Not Stated (NS),White,Police and Criminal Evidence Act 1984 (section 1),Articles for use in criminal damage,Nothing found - no further action,False,
Person search,2017-03-24T00:03:00+00:00,,,51.538325,-3.201834,Male,,White - White British (W1),White,Police and Criminal Evidence Act 1984 (section 1),Articles for use in criminal damage,,,
Person search,2017-03-24T02:22:00+00:00,,,51.618017,-3.320041,Male,,White - White British (W1),White,Misuse of Drugs Act 1971 (section 23),Controlled drugs,Nothing found - no further action,False,
Person search,2017-03-24T04:35:00+00:00,,,51.670149,-3.364289,Male,,White - White British (W1),White,Police and Criminal Evidence Act 1984 (section 1),Offensive weapons,Nothing found - no further action,False,
Person search,2017-03-24T09:05:00+00:00,,,51.754117,-3.408920,Male,,White - White British (W1),White,Misuse of Drugs Act 1971 (section 23),Controlled drugs,Nothing found - no further action,False,
Person search,2017-03-24T09:23:00+00:00,,,51.485992,-3.166222,Male,,White - White British (W1),White,Misuse of Drugs Act 1971 (section 23),Controlled drugs,Nothing found - no further action,False,
Person search,2017-03-24T10:02:00+00:00,,,51.519357,-3.708625,Male,,White - Any other White ethnic background (W9),White,Police and Criminal Evidence Act 1984 (section 1),,Nothing found - no further action,,
Person search,2017-03-24T10:52:00+00:00,,,51.501730,-3.575873,Male,,White - White British (W1),White,Misuse of Drugs Act 1971 (section 23),Controlled drugs,Offender given drugs possession warning,True,
Person search,2017-03-24T10:58:00+00:00,,,51.472643,-3.178365,Male,,White - White British (W1),White,Police and Criminal Evidence Act 1984 (section 1),Stolen goods,Suspect arrested,True,
Person search,2017-03-24T15:26:00+00:00,,,51.643488,-3.968606,Male,,White - White British (W1),White,Police and Criminal Evidence Act 1984 (section 1),Article for use in theft,Suspect arrested,False,
Person search,2017-03-24T15:34:00+00:00,,,51.651877,-3.958402,Male,,White - White British (W1),White,Misuse of Drugs Act 1971 (section 23),Controlled drugs,Nothing found - no further action,False,
Person search,2017-03-24T17:26:00+00:00,,,51.476854,-3.704703,Male,,White - White British (W1),White,Police and Criminal Evidence Act 1984 (section 1),Offensive weapons,Nothing found - no further action,False,
Person and Vehicle search,2017-03-24T17:39:00+00:00,,,51.612761,-3.447058,Male,,White - White British (W1),White,Misuse of Drugs Act 1971 (section 23),Controlled drugs,Suspect arrested,True,
Person search,2017-03-24T20:34:00+00:00,,,51.485571,-3.227652,Male,,White - White British (W1),White,Police and Criminal Evidence Act 1984 (section 1),,Nothing found - no further action,False,
Person search,2017-03-24T21:03:00+00:00,,,,,Male,,White - White British (W1),White,Misuse of Drugs Act 1971 (section 23),Controlled drugs,Nothing found - no further action,False,
Person search,2017-03-24T22:04:00+00:00,,,51.480913,-3.181286,Male,,White - White British (W1),White,Misuse of Drugs Act 1971 (section 23),Controlled drugs,Nothing found - no further action,False,
Person search,2017-03-25T01:26:00+00:00,,,,,Male,,White - White British (W1),White,Misuse of Drugs Act 1971 (section 23),Controlled drugs,Nothing found - no further action,False,
Person search,2017-03-25T01:42:00+00:00,,,51.620832,-3.953742,Male,,White - White British (W1),White,Misuse of Drugs Act 1971 (section 23),Controlled drugs,Nothing found - no further action,False,
Person search,2017-03-25T01:42:00+00:00,,,51.547088,-3.265448,Female,,White - Any other White ethnic background (W9),White,Police and Criminal Evidence Act 1984 (section 1),Offensive weapons,Suspect arrested,True,
Person search,2017-03-25T01:54:00+00:00,,,51.620832,-3.953742,Male,,White - White British (W1),White,Misuse of Drugs Act 1971 (section 23),Controlled drugs,Nothing found - no further action,False,
Person search,2017-03-25T02:49:00+00:00,,,51.405959,-3.454450,Male,,White - White British (W1),White,Misuse of Drugs Act 1971 (section 23),Controlled drugs,Nothing found - no further action,False,
Person search,2017-03-25T02:49:00+00:00,,,51.405959,-3.454450,Male,,White - White British (W1),White,Misuse of Drugs Act 1971 (section 23),Controlled drugs,Nothing found - no further action,False,
Person search,2017-03-25T04:08:00+00:00,,,51.673422,-3.369651,Male,,White - White British (W1),White,Police and Criminal Evidence Act 1984 (section 1),Article for use in theft,Nothing found - no further action,False,
Person search,2017-03-25T04:08:00+00:00,,,51.673422,-3.369651,Male,,White - White British (W1),White,Police and Criminal Evidence Act 1984 (section 1),Article for use in theft,Nothing found - no further action,False,
Person search,2017-03-25T04:41:00+00:00,,,51.492979,-3.170679,Male,,Mixed - Any other Mixed ethnic background (M9),Black,Police and Criminal Evidence Act 1984 (section 1),Article for use in theft,Nothing found - no further action,False,
Person and Vehicle search,2017-03-25T15:38:00+00:00,,,51.464709,-3.170632,Male,,Black or Black British - African (B2),Black,Misuse of Drugs Act 1971 (section 23),Controlled drugs,Nothing found - no further action,False,
Person and Vehicle search,2017-03-25T15:38:00+00:00,,,51.475854,-3.171104,Male,,White - White British (W1),White,Misuse of Drugs Act 1971 (section 23),Controlled drugs,Nothing found - no further action,False,
Person and Vehicle search,2017-03-25T15:38:00+00:00,,,51.471385,-3.176518,Male,,White - White British (W1),White,Misuse of Drugs Act 1971 (section 23),,Nothing found - no further action,False,
Person and Vehicle search,2017-03-25T15:38:00+00:00,,,51.462058,-3.169556,Male,,White - White British (W1),White,Misuse of Drugs Act 1971 (section 23),Controlled drugs,Nothing found - no further action,False,
Person and Vehicle search,2017-03-25T15:38:00+00:00,,,51.464709,-3.170632,Female,,Black or Black British - Caribbean (B1),Black,Misuse of Drugs Act 1971 (section 23),Controlled drugs,Nothing found - no further action,False,
Person and Vehicle search,2017-03-25T15:38:00+00:00,,,51.465575,-3.166752,Male,,Black or Black British - African (B2),Black,Misuse of Drugs Act 1971 (section 23),Controlled drugs,Nothing found - no further action,False,
Person and Vehicle search,2017-03-25T15:38:00+00:00,,,51.464709,-3.170632,Male,,White - White British (W1),White,Misuse of Drugs Act 1971 (section 23),Controlled drugs,Nothing found - no further action,False,
Person and Vehicle search,2017-03-25T15:38:00+00:00,,,51.471385,-3.176518,Male,,White - White British (W1),,Misuse of Drugs Act 1971 (section 23),Controlled drugs,Nothing found - no further action,False,
Person and Vehicle search,2017-03-25T15:38:00+00:00,,,51.475854,-3.171104,Male,,White - White British (W1),White,Misuse of Drugs Act 1971 (section 23),Controlled drugs,Nothing found - no further action,False,
Person and Vehicle search,2017-03-25T15:38:00+00:00,,,51.475854,-3.171104,Male,,White - White British (W1),White,Misuse of Drugs Act 1971 (section 23),Controlled drugs,Nothing found - no further action,False,
Person and Vehicle search,2017-03-25T15:38:00+00:00,,,51.475854,-3.171104,Male,,White - White British (W1),White,Misuse of Drugs Act 1971 (section 23),Controlled drugs,Nothing found - no further action,False,
Person and Vehicle search,2017-03-25T15:38:00+00:00,,,51.475854,-3.171104,Female,,White - White British (W1),White,Misuse of Drugs Act 1971 (section 23),Controlled drugs,Nothing found - no further action,False,
Person and Vehicle search,2017-03-25T15:38:00+00:00,,,51.464709,-3.170632,Female,,White - White British (W1),White,Misuse of Drugs Act 1971 (section 23),Controlled drugs,Nothing found - no further action,False,
Person and Vehicle search,2017-03-25T15:38:00+00:00,,,51.464709,-3.170632,Female,,White - White British (W1),White,Misuse of Drugs Act 1971 (section 23),Controlled drugs,Nothing found - no further action,False,
Person search,2017-03-25T16:33:00+00:00,,,51.522571,-3.232178,Male,,White - White British (W1),White,Misuse of Drugs Act 1971 (section 23),Controlled drugs,Suspect arrested,True,
Person search,2017-03-25T17:12:00+00:00,,,51.616719,-3.989837,Male,,White - White British (W1),White,Police and Criminal Evidence Act 1984 (section 1),Stolen goods,Nothing found - no further action,False,
Person and Vehicle search,2017-03-25T18:37:00+00:00,,,51.519847,-3.101940,Male,,White - White British (W1),White,Police and Criminal Evidence Act 1984 (section 1),Article for use in theft,Suspect arrested,False,
Person and Vehicle search,2017-03-25T18:37:00+00:00,,,51.519847,-3.101940,Male,,Mixed - Any other Mixed ethnic background (M9),Asian,Police and Criminal Evidence Act 1984 (section 1),Article for use in theft,Suspect arrested,False,
Person search,2017-03-25T19:42:00+00:00,,,51.478442,-3.189127,Male,,White - White British (W1),White,Police and Criminal Evidence Act 1984 (section 1),Stolen goods,Nothing found - no further action,False,
Person search,2017-03-25T19:47:00+00:00,,,51.483717,-3.239800,Male,,Mixed - Any other Mixed ethnic background (M9),Black,Misuse of Drugs Act 1971 (section 23),Controlled drugs,Nothing found - no further action,False,
Person search,2017-03-25T20:32:00+00:00,,,51.619817,-3.940654,Male,,White - White British (W1),White,Misuse of Drugs Act 1971 (section 23),Controlled drugs,Nothing found - no further action,False,
Person search,2017-03-25T20:42:00+00:00,,,51.619817,-3.940654,Male,,White - White British (W1),White,Misuse of Drugs Act 1971 (section 23),Controlled drugs,Nothing found - no further action,False,
Person search,2017-03-25T21:27:00+00:00,,,51.482687,-3.203178,Male,,White - White British (W1),White,Police and Criminal Evidence Act 1984 (section 1),Article for use in theft,Nothing found - no further action,False,
Person search,2017-03-25T22:14:00+00:00,,,51.393099,-3.399926,Male,,White - White British (W1),,Misuse of Drugs Act 1971 (section 23),Controlled drugs,Nothing found - no further action,False,
Person search,2017-03-25T22:28:00+00:00,,,51.472366,-3.206449,Female,,Not Stated (NS),White,Police and Criminal Evidence Act 1984 (section 1),,Offender cautioned,False,
Person search,2017-03-25T23:34:00+00:00,,,51.621578,-3.942954,Male,,White - White British (W1),White,Misuse of Drugs Act 1971 (section 23),Controlled drugs,Nothing found - no further action,False,
Person search,2017-03-26T00:08:00+00:00,,,51.640928,-3.976979,Male,,White - White British (W1),White,Police and Criminal Evidence Act 1984 (section 1),,Suspect arrested,False,
Person search,2017-03-26T00:56:00+00:00,,,51.485571,-3.227652,Male,,White - White British (W1),White,Police and Criminal Evidence Act 1984 (section 1),Article for use in theft,Nothing found - no further action,False,
Person search,2017-03-26T01:40:00+00:00,,,51.626583,-3.457119,Male,,White - White British (W1),White,Police and Criminal Evidence Act 1984 (section 1),Offensive weapons,Nothing found - no further action,False,
Person search,2017-03-26T01:59:00+00:00,,,51.633476,-3.820000,Male,,White - White British (W1),White,Police and Criminal Evidence Act 1984 (section 1),,Nothing found - no further action,False,
Person search,2017-03-26T02:00:00+00:00,,,51.583138,-3.768811,Male,,White - White British (W1),White,Police and Criminal Evidence Act 1984 (section 1),Stolen goods,Nothing found - no further action,False,
Person search,2017-03-26T06:56:00+00:00,,,51.477041,-3.235962,Male,,Not Stated (NS),White,Police and Criminal Evidence Act 1984 (section 1),Article for use in theft,Nothing found - no further action,False,
Person search,2017-03-26T07:11:00+00:00,,,51.477041,-3.235962,Male,,Not Stated (NS),White,Police and Criminal Evidence Act 1984 (section 1),Article for use in theft,Nothing found - no further action,False,
Person search,2017-03-26T07:46:00+00:00,,,51.480217,-3.237502,Male,,White - White British (W1),White,Police and Criminal Evidence Act 1984 (section 1),Article for use in theft,Nothing found - no further action,False,
Person search,2017-03-26T07:57:00+00:00,,,51.480217,-3.237502,Male,,Not Stated (NS),White,Police and Criminal Evidence Act 1984 (section 1),Article for use in theft,Nothing found - no further action,False,
Person and Vehicle search,2017-03-26T15:46:00+00:00,,,51.627668,-3.823423,Male,,White - White British (W1),White,Misuse of Drugs Act 1971 (section 23),Controlled drugs,Nothing found - no further action,False,
Person and Vehicle search,2017-03-26T21:59:00+00:00,,,51.620274,-3.959150,Male,,White - White British (W1),White,Misuse of Drugs Act 1971 (section 23),Controlled drugs,Nothing found - no further action,False,
Person and Vehicle search,2017-03-26T21:59:00+00:00,,,51.620274,-3.959150,Female,,White - White British (W1),White,Misuse of Drugs Act 1971 (section 23),Controlled drugs,Nothing found - no further action,False,
Person search,2017-03-27T01:28:00+00:00,,,51.531267,-3.724959,Male,,White - White British (W1),White,Police and Criminal Evidence Act 1984 (section 1),,Suspect arrested,False,
Person and Vehicle search,2017-03-27T02:58:00+00:00,,,51.487406,-3.159590,Female,,White - White British (W1),White,,,Nothing found - no further action,False,
Person and Vehicle search,2017-03-27T02:58:00+00:00,,,51.487406,-3.159590,Female,,White - White British (W1),White,,,Nothing found - no further action,False,
Person and Vehicle search,2017-03-27T02:58:00+00:00,,,51.487406,-3.159590,Female,,White - White British (W1),White,,,Nothing found - no further action,False,
Person search,2017-03-27T04:27:00+00:00,,,51.487844,-3.158089,Male,,White - White British (W1),White,Police and Criminal Evidence Act 1984 (section 1),,Nothing found - no further action,False,
Person search,2017-03-27T12:35:00+00:00,,,51.527985,-3.196415,Male,,White - White British (W1),White,Misuse of Drugs Act 1971 (section 23),Controlled drugs,Offender given drugs possession warning,True,
Person search,2017-03-27T12:55:00+00:00,,,,,Male,,White - White British (W1),White,Police and Criminal Evidence Act 1984 (section 1),Stolen goods,Nothing found - no further action,False,
Person search,2017-03-27T18:25:00+00:00,,,51.517265,-3.582203,Male,,White - White British (W1),White,Misuse of Drugs Act 1971 (section 23),Controlled drugs,Suspect arrested,True,
Person search,2017-03-27T22:39:00+00:00,,,51.710139,-3.411938,Male,,White - White British (W1),White,Police and Criminal Evidence Act 1984 (section 1),Offensive weapons,Nothing found - no further action,False,
Person search,2017-03-27T23:01:00+00:00,,,51.483701,-3.231072,Male,,White - White British (W1),White,Police and Criminal Evidence Act 1984 (section 1),Stolen goods,Suspect arrested,False,
Person search,2017-03-28T00:55:00+00:00,,,51.614064,-3.407958,Male,,White - White British (W1),White,Police and Criminal Evidence Act 1984 (section 1),Article for use in theft,Nothing found - no further action,False,
Person search,2017-03-28T03:28:00+00:00,,,51.472753,-3.250273,Male,,White - White British (W1),White,Police and Criminal Evidence Act 1984 (section 1),,Nothing found - no further action,False,
Person search,2017-03-28T05:15:00+00:00,,,,,Male,,White - White British (W1),White,Police and Criminal Evidence Act 1984 (section 1),Article for use in theft,Nothing found - no further action,False,
Person search,2017-03-28T05:25:00+00:00,,,,,Male,,White - White British (W1),White,Police and Criminal Evidence Act 1984 (section 1),Article for use in theft,Nothing found - no further action,False,
Person search,2017-03-28T14:54:00+00:00,,,51.600608,-3.340718,Male,,White - White British (W1),White,Misuse of Drugs Act 1971 (section 23),Controlled drugs,Nothing found - no further action,False,
Person search,2017-03-28T17:55:00+00:00,,,,,Male,,White - White British (W1),White,Police and Criminal Evidence Act 1984 (section 1),,Nothing found - no further action,False,
Person search,2017-03-28T22:05:00+00:00,,,51.670680,-3.931837,Male,,White - White British (W1),White,Misuse of Drugs Act 1971 (section 23),Controlled drugs,Nothing found - no further action,False,
Person search,2017-03-29T00:31:00+00:00,,,51.477810,-3.201696,Male,,White - White British (W1),White,Police and Criminal Evidence Act 1984 (section 1),,Nothing found - no further action,False,
Person search,2017-03-29T01:22:00+00:00,,,51.599883,-3.341982,Male,,White - White British (W1),White,Police and Criminal Evidence Act 1984 (section 1),Stolen goods,Nothing found - no further action,False,
Person search,2017-03-29T07:11:00+00:00,,,51.480913,-3.181286,Male,,White - Any other White ethnic background (W9),White,Police and Criminal Evidence Act 1984 (section 1),Article for use in theft,Nothing found - no further action,False,
Person search,2017-03-29T07:21:00+00:00,,,51.480913,-3.181286,Male,,White - Any other White ethnic background (W9),White,Police and Criminal Evidence Act 1984 (section 1),Article for use in theft,Nothing found - no further action,False,
Person search,2017-03-29T08:14:00+00:00,,,51.483651,-3.172859,Male,,White - White British (W1),White,Police and Criminal Evidence Act 1984 (section 1),,Nothing found - no further action,False,
Person search,2017-03-29T10:03:00+00:00,,,51.440078,-3.216748,Male,,White - White British (W1),White,Misuse of Drugs Act 1971 (section 23),Controlled drugs,Nothing found - no further action,False,
Person and Vehicle search,2017-03-29T13:46:00+00:00,,,,,Male,,White - White British (W1),White,Police and Criminal Evidence Act 1984 (section 1),Stolen goods,Nothing found - no further action,False,
Person and Vehicle search,2017-03-29T13:46:00+00:00,,,,,Male,,White - White British (W1),White,Police and Criminal Evidence Act 1984 (section 1),Stolen goods,Nothing found - no further action,False,
Person search,2017-03-29T17:21:00+00:00,,,51.477749,-3.174061,Male,,White - White British (W1),White,Misuse of Drugs Act 1971 (section 23),,Offender given penalty notice,,
Person search,2017-03-29T17:49:00+00:00,,,51.484048,-3.161838,Male,,Not Stated (NS),,Police and Criminal Evidence Act 1984 (section 1),Article for use in theft,Nothing found - no further action,False,
Person search,2017-03-29T17:49:00+00:00,,,51.484048,-3.161838,Male,,White - White British (W1),White,Police and Criminal Evidence Act 1984 (section 1),Article for use in theft,Nothing found - no further action,False,
Person and Vehicle search,2017-03-29T18:23:00+00:00,,,51.621911,-3.932595,Male,,White - White British (W1),White,Misuse of Drugs Act 1971 (section 23),Controlled drugs,Nothing found - no further action,False,
Person and Vehicle search,2017-03-29T18:23:00+00:00,,,51.621911,-3.932595,Male,,White - White British (W1),White,Misuse of Drugs Act 1971 (section 23),,Nothing found - no further action,,
Person and Vehicle search,2017-03-29T18:23:00+00:00,,,51.621911,-3.932595,Male,,White - White British (W1),White,Misuse of Drugs Act 1971 (section 23),Controlled drugs,Nothing found - no further action,False,
Person search,2017-03-29T23:45:00+00:00,,,51.657765,-3.806602,Male,,White - White British (W1),White,Police and Criminal Evidence Act 1984 (section 1),Article for use in theft,Nothing found - no further action,False,
Person search,2017-03-30T02:54:00+00:00,,,51.656107,-3.442265,Male,,White - White British (W1),White,Police and Criminal Evidence Act 1984 (section 1),Article for use in theft,Nothing found - no further action,False,
Person search,2017-03-30T02:57:00+00:00,,,51.656107,-3.442265,Male,,White - White British (W1),White,Police and Criminal Evidence Act 1984 (section 1),Article for use in theft,Nothing found - no further action,False,
Person search,2017-03-30T03:42:00+00:00,,,51.583545,-3.541059,Male,,White - White British (W1),White,Misuse of Drugs Act 1971 (section 23),Controlled drugs,Nothing found - no further action,False,
Person search,2017-03-30T09:09:00+00:00,,,51.626147,-3.323094,Male,,White - White British (W1),White,Police and Criminal Evidence Act 1984 (section 1),Offensive weapons,Nothing found - no further action,False,
Person search,2017-03-30T09:50:00+00:00,,,51.517265,-3.582203,Male,,White - White British (W1),White,Misuse of Drugs Act 1971 (section 23),Controlled drugs,Nothing found - no further action,False,
Person search,2017-03-30T10:09:00+00:00,,,,,Male,,Asian or Asian British - Bangladeshi (A3),Asian,Police and Criminal Evidence Act 1984 (section 1),,Nothing found - no further action,False,
Person search,2017-03-30T12:52:00+00:00,,,51.491551,-3.154149,Male,,White - White British (W1),White,Police and Criminal Evidence Act 1984 (section 1),,Nothing found - no further action,False,
Person search,2017-03-30T12:52:00+00:00,,,51.491551,-3.154149,Male,,White - White British (W1),White,Police and Criminal Evidence Act 1984 (section 1),,Nothing found - no further action,False,
Person search,2017-03-30T14:42:00+00:00,,,51.483192,-3.171004,Male,,Not Stated (NS),White,Police and Criminal Evidence Act 1984 (section 1),Article for use in theft,Nothing found - no further action,False,
Person search,2017-03-30T14:42:00+00:00,,,51.483192,-3.171004,Male,,White - White British (W1),White,Police and Criminal Evidence Act 1984 (section 1),Article for use in theft,Nothing found - no further action,False,
Person search,2017-03-30T15:15:00+00:00,,,51.636130,-3.655989,Female,,White - White British (W1),White,Police and Criminal Evidence Act 1984 (section 1),,Nothing found - no further action,False,
Person search,2017-03-30T18:38:00+00:00,,,51.638940,-3.815594,Male,,White - White British (W1),White,Misuse of Drugs Act 1971 (section 23),Controlled drugs,Nothing found - no further action,False,
Person search,2017-03-30T18:38:00+00:00,,,51.638940,-3.815594,Male,,White - White British (W1),White,Misuse of Drugs Act 1971 (section 23),Controlled drugs,Nothing found - no further action,False,
Person search,2017-03-30T19:01:00+00:00,,,51.638940,-3.815594,Female,,White - White British (W1),White,Misuse of Drugs Act 1971 (section 23),Controlled drugs,Nothing found - no further action,False,
Person search,2017-03-30T19:01:00+00:00,,,51.638940,-3.815594,Male,,White - White British (W1),White,Misuse of Drugs Act 1971 (section 23),Controlled drugs,Nothing found - no further action,False,
Person search,2017-03-30T19:18:00+00:00,,,51.638940,-3.815594,Male,,White - White British (W1),White,Misuse of Drugs Act 1971 (section 23),Controlled drugs,Nothing found - no further action,False,
Person search,2017-03-30T19:18:00+00:00,,,51.638940,-3.815594,Male,,,,,,,,
Person search,2017-03-30T19:18:00+00:00,,,51.638940,-3.815594,Male,,White - White British (W1),White,Misuse of Drugs Act 1971 (section 23),Controlled drugs,Nothing found - no further action,False,
Person search,2017-03-30T19:18:00+00:00,,,51.638940,-3.815594,Female,,White - White British (W1),White,Misuse of Drugs Act 1971 (section 23),Controlled drugs,Nothing found - no further action,False,
Person search,2017-03-30T19:18:00+00:00,,,51.638940,-3.815594,Male,,White - White British (W1),White,Misuse of Drugs Act 1971 (section 23),Controlled drugs,Nothing found - no further action,False,
Person search,2017-03-30T19:18:00+00:00,,,51.638940,-3.815594,Male,,White - White British (W1),White,,,,,
Person search,2017-03-30T19:18:00+00:00,,,51.638940,-3.815594,Male,,White - White British (W1),White,,,,,
Person and Vehicle search,2017-03-30T22:28:00+00:00,,,51.621911,-3.932595,Female,,White - White British (W1),White,Misuse of Drugs Act 1971 (section 23),Controlled drugs,Nothing found - no further action,False,
Person search,2017-03-31T05:04:00+00:00,,,51.494570,-3.175243,Male,,Black or Black British - Caribbean (B1),Black,Misuse of Drugs Act 1971 (section 23),Controlled drugs,Nothing found - no further action,False,
Person search,2017-03-31T07:51:00+00:00,,,51.472493,-3.178966,Female,,White - White British (W1),White,Misuse of Drugs Act 1971 (section 23),Controlled drugs,Nothing found - no further action,False,
Person search,2017-03-31T07:51:00+00:00,,,51.472493,-3.178966,Male,,White - White British (W1),White,Misuse of Drugs Act 1971 (section 23),Controlled drugs,Nothing found - no further action,False,
Person search,2017-03-31T07:51:00+00:00,,,51.472493,-3.178966,Male,,Black or Black British - African (B2),Black,Misuse of Drugs Act 1971 (section 23),Controlled drugs,Nothing found - no further action,False,
Person search,2017-03-31T07:51:00+00:00,,,51.472493,-3.178966,Female,,White - White British (W1),White,Misuse of Drugs Act 1971 (section 23),Controlled drugs,Nothing found - no further action,False,
Person search,2017-03-31T09:00:00+00:00,,,51.480371,-3.149878,Male,,White - White British (W1),White,Police and Criminal Evidence Act 1984 (section 1),,Suspect arrested,False,
Person search,2017-03-31T10:51:00+00:00,,,51.481403,-3.153778,Male,,White - White British (W1),White,Police and Criminal Evidence Act 1984 (section 1),,Nothing found - no further action,False,
Person search,2017-03-31T15:17:00+00:00,,,51.473626,-3.179009,Male,,White - White British (W1),White,Police and Criminal Evidence Act 1984 (section 1),Offensive weapons,Nothing found - no further action,False,
Person search,2017-03-31T19:50:00+00:00,,,51.623154,-3.456648,Male,,White - White British (W1),White,Misuse of Drugs Act 1971 (section 23),Controlled drugs,Nothing found - no further action,False,
Person search,2017-03-31T21:19:00+00:00,,,51.480836,-3.159294,Male,,White - White British (W1),White,Police and Criminal Evidence Act 1984 (section 1),,Nothing found - no further action,False,
Person search,2017-03-31T21:28:00+00:00,,,51.480131,-3.157893,Male,,White - White British (W1),,Police and Criminal Evidence Act 1984 (section 1),,Nothing found - no further action,False,
Person search,2017-03-31T21:50:00+00:00,,,51.623154,-3.456648,,,White - White British (W1),White,Police and Criminal Evidence Act 1984 (section 1),,Nothing found - no further action,False,
Person search,2017-03-31T22:00:00+00:00,,,51.616804,-3.961789,Male,,White - White British (W1),White,Misuse of Drugs Act 1971 (section 23),Controlled drugs,Nothing found - no further action,False,
