Type,Date,Part of a policing operation,Policing operation,Latitude,Longitude,Gender,Age range,Self-defined ethnicity,Officer-defined ethnicity,Legislation,Object of search,Outcome,Outcome linked to object of search,Removal of more than just outer clothing
Person search,2017-01-01T00:42:00+00:00,,,,,Male,18-24,White - White British (W1),White,Police and Criminal Evidence Act 1984 (section 1),Offensive weapons,Nothing found - no further action,False,
Person search,2017-01-01T01:14:00+00:00,,,51.513485,-3.153003,Male,18-24,White - White British (W1),,Misuse of Drugs Act 1971 (section 23),Controlled drugs,Nothing found - no further action,False,
Person search,2017-01-01T01:24:00+00:00,,,51.495466,-3.154767,Male,18-24,White - White British (W1),White,Misuse of Drugs Act 1971 (section 23),Controlled drugs,Offender given drugs possession warning,True,
Person search,2017-01-01T01:33:00+00:00,,,51.495466,-3.154767,Male,18-24,White - White British (W1),White,Misuse of Drugs Act 1971 (section 23),Controlled drugs,Offender given drugs possession warning,True,
Person search,2017-01-01T01:42:00+00:00,,,51.511063,-3.153274,Male,18-24,White - White British (W1),,Misuse of Drugs Act 1971 (section 23),Controlled drugs,Nothing found - no further action,False,
Person search,2017-01-01T14:56:00+00:00,,,51.613217,-3.660513,Male,25-34,White - White British (W1),,Police and Criminal Evidence Act 1984 (section 1),,Suspect arrested,False,
Person search,2017-01-01T16:44:00+00:00,,,51.525402,-3.124922,Male,10-17,White - White British (W1),White,Police and Criminal Evidence Act 1984 (section 1),,Suspect arrested,False,
Person search,2017-01-01T16:44:00+00:00,,,51.525402,-3.124922,Male,10-17,White - White British (W1),White,Police and Criminal Evidence Act 1984 (section 1),,Nothing found - no further action,False,
Person search,2017-01-02T01:51:00+00:00,,,51.412313,-3.249860,Male,25-34,White - White British (W1),White,Misuse of Drugs Act 1971 (section 23),Controlled drugs,Nothing found - no further action,False,
Person search,2017-01-02T08:09:00+00:00,,,51.603395,-3.342345,Male,over 34,White - White British (W1),White,Police and Criminal Evidence Act 1984 (section 1),Stolen goods,Nothing found - no further action,False,
Person search,2017-01-02T15:52:00+00:00,,,51.483701,-3.231072,Male,10-17,Black or Black British - African (B2),Black,Police and Criminal Evidence Act 1984 (section 1),Offensive weapons,Nothing found - no further action,False,
Person search,2017-01-02T16:10:00+00:00,,,51.480217,-3.237502,Male,18-24,White - White British (W1),White,Police and Criminal Evidence Act 1984 (section 1),,Nothing found - no further action,False,
Person search,2017-01-02T16:27:00+00:00,,,51.480426,-3.249979,Male,10-17,Black or Black British - African (B2),Black,Police and Criminal Evidence Act 1984 (section 1),,Nothing found - no further action,False,
Person search,2017-01-02T16:28:00+00:00,,,51.480426,-3.249979,Male,10-17,White - White British (W1),White,Police and Criminal Evidence Act 1984 (section 1),,Nothing found - no further action,False,
Person search,2017-01-02T16:32:00+00:00,,,51.480217,-3.237502,Male,10-17,White - White British (W1),White,Police and Criminal Evidence Act 1984 (section 1),Offensive weapons,Nothing found - no further action,False,
Person search,2017-01-02T17:44:00+00:00,,,51.496181,-3.163400,Male,over 34,White - White British (W1),White,Misuse of Drugs Act 1971 (section 23),Controlled drugs,Suspect arrested,True,
Person search,2017-01-02T21:38:00+00:00,,,51.662771,-3.807337,Male,18-24,White - White British (W1),White,Misuse of Drugs Act 1971 (section 23),Controlled drugs,Nothing found - no further action,False,
Person search,2017-01-02T21:38:00+00:00,,,51.662771,-3.807337,Male,18-24,White - White British (W1),White,Misuse of Drugs Act 1971 (section 23),Controlled drugs,Nothing found - no further action,False,
Person search,2017-01-02T22:01:00+00:00,,,51.525423,-3.202488,Male,10-17,Not Stated (NS),Asian,Misuse of Drugs Act 1971 (section 23),Controlled drugs,Nothing found - no further action,False,
Person search,2017-01-02T22:01:00+00:00,,,51.525423,-3.202488,Male,10-17,White - White British (W1),White,Misuse of Drugs Act 1971 (section 23),Controlled drugs,Nothing found - no further action,False,
Person search,2017-01-02T22:01:00+00:00,,,51.525423,-3.202488,Male,10-17,White - White British (W1),White,Misuse of Drugs Act 1971 (section 23),Controlled drugs,Nothing found - no further action,False,
Person search,2017-01-02T22:02:00+00:00,,,51.514483,-3.205760,Male,10-17,White - White British (W1),White,Misuse of Drugs Act 1971 (section 23),Controlled drugs,Suspect arrested,False,
Person search,2017-01-02T22:06:00+00:00,,,51.641976,-3.950344,Male,18-24,Asian or Asian British - Any other Asian ethnic background (A9),Asian,Misuse of Drugs Act 1971 (section 23),Controlled drugs,Nothing found - no further action,False,
Person search,2017-01-03T00:05:00+00:00,,,51.644618,-3.945572,Male,18-24,Asian or Asian British - Pakistani (A2),Asian,Misuse of Drugs Act 1971 (section 23),Controlled drugs,Suspect arrested,False,
Person search,2017-01-03T00:05:00+00:00,,,51.644618,-3.945572,Male,25-34,Asian or Asian British - Pakistani (A2),Asian,Misuse of Drugs Act 1971 (section 23),Controlled drugs,Nothing found - no further action,False,
Person search,2017-01-03T12:07:00+00:00,,,51.528945,-3.187776,Male,over 34,White - White British (W1),White,Police and Criminal Evidence Act 1984 (section 1),Stolen goods,Nothing found - no further action,False,
Person search,2017-01-03T12:08:00+00:00,,,51.481140,-3.179290,Male,25-34,White - White British (W1),White,Police and Criminal Evidence Act 1984 (section 1),,Nothing found - no further action,False,
Person search,2017-01-03T14:57:00+00:00,,,,,Male,10-17,Mixed - Any other Mixed ethnic background (M9),,Police and Criminal Evidence Act 1984 (section 1),,Suspect arrested,False,
Person search,2017-01-03T15:03:00+00:00,,,51.481505,-3.189466,Male,over 34,White - White British (W1),White,Police and Criminal Evidence Act 1984 (section 1),Article for use in theft,Nothing found - no further action,False,
Person search,2017-01-03T15:03:00+00:00,,,51.481505,-3.189466,Male,over 34,White - White British (W1),White,Police and Criminal Evidence Act 1984 (section 1),Article for use in theft,Nothing found - no further action,False,
Person search,2017-01-03T17:30:00+00:00,,,51.509320,-3.575861,Male,over 34,White - White British (W1),White,Police and Criminal Evidence Act 1984 (section 1),,Nothing found - no further action,False,
Person search,2017-01-03T17:30:00+00:00,,,51.590223,-3.324042,Male,18-24,White - White British (W1),White,Police and Criminal Evidence Act 1984 (section 1),Stolen goods,Nothing found - no further action,False,
Person search,2017-01-03T21:52:00+00:00,,,51.472888,-3.189688,Male,18-24,Asian or Asian British - Pakistani (A2),Asian,Misuse of Drugs Act 1971 (section 23),Controlled drugs,Nothing found - no further action,False,
Person search,2017-01-03T21:52:00+00:00,,,51.472888,-3.189688,Male,10-17,Asian or Asian British - Pakistani (A2),Asian,Misuse of Drugs Act 1971 (section 23),Controlled drugs,Nothing found - no further action,False,
Person search,2017-01-04T00:38:00+00:00,,,51.642218,-3.334763,Male,18-24,White - White British (W1),White,Police and Criminal Evidence Act 1984 (section 1),Article for use in theft,,,
Person search,2017-01-04T05:51:00+00:00,,,51.509320,-3.575861,Female,10-17,White - White British (W1),White,Misuse of Drugs Act 1971 (section 23),Controlled drugs,Nothing found - no further action,False,
Person search,2017-01-04T06:04:00+00:00,,,,,Male,over 34,White - White British (W1),White,Police and Criminal Evidence Act 1984 (section 1),Article for use in theft,Nothing found - no further action,False,
Person search,2017-01-04T08:17:00+00:00,,,51.477228,-3.180226,Male,over 34,Not Stated (NS),White,Police and Criminal Evidence Act 1984 (section 1),Stolen goods,Suspect arrested,True,
Person search,2017-01-04T10:35:00+00:00,,,51.634478,-3.656435,Male,25-34,White - White British (W1),White,Police and Criminal Evidence Act 1984 (section 1),,Nothing found - no further action,False,
Person search,2017-01-04T10:35:00+00:00,,,51.634478,-3.656435,Male,25-34,White - White British (W1),White,Police and Criminal Evidence Act 1984 (section 1),,Suspect arrested,False,
Person search,2017-01-04T10:36:00+00:00,,,51.635164,-3.653729,Male,25-34,White - White British (W1),,Police and Criminal Evidence Act 1984 (section 1),,Suspect arrested,False,
Person search,2017-01-04T10:40:00+00:00,,,51.634478,-3.656435,Male,over 34,White - White British (W1),,Police and Criminal Evidence Act 1984 (section 1),,Suspect arrested,False,
Person search,2017-01-04T16:02:00+00:00,,,51.613196,-3.959250,Male,18-24,White - White British (W1),White,Misuse of Drugs Act 1971 (section 23),Controlled drugs,Nothing found - no further action,False,
Person search,2017-01-04T16:30:00+00:00,,,51.405617,-3.267088,Male,over 34,White - White British (W1),White,Police and Criminal Evidence Act 1984 (section 1),Stolen goods,Nothing found - no further action,False,
Person and Vehicle search,2017-01-04T20:35:00+00:00,,,51.527714,-3.507760,Male,18-24,White - White British (W1),White,Misuse of Drugs Act 1971 (section 23),Controlled drugs,Nothing found - no further action,False,
Person search,2017-01-04T21:22:00+00:00,,,51.624320,-3.944068,Male,18-24,White - White British (W1),White,Misuse of Drugs Act 1971 (section 23),Controlled drugs,Nothing found - no further action,False,
Person search,2017-01-04T22:09:00+00:00,,,51.489355,-3.162549,Male,over 34,Black or Black British - Caribbean (B1),Black,Police and Criminal Evidence Act 1984 (section 1),Offensive weapons,Nothing found - no further action,False,
Person search,2017-01-04T22:13:00+00:00,,,51.684915,-3.935640,Female,10-17,White - White British (W1),White,Misuse of Drugs Act 1971 (section 23),Controlled drugs,Nothing found - no further action,False,
Person search,2017-01-04T22:13:00+00:00,,,51.684915,-3.935640,Female,10-17,White - White British (W1),White,Police and Criminal Evidence Act 1984 (section 1),Offensive weapons,Nothing found - no further action,False,
Person search,2017-01-04T23:25:00+00:00,,,51.621412,-3.958867,Female,10-17,White - White British (W1),White,Police and Criminal Evidence Act 1984 (section 1),Offensive weapons,Nothing found - no further action,False,
Person search,2017-01-05T01:46:00+00:00,,,51.485632,-3.158969,Male,25-34,Black or Black British - African (B2),Black,Police and Criminal Evidence Act 1984 (section 1),,Suspect arrested,False,
Person search,2017-01-05T02:09:00+00:00,,,51.481403,-3.153778,Male,over 34,Mixed - Any other Mixed ethnic background (M9),Black,Police and Criminal Evidence Act 1984 (section 1),,Nothing found - no further action,False,
Person search,2017-01-05T02:18:00+00:00,,,51.522955,-3.234120,Male,18-24,White - White British (W1),White,Police and Criminal Evidence Act 1984 (section 1),,Suspect arrested,False,
Person and Vehicle search,2017-01-05T03:27:00+00:00,,,51.618968,-3.449740,Male,18-24,White - White British (W1),White,Misuse of Drugs Act 1971 (section 23),Controlled drugs,Offender given drugs possession warning,True,
Person and Vehicle search,2017-01-05T03:27:00+00:00,,,51.618968,-3.449740,Male,18-24,White - White British (W1),White,Misuse of Drugs Act 1971 (section 23),Controlled drugs,Offender given drugs possession warning,True,
Person and Vehicle search,2017-01-05T03:27:00+00:00,,,51.618968,-3.449740,Male,25-34,White - White British (W1),White,Misuse of Drugs Act 1971 (section 23),Controlled drugs,Offender given drugs possession warning,True,
Person search,2017-01-05T04:30:00+00:00,,,51.481683,-3.145389,Male,18-24,White - White British (W1),White,Police and Criminal Evidence Act 1984 (section 1),,Nothing found - no further action,False,
Person search,2017-01-05T13:14:00+00:00,,,51.481140,-3.179290,Male,over 34,White - White British (W1),White,Misuse of Drugs Act 1971 (section 23),Controlled drugs,Nothing found - no further action,False,
Person search,2017-01-05T22:13:00+00:00,,,51.620387,-3.938844,Male,over 34,White - White British (W1),White,,,,,
Person and Vehicle search,2017-01-06T04:56:00+00:00,,,51.619745,-3.940116,Male,over 34,Asian or Asian British - Any other Asian ethnic background (A9),Asian,Misuse of Drugs Act 1971 (section 23),Controlled drugs,Nothing found - no further action,False,
Person search,2017-01-06T10:34:00+00:00,,,51.483192,-3.171004,Male,25-34,White - White British (W1),White,Misuse of Drugs Act 1971 (section 23),Controlled drugs,Nothing found - no further action,False,
Person search,2017-01-06T13:17:00+00:00,,,51.602067,-3.341295,Male,25-34,White - White British (W1),White,Police and Criminal Evidence Act 1984 (section 1),Controlled drugs,Suspect arrested,False,
Person search,2017-01-06T16:44:00+00:00,,,51.496230,-3.164784,Male,25-34,White - White British (W1),White,Misuse of Drugs Act 1971 (section 23),Controlled drugs,Nothing found - no further action,False,
Person search,2017-01-06T16:44:00+00:00,,,51.496230,-3.164784,Male,over 34,White - White British (W1),White,Misuse of Drugs Act 1971 (section 23),Controlled drugs,Nothing found - no further action,False,
Person and Vehicle search,2017-01-06T22:32:00+00:00,,,51.408626,-3.299421,Male,18-24,Mixed - White and Black Caribbean (M1),,Misuse of Drugs Act 1971 (section 23),Controlled drugs,Suspect arrested,True,
Person search,2017-01-06T23:59:00+00:00,,,51.485676,-3.170866,Male,25-34,White - Any other White ethnic background (W9),White,Misuse of Drugs Act 1971 (section 23),Controlled drugs,Nothing found - no further action,False,
Person search,2017-01-07T01:34:00+00:00,,,51.582830,-3.443147,Male,over 34,White - White British (W1),White,Police and Criminal Evidence Act 1984 (section 1),Article for use in theft,Nothing found - no further action,False,
Person search,2017-01-07T02:52:00+00:00,,,51.668017,-4.034110,Male,18-24,White - White British (W1),White,Misuse of Drugs Act 1971 (section 23),Controlled drugs,Nothing found - no further action,False,
Person search,2017-01-07T02:52:00+00:00,,,51.668017,-4.034110,Male,18-24,White - White British (W1),White,Misuse of Drugs Act 1971 (section 23),Controlled drugs,Nothing found - no further action,False,
Person and Vehicle search,2017-01-07T02:56:00+00:00,,,51.489129,-3.171732,Male,18-24,White - White British (W1),White,Police and Criminal Evidence Act 1984 (section 1),Controlled drugs,Nothing found - no further action,False,
Person search,2017-01-07T03:14:00+00:00,,,51.618417,-3.937214,Male,over 34,White - White British (W1),White,Misuse of Drugs Act 1971 (section 23),Controlled drugs,Nothing found - no further action,False,
Person search,2017-01-07T03:44:00+00:00,,,51.617245,-3.936861,Male,18-24,White - White British (W1),White,Misuse of Drugs Act 1971 (section 23),Controlled drugs,Nothing found - no further action,False,
Person search,2017-01-07T04:17:00+00:00,,,51.668017,-4.034110,Male,18-24,White - White British (W1),White,Misuse of Drugs Act 1971 (section 23),Controlled drugs,Suspect arrested,True,
Person search,2017-01-07T04:17:00+00:00,,,51.668017,-4.034110,Male,18-24,White - White British (W1),White,Misuse of Drugs Act 1971 (section 23),Controlled drugs,Nothing found - no further action,False,
Person search,2017-01-07T04:17:00+00:00,,,51.668017,-4.034110,Male,18-24,White - White British (W1),White,Misuse of Drugs Act 1971 (section 23),Controlled drugs,Nothing found - no further action,False,
Person search,2017-01-07T06:16:00+00:00,,,51.644328,-3.926062,Female,over 34,White - White British (W1),White,Police and Criminal Evidence Act 1984 (section 1),Stolen goods,Suspect arrested,False,
Person search,2017-01-07T06:23:00+00:00,,,51.622109,-3.921639,Male,18-24,White - White British (W1),White,Misuse of Drugs Act 1971 (section 23),Controlled drugs,Nothing found - no further action,False,
Person search,2017-01-07T07:01:00+00:00,,,51.478442,-3.189127,Male,over 34,White - White British (W1),White,Police and Criminal Evidence Act 1984 (section 1),,Suspect arrested,False,
Person search,2017-01-07T18:39:00+00:00,,,51.485297,-3.144515,Male,over 34,White - White British (W1),White,Misuse of Drugs Act 1971 (section 23),Controlled drugs,Nothing found - no further action,False,
Person search,2017-01-07T21:19:00+00:00,,,51.482497,-3.174054,Male,18-24,Not Stated (NS),White,Misuse of Drugs Act 1971 (section 23),Controlled drugs,Suspect arrested,True,
Person search,2017-01-07T22:32:00+00:00,,,51.619817,-3.940654,Male,25-34,White - White British (W1),White,Misuse of Drugs Act 1971 (section 23),Controlled drugs,Nothing found - no further action,False,
Person search,2017-01-08T00:22:00+00:00,,,51.664190,-3.803359,Male,10-17,White - White British (W1),White,Misuse of Drugs Act 1971 (section 23),Controlled drugs,Nothing found - no further action,False,
Person and Vehicle search,2017-01-08T00:50:00+00:00,,,51.529287,-3.141639,Male,25-34,White - White British (W1),,Misuse of Drugs Act 1971 (section 23),Controlled drugs,Nothing found - no further action,False,
Person search,2017-01-08T02:14:00+00:00,,,51.664512,-4.052115,Male,18-24,White - White British (W1),White,Misuse of Drugs Act 1971 (section 23),Controlled drugs,Nothing found - no further action,False,
Person search,2017-01-08T02:51:00+00:00,,,51.481895,-3.178431,Male,25-34,White - White British (W1),White,Misuse of Drugs Act 1971 (section 23),Controlled drugs,Nothing found - no further action,False,
Person search,2017-01-08T06:18:00+00:00,,,51.598391,-3.782341,Female,25-34,White - White British (W1),White,Misuse of Drugs Act 1971 (section 23),Controlled drugs,Suspect arrested,True,
Person and Vehicle search,2017-01-08T07:13:00+00:00,,,51.472745,-3.179894,Male,18-24,White - White British (W1),White,Misuse of Drugs Act 1971 (section 23),Controlled drugs,Suspect arrested,True,
Person and Vehicle search,2017-01-08T07:13:00+00:00,,,51.472745,-3.179894,Male,18-24,White - White British (W1),White,Misuse of Drugs Act 1971 (section 23),Controlled drugs,Suspect arrested,True,
Person search,2017-01-08T15:10:00+00:00,,,51.537009,-3.678098,Male,25-34,White - White British (W1),White,Misuse of Drugs Act 1971 (section 23),Controlled drugs,Nothing found - no further action,False,
Person search,2017-01-08T16:59:00+00:00,,,51.590397,-3.776426,Male,over 34,White - White British (W1),White,Police and Criminal Evidence Act 1984 (section 1),Article for use in theft,Nothing found - no further action,False,
Person search,2017-01-08T19:34:00+00:00,,,51.662710,-3.806626,Female,over 34,White - White British (W1),White,Misuse of Drugs Act 1971 (section 23),Controlled drugs,,,
Person search,2017-01-08T19:39:00+00:00,,,51.661318,-3.808247,Male,over 34,White - White British (W1),White,Misuse of Drugs Act 1971 (section 23),Controlled drugs,Nothing found - no further action,False,
Person search,2017-01-08T23:17:00+00:00,,,51.483137,-3.207453,Male,25-34,White - White British (W1),White,Police and Criminal Evidence Act 1984 (section 1),,Nothing found - no further action,False,
Person search,2017-01-08T23:19:00+00:00,,,51.483137,-3.207453,Male,over 34,White - White British (W1),White,Police and Criminal Evidence Act 1984 (section 1),Article for use in theft,Nothing found - no further action,False,
Person search,2017-01-09T06:03:00+00:00,,,51.716597,-3.447215,Male,over 34,White - White British (W1),White,Police and Criminal Evidence Act 1984 (section 1),Stolen goods,Nothing found - no further action,False,
Person search,2017-01-09T07:25:00+00:00,,,51.618957,-3.937728,Male,18-24,White - White British (W1),White,Police and Criminal Evidence Act 1984 (section 1),Article for use in theft,Nothing found - no further action,False,
Person search,2017-01-09T07:25:00+00:00,,,51.618957,-3.937728,Female,25-34,White - White British (W1),White,Police and Criminal Evidence Act 1984 (section 1),Article for use in theft,Nothing found - no further action,False,
Person and Vehicle search,2017-01-09T07:34:00+00:00,,,51.594937,-3.783577,Male,over 34,White - White British (W1),White,Police and Criminal Evidence Act 1984 (section 1),,Nothing found - no further action,False,
Person search,2017-01-09T14:58:00+00:00,,,51.489817,-3.160414,Male,over 34,White - White British (W1),White,Misuse of Drugs Act 1971 (section 23),Controlled drugs,Nothing found - no further action,False,
Person search,2017-01-09T15:42:00+00:00,,,51.494570,-3.175243,Female,25-34,White - White British (W1),,Misuse of Drugs Act 1971 (section 23),Controlled drugs,Nothing found - no further action,False,
Person search,2017-01-09T20:05:00+00:00,,,51.471059,-3.190980,Male,18-24,White - White British (W1),White,Misuse of Drugs Act 1971 (section 23),Controlled drugs,Nothing found - no further action,False,
Person search,2017-01-09T21:14:00+00:00,,,51.471059,-3.190980,Female,18-24,White - White British (W1),White,Misuse of Drugs Act 1971 (section 23),Controlled drugs,Offender given drugs possession warning,True,
Person and Vehicle search,2017-01-09T22:13:00+00:00,,,51.520648,-3.584021,Male,18-24,White - White British (W1),White,Misuse of Drugs Act 1971 (section 23),Controlled drugs,Offender given penalty notice,False,
Person search,2017-01-09T22:22:00+00:00,,,51.477699,-3.176335,Male,over 34,Not Stated (NS),Black,,,,,
Person search,2017-01-10T03:05:00+00:00,,,51.730567,-3.481371,Male,over 34,White - White British (W1),White,Police and Criminal Evidence Act 1984 (section 1),Article for use in theft,Nothing found - no further action,False,
Person search,2017-01-10T03:05:00+00:00,,,51.730567,-3.481371,Male,over 34,White - White British (W1),White,Police and Criminal Evidence Act 1984 (section 1),Article for use in theft,Nothing found - no further action,False,
Person search,2017-01-10T03:19:00+00:00,,,51.412313,-3.249860,Male,over 34,White - White British (W1),,Misuse of Drugs Act 1971 (section 23),Controlled drugs,Nothing found - no further action,False,
Person search,2017-01-10T04:38:00+00:00,,,51.730567,-3.481371,Male,25-34,White - White British (W1),White,Police and Criminal Evidence Act 1984 (section 1),Article for use in theft,Nothing found - no further action,False,
Person search,2017-01-10T04:56:00+00:00,,,51.730567,-3.481371,Male,over 34,White - White British (W1),White,Police and Criminal Evidence Act 1984 (section 1),Article for use in theft,Nothing found - no further action,False,
Person search,2017-01-10T07:30:00+00:00,,,51.621578,-3.942954,Male,18-24,White - White British (W1),White,Misuse of Drugs Act 1971 (section 23),Controlled drugs,Nothing found - no further action,False,
Person search,2017-01-10T10:31:00+00:00,,,51.677189,-3.915451,Female,25-34,White - White British (W1),White,Police and Criminal Evidence Act 1984 (section 1),Offensive weapons,Suspect arrested,False,
Person search,2017-01-10T10:58:00+00:00,,,51.666610,-3.953340,Male,over 34,White - White British (W1),White,Police and Criminal Evidence Act 1984 (section 1),Article for use in theft,Nothing found - no further action,False,
Person search,2017-01-10T12:19:00+00:00,,,51.625172,-3.940926,Male,18-24,White - White British (W1),White,Misuse of Drugs Act 1971 (section 23),Controlled drugs,Nothing found - no further action,False,
Person search,2017-01-10T12:59:00+00:00,,,51.652450,-3.790171,Male,25-34,White - White British (W1),White,Police and Criminal Evidence Act 1984 (section 1),Article for use in theft,Nothing found - no further action,False,
Person search,2017-01-10T13:06:00+00:00,,,,,Male,18-24,White - White British (W1),White,Misuse of Drugs Act 1971 (section 23),Controlled drugs,Nothing found - no further action,False,
Person search,2017-01-10T14:01:00+00:00,,,51.662098,-4.078409,Female,over 34,White - White British (W1),White,Misuse of Drugs Act 1971 (section 23),Controlled drugs,Nothing found - no further action,False,
Person search,2017-01-10T22:31:00+00:00,,,51.678675,-3.912042,Male,25-34,White - White British (W1),White,Misuse of Drugs Act 1971 (section 23),Controlled drugs,Nothing found - no further action,False,
Person search,2017-01-10T22:44:00+00:00,,,51.547627,-3.390935,Male,10-17,White - White British (W1),White,Police and Criminal Evidence Act 1984 (section 1),Offensive weapons,Nothing found - no further action,False,
Person search,2017-01-10T22:57:00+00:00,,,51.566805,-3.283035,Male,25-34,White - White British (W1),White,Police and Criminal Evidence Act 1984 (section 1),Article for use in theft,Suspect arrested,False,
Person search,2017-01-11T02:10:00+00:00,,,51.482295,-3.205415,Male,25-34,White - White British (W1),White,Police and Criminal Evidence Act 1984 (section 1),Article for use in theft,Suspect arrested,True,
Person and Vehicle search,2017-01-11T03:54:00+00:00,,,51.518827,-3.202098,Male,over 34,White - White British (W1),White,Misuse of Drugs Act 1971 (section 23),Controlled drugs,Nothing found - no further action,False,
Person and Vehicle search,2017-01-11T04:14:00+00:00,,,51.498903,-3.184243,Male,18-24,Chinese or other ethnic group - Any other ethnic group (O9),,Police and Criminal Evidence Act 1984 (section 1),,Suspect arrested,False,
Person search,2017-01-11T08:02:00+00:00,,,51.751242,-3.375351,Male,25-34,White - White British (W1),White,Police and Criminal Evidence Act 1984 (section 1),Stolen goods,Suspect arrested,False,
Person search,2017-01-11T22:14:00+00:00,,,51.601713,-3.827119,Male,18-24,White - White British (W1),White,Misuse of Drugs Act 1971 (section 23),Controlled drugs,Nothing found - no further action,False,
Person search,2017-01-11T23:22:00+00:00,,,51.601713,-3.827119,Male,18-24,White - White British (W1),White,Misuse of Drugs Act 1971 (section 23),Controlled drugs,Nothing found - no further action,False,
Person search,2017-01-12T00:26:00+00:00,,,51.490509,-3.148592,Male,over 34,White - White British (W1),White,Police and Criminal Evidence Act 1984 (section 1),,Nothing found - no further action,False,
Person search,2017-01-12T00:30:00+00:00,,,51.493588,-3.145385,Male,over 34,White - White British (W1),White,Police and Criminal Evidence Act 1984 (section 1),,Nothing found - no further action,False,
Person search,2017-01-12T01:39:00+00:00,,,51.570128,-3.324685,Male,over 34,White - White British (W1),White,Police and Criminal Evidence Act 1984 (section 1),Article for use in theft,Nothing found - no further action,False,
Person search,2017-01-12T06:02:00+00:00,,,51.481259,-3.198648,Male,over 34,Not Stated (NS),Asian,Police and Criminal Evidence Act 1984 (section 1),,Nothing found - no further action,False,
Person search,2017-01-12T10:24:00+00:00,,,51.710258,-3.441367,Male,25-34,White - White British (W1),White,Misuse of Drugs Act 1971 (section 23),Controlled drugs,Nothing found - no further action,False,
Person search,2017-01-12T17:48:00+00:00,,,51.664275,-3.916598,Female,over 34,White - White British (W1),White,Police and Criminal Evidence Act 1984 (section 1),Stolen goods,Offender given penalty notice,False,
Person search,2017-01-12T18:16:00+00:00,,,51.618704,-3.940578,Male,18-24,White - White British (W1),White,Misuse of Drugs Act 1971 (section 23),Controlled drugs,Suspect arrested,False,
Person search,2017-01-12T19:47:00+00:00,,,51.529184,-3.150286,Male,10-17,White - White British (W1),White,Police and Criminal Evidence Act 1984 (section 1),,Nothing found - no further action,False,
Person search,2017-01-12T22:53:00+00:00,,,51.509320,-3.575861,Male,25-34,White - White British (W1),White,Police and Criminal Evidence Act 1984 (section 1),Article for use in theft,Nothing found - no further action,False,
Person search,2017-01-13T00:30:00+00:00,,,51.491367,-3.159114,Male,over 34,Black or Black British - African (B2),Black,Misuse of Drugs Act 1971 (section 23),Controlled drugs,Suspect arrested,True,
Person search,2017-01-13T02:39:00+00:00,,,51.480722,-3.147165,Male,18-24,White - White British (W1),White,Misuse of Drugs Act 1971 (section 23),,Offender given drugs possession warning,,
Person search,2017-01-13T03:20:00+00:00,,,,,Male,18-24,White - White British (W1),White,Police and Criminal Evidence Act 1984 (section 1),,Nothing found - no further action,False,
Person search,2017-01-13T03:24:00+00:00,,,,,Male,18-24,White - White British (W1),White,Police and Criminal Evidence Act 1984 (section 1),,Nothing found - no further action,False,
Person search,2017-01-13T03:52:00+00:00,,,51.410563,-3.252012,Male,25-34,White - White British (W1),White,Police and Criminal Evidence Act 1984 (section 1),Article for use in theft,Nothing found - no further action,False,
Person search,2017-01-13T06:04:00+00:00,,,51.413726,-3.203351,Male,18-24,White - White British (W1),White,Police and Criminal Evidence Act 1984 (section 1),Article for use in theft,Nothing found - no further action,False,
Person search,2017-01-13T06:04:00+00:00,,,51.413726,-3.203351,Male,18-24,White - White British (W1),White,Police and Criminal Evidence Act 1984 (section 1),Article for use in theft,Nothing found - no further action,False,
Person search,2017-01-13T06:18:00+00:00,,,51.489672,-3.164170,Male,over 34,White - White British (W1),White,Misuse of Drugs Act 1971 (section 23),Controlled drugs,Nothing found - no further action,False,
Person search,2017-01-13T06:18:00+00:00,,,51.489672,-3.164170,Male,over 34,White - White British (W1),White,Misuse of Drugs Act 1971 (section 23),Controlled drugs,Nothing found - no further action,False,
Person search,2017-01-13T10:50:00+00:00,,,51.620387,-3.938844,Male,over 34,White - White British (W1),White,Misuse of Drugs Act 1971 (section 23),Controlled drugs,Nothing found - no further action,False,
Person search,2017-01-13T18:59:00+00:00,,,51.662124,-3.806747,Male,over 34,White - White British (W1),White,Misuse of Drugs Act 1971 (section 23),Controlled drugs,Suspect arrested,False,
Person search,2017-01-13T19:33:00+00:00,,,51.487467,-3.213991,Male,25-34,White - White British (W1),White,Police and Criminal Evidence Act 1984 (section 1),,Nothing found - no further action,False,
Person search,2017-01-13T20:53:00+00:00,,,51.662438,-3.819556,Male,25-34,White - White British (W1),White,Misuse of Drugs Act 1971 (section 23),Controlled drugs,Nothing found - no further action,False,
Person and Vehicle search,2017-01-13T21:45:00+00:00,,,,,Male,18-24,White - White British (W1),White,Misuse of Drugs Act 1971 (section 23),Controlled drugs,Nothing found - no further action,False,
Person search,2017-01-13T22:48:00+00:00,,,51.662391,-3.909159,Male,over 34,White - White British (W1),White,Police and Criminal Evidence Act 1984 (section 1),Article for use in theft,Nothing found - no further action,False,
Person and Vehicle search,2017-01-13T23:57:00+00:00,,,51.492969,-3.158118,Male,18-24,White - White British (W1),White,Misuse of Drugs Act 1971 (section 23),Controlled drugs,Nothing found - no further action,False,
Person and Vehicle search,2017-01-13T23:57:00+00:00,,,51.493704,-3.157431,Male,18-24,White - White British (W1),White,Misuse of Drugs Act 1971 (section 23),Controlled drugs,Offender given drugs possession warning,True,
Person and Vehicle search,2017-01-14T01:31:00+00:00,,,51.755542,-3.406328,Female,18-24,White - White British (W1),White,Police and Criminal Evidence Act 1984 (section 1),Stolen goods,Nothing found - no further action,False,
Person and Vehicle search,2017-01-14T01:31:00+00:00,,,51.755542,-3.406328,Male,25-34,White - White British (W1),White,Police and Criminal Evidence Act 1984 (section 1),Stolen goods,Nothing found - no further action,False,
Person search,2017-01-14T02:29:00+00:00,,,51.482110,-3.168643,Male,10-17,White - White British (W1),White,Police and Criminal Evidence Act 1984 (section 1),Offensive weapons,Nothing found - no further action,False,
Person and Vehicle search,2017-01-14T05:04:00+00:00,,,51.476797,-3.173965,Male,25-34,Asian or Asian British - Any other Asian ethnic background (A9),Asian,Misuse of Drugs Act 1971 (section 23),Controlled drugs,Nothing found - no further action,False,
Person and Vehicle search,2017-01-14T05:04:00+00:00,,,51.476797,-3.173965,Male,25-34,Asian or Asian British - Any other Asian ethnic background (A9),Other,Misuse of Drugs Act 1971 (section 23),Controlled drugs,Nothing found - no further action,False,
Person search,2017-01-14T06:15:00+00:00,,,51.618968,-3.449740,Male,25-34,White - White British (W1),White,Police and Criminal Evidence Act 1984 (section 1),Article for use in theft,Nothing found - no further action,False,
Person search,2017-01-14T06:23:00+00:00,,,51.441803,-3.177226,Male,25-34,White - Any other White ethnic background (W9),White,Misuse of Drugs Act 1971 (section 23),Controlled drugs,Nothing found - no further action,False,
Person search,2017-01-14T06:40:00+00:00,,,51.483192,-3.171004,,,,,,,,,
Person search,2017-01-14T15:39:00+00:00,,,51.570058,-3.753007,Male,over 34,White - White British (W1),White,Police and Criminal Evidence Act 1984 (section 1),Article for use in theft,Nothing found - no further action,False,
Person search,2017-01-14T17:05:00+00:00,,,51.479883,-3.180870,Male,18-24,White - White British (W1),White,Misuse of Drugs Act 1971 (section 23),Controlled drugs,Nothing found - no further action,False,
Person search,2017-01-14T17:05:00+00:00,,,51.479883,-3.180870,Male,over 34,White - White British (W1),White,Misuse of Drugs Act 1971 (section 23),Controlled drugs,Nothing found - no further action,False,
Person search,2017-01-14T18:07:00+00:00,,,51.486363,-3.212910,Male,25-34,White - White British (W1),White,Police and Criminal Evidence Act 1984 (section 1),Stolen goods,Nothing found - no further action,False,
Person and Vehicle search,2017-01-14T20:43:00+00:00,,,51.485833,-3.192704,Male,25-34,Not Stated (NS),Asian,Misuse of Drugs Act 1971 (section 23),,Nothing found - no further action,,
Person and Vehicle search,2017-01-14T20:43:00+00:00,,,51.485833,-3.192704,Male,18-24,Not Stated (NS),Asian,Misuse of Drugs Act 1971 (section 23),,Nothing found - no further action,,
Person search,2017-01-14T22:51:00+00:00,,,51.571811,-4.093625,Male,18-24,White - White British (W1),White,Misuse of Drugs Act 1971 (section 23),Controlled drugs,Nothing found - no further action,False,
Person search,2017-01-14T22:51:00+00:00,,,51.571811,-4.093625,Male,18-24,White - White British (W1),White,Misuse of Drugs Act 1971 (section 23),Controlled drugs,Nothing found - no further action,False,
Person search,2017-01-14T22:51:00+00:00,,,51.571811,-4.093625,Male,18-24,White - White British (W1),White,Misuse of Drugs Act 1971 (section 23),Controlled drugs,Nothing found - no further action,False,
Person search,2017-01-14T22:55:00+00:00,,,51.747905,-3.377727,Male,18-24,White - White British (W1),White,Misuse of Drugs Act 1971 (section 23),Controlled drugs,Nothing found - no further action,False,
Person search,2017-01-15T00:10:00+00:00,,,,,Female,10-17,White - White British (W1),White,Misuse of Drugs Act 1971 (section 23),Controlled drugs,Nothing found - no further action,False,
Person search,2017-01-15T00:10:00+00:00,,,,,Female,10-17,White - White British (W1),White,Misuse of Drugs Act 1971 (section 23),Controlled drugs,Nothing found - no further action,False,
Person search,2017-01-15T00:10:00+00:00,,,51.599426,-3.820385,Male,10-17,White - White British (W1),White,Misuse of Drugs Act 1971 (section 23),Controlled drugs,Nothing found - no further action,False,
Person search,2017-01-15T00:10:00+00:00,,,,,Female,18-24,White - White British (W1),White,Misuse of Drugs Act 1971 (section 23),Controlled drugs,Nothing found - no further action,False,
Person search,2017-01-15T01:30:00+00:00,,,51.713233,-3.446601,Male,25-34,White - White British (W1),White,Misuse of Drugs Act 1971 (section 23),Controlled drugs,Nothing found - no further action,False,
Person and Vehicle search,2017-01-15T01:33:00+00:00,,,,,Male,18-24,Not Stated (NS),Asian,Misuse of Drugs Act 1971 (section 23),Controlled drugs,Nothing found - no further action,False,
Person and Vehicle search,2017-01-15T02:12:00+00:00,,,51.510318,-3.189179,Male,18-24,White - White British (W1),White,Misuse of Drugs Act 1971 (section 23),Controlled drugs,Nothing found - no further action,False,
Person search,2017-01-15T14:50:00+00:00,,,51.747905,-3.377727,Male,18-24,White - White British (W1),White,Misuse of Drugs Act 1971 (section 23),Controlled drugs,Nothing found - no further action,False,
Person search,2017-01-15T14:50:00+00:00,,,51.747905,-3.377727,Male,18-24,White - White British (W1),White,Misuse of Drugs Act 1971 (section 23),Controlled drugs,Nothing found - no further action,False,
Person search,2017-01-15T14:50:00+00:00,,,51.747905,-3.377727,Male,18-24,White - White British (W1),White,Misuse of Drugs Act 1971 (section 23),Controlled drugs,Suspect arrested,True,
Person search,2017-01-15T17:42:00+00:00,,,51.404391,-3.268247,Male,10-17,White - White British (W1),White,Misuse of Drugs Act 1971 (section 23),Controlled drugs,Nothing found - no further action,False,
Person search,2017-01-15T17:42:00+00:00,,,51.404391,-3.268247,Male,10-17,White - White British (W1),White,Misuse of Drugs Act 1971 (section 23),Controlled drugs,Nothing found - no further action,False,
Person search,2017-01-15T17:42:00+00:00,,,51.404391,-3.268247,Male,10-17,Not Stated (NS),White,Misuse of Drugs Act 1971 (section 23),Controlled drugs,Nothing found - no further action,False,
Person search,2017-01-15T17:52:00+00:00,,,51.404391,-3.268247,Male,10-17,Not Stated (NS),Black,Misuse of Drugs Act 1971 (section 23),Controlled drugs,Nothing found - no further action,False,
Person search,2017-01-15T17:52:00+00:00,,,51.404391,-3.268247,Male,10-17,White - White British (W1),White,Misuse of Drugs Act 1971 (section 23),Controlled drugs,Nothing found - no further action,False,
Person search,2017-01-15T17:52:00+00:00,,,51.404391,-3.268247,Male,10-17,White - White British (W1),White,Misuse of Drugs Act 1971 (section 23),Controlled drugs,Nothing found - no further action,False,
Person search,2017-01-15T17:52:00+00:00,,,51.404391,-3.268247,Male,10-17,White - White British (W1),White,Misuse of Drugs Act 1971 (section 23),Controlled drugs,Nothing found - no further action,False,
Person search,2017-01-15T17:59:00+00:00,,,51.604940,-3.340138,Male,over 34,White - White British (W1),White,Police and Criminal Evidence Act 1984 (section 1),Stolen goods,Suspect arrested,False,
Person search,2017-01-15T18:08:00+00:00,,,51.413482,-3.254004,Male,over 34,White - White British (W1),White,Police and Criminal Evidence Act 1984 (section 1),Stolen goods,Nothing found - no further action,False,
Person and Vehicle search,2017-01-15T19:13:00+00:00,,,51.477935,-3.239845,Male,25-34,White - White British (W1),White,Misuse of Drugs Act 1971 (section 23),Controlled drugs,Suspect arrested,True,
Person and Vehicle search,2017-01-15T19:36:00+00:00,,,,,Male,25-34,White - White British (W1),White,Misuse of Drugs Act 1971 (section 23),Controlled drugs,Suspect arrested,True,
Person search,2017-01-15T19:53:00+00:00,,,51.404391,-3.268247,Male,10-17,White - White British (W1),White,Misuse of Drugs Act 1971 (section 23),Controlled drugs,Nothing found - no further action,False,
Person search,2017-01-15T19:53:00+00:00,,,51.404391,-3.268247,Male,10-17,White - White British (W1),White,Misuse of Drugs Act 1971 (section 23),Controlled drugs,Nothing found - no further action,False,
Person search,2017-01-15T22:06:00+00:00,,,51.524874,-3.106674,Male,18-24,White - White British (W1),White,Misuse of Drugs Act 1971 (section 23),Controlled drugs,Nothing found - no further action,False,
Person search,2017-01-15T22:06:00+00:00,,,51.524874,-3.106674,Male,18-24,White - White British (W1),White,Misuse of Drugs Act 1971 (section 23),Controlled drugs,Nothing found - no further action,False,
Person search,2017-01-15T22:06:00+00:00,,,51.524874,-3.106674,Male,18-24,White - White British (W1),White,Misuse of Drugs Act 1971 (section 23),Controlled drugs,Nothing found - no further action,False,
Person search,2017-01-15T22:43:00+00:00,,,51.482110,-3.168643,Male,10-17,White - White British (W1),White,Police and Criminal Evidence Act 1984 (section 1),Offensive weapons,Nothing found - no further action,False,
Person search,2017-01-15T22:43:00+00:00,,,51.482110,-3.168643,Male,10-17,White - Any other White ethnic background (W9),White,Police and Criminal Evidence Act 1984 (section 1),Offensive weapons,Nothing found - no further action,False,
Person and Vehicle search,2017-01-15T22:44:00+00:00,,,51.635356,-3.945017,Male,25-34,White - White British (W1),White,Misuse of Drugs Act 1971 (section 23),Controlled drugs,Suspect arrested,True,
Person search,2017-01-15T23:00:00+00:00,,,51.483818,-3.180353,Male,18-24,Not Stated (NS),White,Police and Criminal Evidence Act 1984 (section 1),Offensive weapons,Suspect arrested,True,
Person search,2017-01-16T00:31:00+00:00,,,51.614384,-3.665698,Male,18-24,White - White British (W1),White,Misuse of Drugs Act 1971 (section 23),Controlled drugs,Nothing found - no further action,False,
Person search,2017-01-16T04:35:00+00:00,,,51.479941,-3.158868,Male,25-34,White - White British (W1),White,Police and Criminal Evidence Act 1984 (section 1),,Nothing found - no further action,False,
Person search,2017-01-16T13:23:00+00:00,,,51.620187,-3.944426,Male,25-34,White - White British (W1),White,Misuse of Drugs Act 1971 (section 23),Controlled drugs,Nothing found - no further action,False,
Person search,2017-01-16T15:28:00+00:00,,,51.620030,-3.950602,Male,over 34,White - White British (W1),White,Misuse of Drugs Act 1971 (section 23),Controlled drugs,Nothing found - no further action,False,
Person search,2017-01-16T16:45:00+00:00,,,51.405959,-3.454450,Male,18-24,White - White British (W1),White,Misuse of Drugs Act 1971 (section 23),Controlled drugs,Nothing found - no further action,False,
Person search,2017-01-16T16:45:00+00:00,,,51.405959,-3.454450,Male,18-24,White - White British (W1),White,Misuse of Drugs Act 1971 (section 23),Controlled drugs,Offender given drugs possession warning,True,
Person search,2017-01-16T18:45:00+00:00,,,51.412005,-3.251735,Male,18-24,White - White British (W1),White,Police and Criminal Evidence Act 1984 (section 1),Offensive weapons,Nothing found - no further action,False,
Person search,2017-01-16T18:51:00+00:00,,,51.626147,-3.323094,Male,over 34,White - White British (W1),White,Misuse of Drugs Act 1971 (section 23),Controlled drugs,Nothing found - no further action,False,
Person search,2017-01-16T21:08:00+00:00,,,51.517229,-3.574131,Male,18-24,White - White British (W1),White,Misuse of Drugs Act 1971 (section 23),Controlled drugs,Offender given drugs possession warning,True,
Person search,2017-01-16T21:13:00+00:00,,,51.517229,-3.574131,Male,10-17,White - White British (W1),White,Misuse of Drugs Act 1971 (section 23),Controlled drugs,Nothing found - no further action,False,
Person search,2017-01-16T21:18:00+00:00,,,51.517229,-3.574131,Male,18-24,White - White British (W1),White,Misuse of Drugs Act 1971 (section 23),Controlled drugs,Nothing found - no further action,False,
Person and Vehicle search,2017-01-17T00:33:00+00:00,,,51.613196,-3.959250,Male,25-34,White - White British (W1),White,Misuse of Drugs Act 1971 (section 23),Controlled drugs,Nothing found - no further action,False,
Person search,2017-01-17T00:35:00+00:00,,,51.613196,-3.959250,Male,25-34,White - White British (W1),White,Misuse of Drugs Act 1971 (section 23),Controlled drugs,Nothing found - no further action,False,
Person search,2017-01-17T04:38:00+00:00,,,,,Male,over 34,White - White British (W1),White,Misuse of Drugs Act 1971 (section 23),Controlled drugs,Suspect arrested,False,
Person search,2017-01-17T06:02:00+00:00,,,51.662771,-3.807337,Female,25-34,White - White British (W1),White,Police and Criminal Evidence Act 1984 (section 1),,Nothing found - no further action,False,
Person search,2017-01-17T06:02:00+00:00,,,51.662771,-3.807337,Male,over 34,White - White British (W1),White,Police and Criminal Evidence Act 1984 (section 1),,Nothing found - no further action,False,
Person search,2017-01-17T17:22:00+00:00,,,,,Male,18-24,White - White British (W1),White,Police and Criminal Evidence Act 1984 (section 1),Stolen goods,Nothing found - no further action,False,
Person search,2017-01-17T17:22:00+00:00,,,,,Male,10-17,White - White British (W1),White,Police and Criminal Evidence Act 1984 (section 1),Stolen goods,Nothing found - no further action,False,
Person search,2017-01-17T17:53:00+00:00,,,51.619817,-3.940654,Male,25-34,White - White British (W1),White,Misuse of Drugs Act 1971 (section 23),Controlled drugs,Nothing found - no further action,False,
Person search,2017-01-17T21:12:00+00:00,,,51.469246,-3.172778,Male,over 34,White - White British (W1),White,Misuse of Drugs Act 1971 (section 23),Controlled drugs,Nothing found - no further action,False,
Person search,2017-01-17T21:12:00+00:00,,,51.469246,-3.172778,Female,25-34,White - White British (W1),White,Misuse of Drugs Act 1971 (section 23),Controlled drugs,Nothing found - no further action,False,
Person search,2017-01-17T21:22:00+00:00,,,51.463077,-3.164789,Male,over 34,White - White British (W1),White,Misuse of Drugs Act 1971 (section 23),Controlled drugs,Nothing found - no further action,False,
Person search,2017-01-17T21:28:00+00:00,,,51.475267,-3.174991,Male,over 34,White - White British (W1),White,Misuse of Drugs Act 1971 (section 23),Controlled drugs,Nothing found - no further action,False,
Person and Vehicle search,2017-01-18T01:33:00+00:00,,,51.495466,-3.154767,Male,18-24,Asian or Asian British - Bangladeshi (A3),Asian,Misuse of Drugs Act 1971 (section 23),Controlled drugs,Nothing found - no further action,False,
Person search,2017-01-18T01:36:00+00:00,,,51.442055,-3.186167,Male,18-24,White - White British (W1),White,Police and Criminal Evidence Act 1984 (section 1),Article for use in theft,Nothing found - no further action,False,
Person search,2017-01-18T01:39:00+00:00,,,51.388994,-3.346566,Male,18-24,White - White British (W1),White,Police and Criminal Evidence Act 1984 (section 1),,Nothing found - no further action,False,
Person search,2017-01-18T02:08:00+00:00,,,51.505305,-3.556011,Female,over 34,White - White British (W1),White,Police and Criminal Evidence Act 1984 (section 1),,Suspect arrested,False,
Person search,2017-01-18T04:26:00+00:00,,,51.495466,-3.154767,Male,18-24,Asian or Asian British - Bangladeshi (A3),Black,,,,,
Person and Vehicle search,2017-01-18T04:32:00+00:00,,,51.495466,-3.154767,Male,18-24,Asian or Asian British - Bangladeshi (A3),Asian,Misuse of Drugs Act 1971 (section 23),Controlled drugs,Suspect arrested,True,
Person search,2017-01-18T10:09:00+00:00,,,,,Male,over 34,White - White British (W1),White,Police and Criminal Evidence Act 1984 (section 1),Stolen goods,Suspect arrested,True,
Person search,2017-01-18T10:09:00+00:00,,,,,Male,over 34,White - White British (W1),White,Police and Criminal Evidence Act 1984 (section 1),Stolen goods,Suspect arrested,True,
Person search,2017-01-18T11:56:00+00:00,,,51.606340,-3.811694,Male,25-34,White - White British (W1),White,Police and Criminal Evidence Act 1984 (section 1),,Nothing found - no further action,False,
Person and Vehicle search,2017-01-18T14:51:00+00:00,,,51.523117,-3.091771,Male,25-34,Black or Black British - Caribbean (B1),Black,Misuse of Drugs Act 1971 (section 23),Controlled drugs,Nothing found - no further action,False,
Person search,2017-01-18T15:48:00+00:00,,,51.618244,-3.943332,Male,over 34,White - White British (W1),White,Misuse of Drugs Act 1971 (section 23),Controlled drugs,Nothing found - no further action,False,
Person search,2017-01-18T21:46:00+00:00,,,51.684810,-3.767231,,25-34,,,,,,,
Person search,2017-01-18T23:27:00+00:00,,,51.468982,-3.248816,Male,25-34,Not Stated (NS),White,Police and Criminal Evidence Act 1984 (section 1),,Nothing found - no further action,False,
Person and Vehicle search,2017-01-18T23:41:00+00:00,,,51.482497,-3.174054,Male,over 34,White - White British (W1),White,Misuse of Drugs Act 1971 (section 23),Controlled drugs,Nothing found - no further action,False,
Person and Vehicle search,2017-01-19T00:36:00+00:00,,,51.592478,-3.999706,Male,10-17,White - White British (W1),White,Misuse of Drugs Act 1971 (section 23),Controlled drugs,Nothing found - no further action,False,
Person and Vehicle search,2017-01-19T00:36:00+00:00,,,51.592478,-3.999706,Male,18-24,White - White British (W1),White,Misuse of Drugs Act 1971 (section 23),Controlled drugs,Suspect arrested,True,
Person and Vehicle search,2017-01-19T00:43:00+00:00,,,51.444137,-3.187488,Male,18-24,White - White British (W1),White,Police and Criminal Evidence Act 1984 (section 1),Article for use in theft,Nothing found - no further action,False,
Person and Vehicle search,2017-01-19T00:43:00+00:00,,,51.444137,-3.187488,Male,18-24,White - White British (W1),White,Police and Criminal Evidence Act 1984 (section 1),Article for use in theft,Nothing found - no further action,False,
Person and Vehicle search,2017-01-19T00:43:00+00:00,,,51.444137,-3.187488,Male,10-17,White - White British (W1),White,Police and Criminal Evidence Act 1984 (section 1),Article for use in theft,Nothing found - no further action,False,
Person search,2017-01-19T04:52:00+00:00,,,51.498579,-3.184249,Male,over 34,White - White British (W1),White,Police and Criminal Evidence Act 1984 (section 1),Stolen goods,Nothing found - no further action,False,
Person search,2017-01-19T05:15:00+00:00,,,51.656856,-3.907841,Male,10-17,White - White Irish (W2),White,Police and Criminal Evidence Act 1984 (section 1),Article for use in theft,Nothing found - no further action,False,
Person search,2017-01-19T05:15:00+00:00,,,51.656856,-3.907841,Male,10-17,White - White Irish (W2),White,Police and Criminal Evidence Act 1984 (section 1),Article for use in theft,Nothing found - no further action,False,
Person search,2017-01-19T08:50:00+00:00,,,,,Male,10-17,White - White British (W1),White,Misuse of Drugs Act 1971 (section 23),Controlled drugs,Suspect arrested,False,
Person search,2017-01-19T08:58:00+00:00,,,,,Male,10-17,White - White British (W1),White,Misuse of Drugs Act 1971 (section 23),Controlled drugs,Suspect arrested,False,
Person search,2017-01-19T11:37:00+00:00,,,51.622101,-3.947758,Male,over 34,White - White British (W1),White,Misuse of Drugs Act 1971 (section 23),Controlled drugs,Nothing found - no further action,False,
Person and Vehicle search,2017-01-19T16:04:00+00:00,,,51.471145,-3.170840,Male,18-24,Chinese or other ethnic group - Any other ethnic group (O9),Black,Misuse of Drugs Act 1971 (section 23),Controlled drugs,Nothing found - no further action,False,
Person and Vehicle search,2017-01-19T16:04:00+00:00,,,51.471145,-3.170840,Male,18-24,Black or Black British - Any other Black ethnic background (B9),,Misuse of Drugs Act 1971 (section 23),Controlled drugs,Nothing found - no further action,False,
Person search,2017-01-19T19:09:00+00:00,,,51.612122,-3.961615,Male,25-34,White - White British (W1),White,Misuse of Drugs Act 1971 (section 23),Controlled drugs,Nothing found - no further action,False,
Person search,2017-01-19T20:14:00+00:00,,,51.485571,-3.227652,Male,over 34,White - White British (W1),White,Police and Criminal Evidence Act 1984 (section 1),,Nothing found - no further action,False,
Person and Vehicle search,2017-01-20T05:00:00+00:00,,,,,Male,18-24,White - White British (W1),White,Police and Criminal Evidence Act 1984 (section 1),Article for use in theft,Nothing found - no further action,False,
Person search,2017-01-20T05:33:00+00:00,,,51.488832,-3.157264,Male,25-34,White - White British (W1),White,Police and Criminal Evidence Act 1984 (section 1),Stolen goods,Nothing found - no further action,False,
Person search,2017-01-20T06:22:00+00:00,,,,,Male,25-34,White - White British (W1),White,Misuse of Drugs Act 1971 (section 23),Controlled drugs,Offender given drugs possession warning,True,
Person search,2017-01-20T06:22:00+00:00,,,,,Male,18-24,White - White British (W1),White,Misuse of Drugs Act 1971 (section 23),Controlled drugs,Suspect arrested,False,
Person search,2017-01-20T08:01:00+00:00,,,51.619685,-3.959428,Male,25-34,White - White British (W1),White,Misuse of Drugs Act 1971 (section 23),Controlled drugs,Nothing found - no further action,False,
Person search,2017-01-20T16:11:00+00:00,,,51.489957,-3.178811,Male,18-24,Black or Black British - African (B2),Black,Misuse of Drugs Act 1971 (section 23),Controlled drugs,Suspect arrested,False,
Person and Vehicle search,2017-01-20T18:52:00+00:00,,,51.488790,-3.173265,Male,25-34,Black or Black British - African (B2),Black,Misuse of Drugs Act 1971 (section 23),Controlled drugs,Nothing found - no further action,False,
Person and Vehicle search,2017-01-20T18:52:00+00:00,,,51.488790,-3.173265,Male,25-34,Asian or Asian British - Any other Asian ethnic background (A9),Asian,Misuse of Drugs Act 1971 (section 23),Controlled drugs,Nothing found - no further action,False,
Person search,2017-01-20T21:01:00+00:00,,,51.634220,-3.946847,Female,over 34,White - White British (W1),White,Misuse of Drugs Act 1971 (section 23),Controlled drugs,Suspect arrested,True,
Person search,2017-01-20T22:19:00+00:00,,,51.480217,-3.237502,Male,25-34,White - White British (W1),White,Police and Criminal Evidence Act 1984 (section 1),,Nothing found - no further action,False,
Person and Vehicle search,2017-01-21T00:54:00+00:00,,,51.411980,-3.273260,Male,18-24,White - White British (W1),White,Misuse of Drugs Act 1971 (section 23),Controlled drugs,Suspect arrested,True,
Person search,2017-01-21T01:48:00+00:00,,,51.662040,-3.802247,Male,25-34,White - White British (W1),White,Misuse of Drugs Act 1971 (section 23),Controlled drugs,Nothing found - no further action,False,
Person search,2017-01-21T02:07:00+00:00,,,51.483701,-3.231072,Male,over 34,White - White British (W1),White,Misuse of Drugs Act 1971 (section 23),Controlled drugs,Nothing found - no further action,False,
Person and Vehicle search,2017-01-21T03:42:00+00:00,,,51.711597,-3.443581,Male,over 34,White - White British (W1),White,Police and Criminal Evidence Act 1984 (section 1),Article for use in theft,Nothing found - no further action,False,
Person and Vehicle search,2017-01-21T03:42:00+00:00,,,51.711597,-3.443581,Male,over 34,White - White British (W1),White,Police and Criminal Evidence Act 1984 (section 1),Article for use in theft,Nothing found - no further action,False,
Person search,2017-01-21T03:45:00+00:00,,,51.503596,-3.220298,Male,18-24,White - White British (W1),White,Police and Criminal Evidence Act 1984 (section 1),,Nothing found - no further action,False,
Person search,2017-01-21T14:18:00+00:00,,,51.658886,-3.875612,Male,18-24,White - White British (W1),White,Misuse of Drugs Act 1971 (section 23),Controlled drugs,Offender given drugs possession warning,True,
Person search,2017-01-21T15:04:00+00:00,,,51.658886,-3.875612,Male,18-24,White - White British (W1),White,Misuse of Drugs Act 1971 (section 23),Controlled drugs,Nothing found - no further action,False,
Person search,2017-01-21T15:04:00+00:00,,,51.658886,-3.875612,Male,10-17,White - White British (W1),White,Misuse of Drugs Act 1971 (section 23),Controlled drugs,Nothing found - no further action,False,
Person search,2017-01-21T15:21:00+00:00,,,51.658886,-3.875612,Male,18-24,White - White British (W1),White,Misuse of Drugs Act 1971 (section 23),Controlled drugs,Offender given drugs possession warning,True,
Person and Vehicle search,2017-01-21T16:57:00+00:00,,,51.516298,-3.581867,Male,over 34,White - White British (W1),White,Misuse of Drugs Act 1971 (section 23),Controlled drugs,Nothing found - no further action,False,
Person and Vehicle search,2017-01-21T17:10:00+00:00,,,51.614384,-3.665698,Male,18-24,White - White British (W1),White,Misuse of Drugs Act 1971 (section 23),Controlled drugs,Offender given penalty notice,False,
Person and Vehicle search,2017-01-21T17:13:00+00:00,,,51.614384,-3.665698,Male,25-34,White - White British (W1),White,Misuse of Drugs Act 1971 (section 23),Controlled drugs,Suspect arrested,True,
Person and Vehicle search,2017-01-21T17:13:00+00:00,,,51.614384,-3.665698,Male,25-34,White - White British (W1),White,Misuse of Drugs Act 1971 (section 23),Controlled drugs,Suspect arrested,False,
Person search,2017-01-21T19:14:00+00:00,,,51.740459,-3.377805,Male,10-17,White - White British (W1),White,Police and Criminal Evidence Act 1984 (section 1),,Nothing found - no further action,False,
Person search,2017-01-21T20:03:00+00:00,,,51.620187,-3.944426,Male,over 34,White - White British (W1),White,Misuse of Drugs Act 1971 (section 23),Controlled drugs,Nothing found - no further action,False,
Person and Vehicle search,2017-01-21T20:29:00+00:00,,,51.537463,-3.674034,Male,18-24,White - White British (W1),White,Misuse of Drugs Act 1971 (section 23),Controlled drugs,Offender given drugs possession warning,True,
Person and Vehicle search,2017-01-21T20:29:00+00:00,,,51.537463,-3.674034,Male,18-24,White - White British (W1),White,Misuse of Drugs Act 1971 (section 23),Controlled drugs,Offender given penalty notice,False,
Person search,2017-01-21T20:56:00+00:00,,,51.615066,-3.999746,Male,over 34,White - White British (W1),White,Misuse of Drugs Act 1971 (section 23),Controlled drugs,Nothing found - no further action,False,
Person search,2017-01-21T21:11:00+00:00,,,51.634220,-3.946847,Female,18-24,White - White British (W1),White,Misuse of Drugs Act 1971 (section 23),Controlled drugs,Nothing found - no further action,False,
Person search,2017-01-21T21:29:00+00:00,,,51.762625,-3.381566,Male,over 34,White - White British (W1),White,Misuse of Drugs Act 1971 (section 23),Controlled drugs,Nothing found - no further action,False,
Person search,2017-01-21T21:37:00+00:00,,,51.619929,-3.942046,Male,over 34,White - White British (W1),White,Misuse of Drugs Act 1971 (section 23),Controlled drugs,Nothing found - no further action,False,
Person search,2017-01-21T21:59:00+00:00,,,51.634220,-3.946847,Male,25-34,White - White British (W1),White,Misuse of Drugs Act 1971 (section 23),Controlled drugs,Nothing found - no further action,False,
Person and Vehicle search,2017-01-22T00:15:00+00:00,,,,,Male,18-24,,White,Misuse of Drugs Act 1971 (section 23),,Offender given drugs possession warning,,
Person search,2017-01-22T01:05:00+00:00,,,51.623281,-3.458010,Male,10-17,White - White British (W1),White,Police and Criminal Evidence Act 1984 (section 1),Articles for use in criminal damage,Nothing found - no further action,False,
Person search,2017-01-22T01:05:00+00:00,,,51.623281,-3.458010,Male,10-17,White - White British (W1),White,Police and Criminal Evidence Act 1984 (section 1),Articles for use in criminal damage,Nothing found - no further action,False,
Person search,2017-01-22T01:10:00+00:00,,,51.623281,-3.458010,Male,10-17,White - White British (W1),White,Police and Criminal Evidence Act 1984 (section 1),Articles for use in criminal damage,Nothing found - no further action,False,
Person search,2017-01-22T01:10:00+00:00,,,51.623281,-3.458010,Male,10-17,White - White British (W1),White,Police and Criminal Evidence Act 1984 (section 1),Articles for use in criminal damage,Nothing found - no further action,False,
Person search,2017-01-22T01:44:00+00:00,,,51.486088,-3.170949,Male,10-17,White - White British (W1),White,Police and Criminal Evidence Act 1984 (section 1),Articles for use in criminal damage,Nothing found - no further action,False,
Person search,2017-01-22T01:44:00+00:00,,,51.486088,-3.170949,Male,10-17,White - White British (W1),White,Police and Criminal Evidence Act 1984 (section 1),Articles for use in criminal damage,Nothing found - no further action,False,
Person search,2017-01-22T01:44:00+00:00,,,51.486088,-3.170949,Male,10-17,White - White British (W1),White,Police and Criminal Evidence Act 1984 (section 1),Articles for use in criminal damage,Nothing found - no further action,False,
Person and Vehicle search,2017-01-22T02:12:00+00:00,,,51.398456,-3.285606,Male,18-24,White - White British (W1),White,Misuse of Drugs Act 1971 (section 23),Controlled drugs,Nothing found - no further action,False,
Person search,2017-01-22T02:34:00+00:00,,,51.619929,-3.942046,Male,over 34,White - White British (W1),White,Misuse of Drugs Act 1971 (section 23),Controlled drugs,Nothing found - no further action,False,
Person search,2017-01-22T04:14:00+00:00,,,51.624320,-3.944068,Male,over 34,White - White British (W1),White,Misuse of Drugs Act 1971 (section 23),Controlled drugs,Nothing found - no further action,False,
Person search,2017-01-22T05:31:00+00:00,,,51.631018,-3.972170,Male,25-34,White - White British (W1),White,Police and Criminal Evidence Act 1984 (section 1),,Nothing found - no further action,False,
Person search,2017-01-22T07:40:00+00:00,,,51.484666,-3.191637,Male,25-34,Asian or Asian British - Any other Asian ethnic background (A9),Asian,Misuse of Drugs Act 1971 (section 23),Controlled drugs,Nothing found - no further action,False,
Person search,2017-01-22T07:57:00+00:00,,,,,Male,18-24,Asian or Asian British - Any other Asian ethnic background (A9),Asian,Misuse of Drugs Act 1971 (section 23),Controlled drugs,Nothing found - no further action,False,
Person search,2017-01-22T12:27:00+00:00,,,51.645006,-3.962775,Male,25-34,White - White British (W1),White,Police and Criminal Evidence Act 1984 (section 1),Articles for use in criminal damage,Nothing found - no further action,False,
Person search,2017-01-22T14:08:00+00:00,,,51.494089,-3.218863,Male,25-34,White - White British (W1),White,Police and Criminal Evidence Act 1984 (section 1),Articles for use in criminal damage,Suspect arrested,True,
Person search,2017-01-22T15:50:00+00:00,,,51.629750,-4.126159,Male,25-34,White - White British (W1),White,Police and Criminal Evidence Act 1984 (section 1),,Nothing found - no further action,,
Person search,2017-01-22T15:50:00+00:00,,,51.629750,-4.126159,Male,18-24,White - White British (W1),White,Police and Criminal Evidence Act 1984 (section 1),Article for use in theft,Nothing found - no further action,False,
Person search,2017-01-22T15:50:00+00:00,,,51.629750,-4.126159,Male,18-24,White - White British (W1),White,Police and Criminal Evidence Act 1984 (section 1),Article for use in theft,Nothing found - no further action,False,
Person search,2017-01-22T17:38:00+00:00,,,51.756474,-3.376264,Male,25-34,White - White British (W1),White,Misuse of Drugs Act 1971 (section 23),Controlled drugs,Nothing found - no further action,False,
Person search,2017-01-22T18:48:00+00:00,,,51.401645,-3.271032,Male,over 34,White - White British (W1),White,Police and Criminal Evidence Act 1984 (section 1),Stolen goods,Offender given penalty notice,False,
Person search,2017-01-22T20:20:00+00:00,,,51.756474,-3.376264,Male,over 34,White - White British (W1),White,Misuse of Drugs Act 1971 (section 23),Controlled drugs,Nothing found - no further action,False,
Person search,2017-01-22T21:31:00+00:00,,,,,Male,18-24,White - White British (W1),White,Misuse of Drugs Act 1971 (section 23),Controlled drugs,Nothing found - no further action,False,
Person and Vehicle search,2017-01-22T23:24:00+00:00,,,51.635356,-3.945017,Male,25-34,White - White British (W1),White,Misuse of Drugs Act 1971 (section 23),Controlled drugs,Suspect arrested,True,
Person search,2017-01-22T23:47:00+00:00,,,51.635164,-3.653729,Male,18-24,White - White British (W1),White,Misuse of Drugs Act 1971 (section 23),Controlled drugs,Nothing found - no further action,False,
Person search,2017-01-23T00:44:00+00:00,,,51.741651,-3.377435,Male,18-24,White - White British (W1),White,Police and Criminal Evidence Act 1984 (section 1),Article for use in theft,Suspect arrested,False,
Person search,2017-01-23T00:44:00+00:00,,,51.741651,-3.377435,Male,25-34,White - White British (W1),White,Police and Criminal Evidence Act 1984 (section 1),Article for use in theft,Suspect arrested,False,
Person search,2017-01-23T01:54:00+00:00,,,51.477069,-3.176377,Male,18-24,Asian or Asian British - Bangladeshi (A3),Asian,Misuse of Drugs Act 1971 (section 23),Controlled drugs,Nothing found - no further action,False,
Person search,2017-01-23T02:50:00+00:00,,,51.759241,-3.377956,Male,18-24,White - White British (W1),White,Misuse of Drugs Act 1971 (section 23),Controlled drugs,Nothing found - no further action,False,
Person search,2017-01-23T03:36:00+00:00,,,51.745677,-3.376848,Male,25-34,White - White British (W1),White,Police and Criminal Evidence Act 1984 (section 1),Stolen goods,Suspect arrested,True,
Person search,2017-01-23T03:45:00+00:00,,,51.478442,-3.189127,Male,25-34,White - White British (W1),White,Police and Criminal Evidence Act 1984 (section 1),,Suspect arrested,False,
Person search,2017-01-23T04:45:00+00:00,,,51.755719,-3.404305,Male,over 34,White - White British (W1),White,Police and Criminal Evidence Act 1984 (section 1),Article for use in theft,Nothing found - no further action,False,
Person search,2017-01-23T04:45:00+00:00,,,51.755719,-3.404305,Male,over 34,White - White British (W1),White,Police and Criminal Evidence Act 1984 (section 1),Article for use in theft,Nothing found - no further action,False,
Person search,2017-01-23T13:21:00+00:00,,,52.592177,-3.837793,Male,over 34,White - White British (W1),White,Misuse of Drugs Act 1971 (section 23),Controlled drugs,Nothing found - no further action,False,
Person search,2017-01-23T14:01:00+00:00,,,51.505880,-3.210734,Female,10-17,White - White British (W1),White,Misuse of Drugs Act 1971 (section 23),Controlled drugs,Nothing found - no further action,False,
Person search,2017-01-23T14:32:00+00:00,,,51.674668,-3.927725,Female,25-34,White - White British (W1),White,Misuse of Drugs Act 1971 (section 23),Controlled drugs,Nothing found - no further action,False,
Person search,2017-01-23T18:15:00+00:00,,,51.635356,-3.945017,Male,25-34,White - White British (W1),White,Misuse of Drugs Act 1971 (section 23),Controlled drugs,Nothing found - no further action,False,
Person search,2017-01-23T20:06:00+00:00,,,51.626182,-3.661261,Male,25-34,White - White British (W1),White,Police and Criminal Evidence Act 1984 (section 1),,Nothing found - no further action,False,
Person search,2017-01-23T21:45:00+00:00,,,51.650316,-3.973803,Male,over 34,White - White British (W1),White,Police and Criminal Evidence Act 1984 (section 1),Offensive weapons,,,
Person search,2017-01-24T00:16:00+00:00,,,51.623276,-3.943041,Male,25-34,White - White British (W1),White,Police and Criminal Evidence Act 1984 (section 1),Stolen goods,Suspect arrested,False,
Person search,2017-01-24T00:38:00+00:00,,,51.761201,-3.352484,Male,18-24,White - White British (W1),White,Misuse of Drugs Act 1971 (section 23),Controlled drugs,Nothing found - no further action,False,
Person search,2017-01-24T00:46:00+00:00,,,51.475854,-3.171104,Male,over 34,Mixed - Any other Mixed ethnic background (M9),Black,Misuse of Drugs Act 1971 (section 23),Controlled drugs,Nothing found - no further action,False,
Person search,2017-01-24T03:31:00+00:00,,,51.610638,-3.329301,Male,over 34,White - White British (W1),White,Misuse of Drugs Act 1971 (section 23),Controlled drugs,Nothing found - no further action,False,
Person search,2017-01-24T03:35:00+00:00,,,51.495466,-3.154767,Male,over 34,White - White British (W1),White,Police and Criminal Evidence Act 1984 (section 1),Article for use in theft,Nothing found - no further action,False,
Person and Vehicle search,2017-01-24T05:00:00+00:00,,,51.532102,-3.391341,Male,over 34,White - White British (W1),White,Police and Criminal Evidence Act 1984 (section 1),Article for use in theft,Nothing found - no further action,False,
Person and Vehicle search,2017-01-24T05:21:00+00:00,,,51.487406,-3.159590,Female,25-34,White - White British (W1),White,Misuse of Drugs Act 1971 (section 23),Controlled drugs,Nothing found - no further action,False,
Person and Vehicle search,2017-01-24T05:21:00+00:00,,,51.487406,-3.159590,Male,over 34,Black or Black British - Caribbean (B1),Black,Misuse of Drugs Act 1971 (section 23),Controlled drugs,Nothing found - no further action,False,
Person search,2017-01-24T05:59:00+00:00,,,51.594514,-3.793609,Male,10-17,White - White British (W1),White,Police and Criminal Evidence Act 1984 (section 1),Articles for use in criminal damage,Nothing found - no further action,False,
Person search,2017-01-24T08:57:00+00:00,,,51.467922,-3.259657,Male,18-24,White - White British (W1),White,Police and Criminal Evidence Act 1984 (section 1),,Suspect arrested,False,
Person search,2017-01-24T16:38:00+00:00,,,51.480671,-3.164114,Male,25-34,White - White British (W1),White,Police and Criminal Evidence Act 1984 (section 1),,Nothing found - no further action,False,
Person search,2017-01-24T17:56:00+00:00,,,51.575184,-4.000275,Male,over 34,White - White British (W1),White,Misuse of Drugs Act 1971 (section 23),Controlled drugs,Nothing found - no further action,False,
Person and Vehicle search,2017-01-24T19:55:00+00:00,,,51.486541,-3.176016,Male,18-24,White - Any other White ethnic background (W9),White,Misuse of Drugs Act 1971 (section 23),Controlled drugs,Offender given drugs possession warning,True,
Person and Vehicle search,2017-01-24T19:55:00+00:00,,,51.486541,-3.176016,Male,18-24,White - Any other White ethnic background (W9),White,Misuse of Drugs Act 1971 (section 23),Controlled drugs,Offender given drugs possession warning,True,
Person search,2017-01-24T21:24:00+00:00,,,51.583823,-4.017817,Male,10-17,,,,,,,
Person search,2017-01-24T21:24:00+00:00,,,51.583823,-4.017817,Male,10-17,White - White British (W1),White,Misuse of Drugs Act 1971 (section 23),Controlled drugs,Nothing found - no further action,False,
Person search,2017-01-24T21:24:00+00:00,,,51.583823,-4.017817,Male,10-17,,,,,,,
Person search,2017-01-24T21:24:00+00:00,,,51.583823,-4.017817,Male,10-17,,,,,,,
Person search,2017-01-24T21:24:00+00:00,,,51.583823,-4.017817,Male,10-17,White - White British (W1),White,,,,,
Person search,2017-01-24T21:24:00+00:00,,,51.583823,-4.017817,Male,10-17,,,,,,,
Person search,2017-01-24T21:34:00+00:00,,,51.478594,-3.178576,Male,25-34,White - White British (W1),White,Misuse of Drugs Act 1971 (section 23),Controlled drugs,Nothing found - no further action,False,
Person search,2017-01-24T21:52:00+00:00,,,51.616069,-3.942719,Male,25-34,White - White British (W1),White,Misuse of Drugs Act 1971 (section 23),Controlled drugs,Nothing found - no further action,False,
Person search,2017-01-24T23:32:00+00:00,,,51.488832,-3.157264,Male,25-34,White - White British (W1),White,Misuse of Drugs Act 1971 (section 23),Controlled drugs,Nothing found - no further action,False,
Person search,2017-01-25T01:17:00+00:00,,,51.596124,-3.803563,Male,18-24,White - Any other White ethnic background (W9),White,Police and Criminal Evidence Act 1984 (section 1),Article for use in theft,Nothing found - no further action,False,
Person search,2017-01-25T17:59:00+00:00,,,51.531757,-3.495409,Male,18-24,White - White British (W1),White,Misuse of Drugs Act 1971 (section 23),Controlled drugs,Nothing found - no further action,False,
Person search,2017-01-25T17:59:00+00:00,,,51.531757,-3.495409,Male,18-24,White - White British (W1),White,Misuse of Drugs Act 1971 (section 23),Controlled drugs,Offender given drugs possession warning,True,
Person and Vehicle search,2017-01-25T21:47:00+00:00,,,51.518691,-3.586432,Male,25-34,White - White British (W1),White,Misuse of Drugs Act 1971 (section 23),Controlled drugs,Nothing found - no further action,False,
Person search,2017-01-26T02:20:00+00:00,,,51.488832,-3.157264,Female,over 34,White - White British (W1),White,Misuse of Drugs Act 1971 (section 23),Controlled drugs,Nothing found - no further action,False,
Person search,2017-01-26T02:32:00+00:00,,,51.655156,-3.808450,Male,18-24,White - White British (W1),White,Police and Criminal Evidence Act 1984 (section 1),Offensive weapons,Nothing found - no further action,False,
Person search,2017-01-26T02:47:00+00:00,,,51.462619,-3.290849,Male,18-24,White - White British (W1),White,Misuse of Drugs Act 1971 (section 23),Controlled drugs,Suspect arrested,False,
Person search,2017-01-26T05:00:00+00:00,,,51.414298,-3.261763,Male,10-17,White - White British (W1),White,Police and Criminal Evidence Act 1984 (section 1),Stolen goods,Nothing found - no further action,False,
Person search,2017-01-26T05:00:00+00:00,,,51.414298,-3.261763,Male,10-17,White - White British (W1),White,Police and Criminal Evidence Act 1984 (section 1),Stolen goods,Nothing found - no further action,False,
Person search,2017-01-26T05:10:00+00:00,,,51.414298,-3.261763,Male,10-17,White - White British (W1),White,Police and Criminal Evidence Act 1984 (section 1),Stolen goods,Nothing found - no further action,False,
Person search,2017-01-26T06:49:00+00:00,,,51.463784,-3.273147,Male,10-17,Black or Black British - Any other Black ethnic background (B9),,Police and Criminal Evidence Act 1984 (section 1),Offensive weapons,Nothing found - no further action,False,
Person search,2017-01-26T10:11:00+00:00,,,51.584991,-3.431135,Male,over 34,White - White British (W1),White,Police and Criminal Evidence Act 1984 (section 1),Article for use in theft,Suspect arrested,True,
Person search,2017-01-26T10:11:00+00:00,,,51.584991,-3.431135,Male,over 34,White - White British (W1),White,Police and Criminal Evidence Act 1984 (section 1),Article for use in theft,Suspect arrested,True,
Person search,2017-01-26T15:46:00+00:00,,,51.582704,-4.062485,Male,18-24,Black or Black British - Caribbean (B1),Black,Misuse of Drugs Act 1971 (section 23),Controlled drugs,Nothing found - no further action,False,
Person search,2017-01-26T23:53:00+00:00,,,,,Male,18-24,,,,,,,
Person search,2017-01-27T00:49:00+00:00,,,51.469838,-3.169309,Male,over 34,Black or Black British - African (B2),Other,Misuse of Drugs Act 1971 (section 23),Controlled drugs,Nothing found - no further action,False,
Person search,2017-01-27T01:29:00+00:00,,,51.485571,-3.227652,Male,10-17,Not Stated (NS),White,Police and Criminal Evidence Act 1984 (section 1),,Suspect arrested,False,
Person search,2017-01-27T02:11:00+00:00,,,51.599883,-3.341982,Male,over 34,White - White British (W1),White,Misuse of Drugs Act 1971 (section 23),Controlled drugs,Nothing found - no further action,False,
Person search,2017-01-27T02:57:00+00:00,,,51.531819,-3.098668,Male,10-17,White - White British (W1),White,Misuse of Drugs Act 1971 (section 23),Controlled drugs,Nothing found - no further action,False,
Person search,2017-01-27T02:59:00+00:00,,,,,Male,18-24,White - White British (W1),White,Misuse of Drugs Act 1971 (section 23),Controlled drugs,Nothing found - no further action,False,
Person search,2017-01-27T05:32:00+00:00,,,51.476336,-3.187546,Female,over 34,White - White British (W1),White,Police and Criminal Evidence Act 1984 (section 1),Offensive weapons,Suspect arrested,False,
Person search,2017-01-27T05:34:00+00:00,,,51.662675,-3.804802,Male,25-34,White - White British (W1),White,Police and Criminal Evidence Act 1984 (section 1),Offensive weapons,Nothing found - no further action,False,
Person search,2017-01-27T05:53:00+00:00,,,51.483701,-3.231072,Male,25-34,White - White British (W1),White,Police and Criminal Evidence Act 1984 (section 1),,Nothing found - no further action,False,
Person search,2017-01-27T08:25:00+00:00,,,51.498226,-3.171966,Male,25-34,White - White British (W1),White,Misuse of Drugs Act 1971 (section 23),Controlled drugs,Nothing found - no further action,False,
Person search,2017-01-27T14:52:00+00:00,,,51.638180,-3.818223,Female,10-17,White - White British (W1),White,Misuse of Drugs Act 1971 (section 23),Controlled drugs,Nothing found - no further action,False,
Person search,2017-01-27T14:52:00+00:00,,,51.638180,-3.818223,Male,10-17,White - White British (W1),White,Misuse of Drugs Act 1971 (section 23),Controlled drugs,Nothing found - no further action,False,
Person search,2017-01-27T14:52:00+00:00,,,51.638180,-3.818223,Male,10-17,White - White British (W1),White,Misuse of Drugs Act 1971 (section 23),Controlled drugs,Nothing found - no further action,False,
Person search,2017-01-27T14:52:00+00:00,,,51.638180,-3.818223,Female,10-17,White - White British (W1),White,Misuse of Drugs Act 1971 (section 23),Controlled drugs,Nothing found - no further action,False,
Person search,2017-01-27T14:52:00+00:00,,,51.638180,-3.818223,Male,10-17,White - White British (W1),White,Misuse of Drugs Act 1971 (section 23),Controlled drugs,Nothing found - no further action,False,
Person search,2017-01-27T15:23:00+00:00,,,51.604651,-3.340982,Female,25-34,White - White British (W1),White,Misuse of Drugs Act 1971 (section 23),Controlled drugs,Nothing found - no further action,False,
Person search,2017-01-27T15:23:00+00:00,,,51.598548,-3.342376,Male,25-34,White - White British (W1),White,Misuse of Drugs Act 1971 (section 23),Controlled drugs,Nothing found - no further action,False,
Person and Vehicle search,2017-01-27T15:58:00+00:00,,,51.749315,-3.380204,Female,18-24,White - White British (W1),White,Misuse of Drugs Act 1971 (section 23),Controlled drugs,Nothing found - no further action,False,
Person search,2017-01-27T17:20:00+00:00,,,51.595002,-3.795216,Male,10-17,White - White British (W1),White,Police and Criminal Evidence Act 1984 (section 1),Offensive weapons,Nothing found - no further action,False,
Person search,2017-01-27T17:45:00+00:00,,,51.624667,-3.952982,Male,over 34,White - White British (W1),White,Misuse of Drugs Act 1971 (section 23),Controlled drugs,Nothing found - no further action,False,
Person search,2017-01-27T18:01:00+00:00,,,51.532102,-3.391341,Male,18-24,White - White British (W1),White,Misuse of Drugs Act 1971 (section 23),Controlled drugs,Offender given drugs possession warning,True,
Person search,2017-01-28T04:29:00+00:00,,,51.482153,-3.216572,Male,10-17,Not Stated (NS),,Police and Criminal Evidence Act 1984 (section 1),Stolen goods,Nothing found - no further action,False,
Person search,2017-01-28T07:23:00+00:00,,,51.476106,-3.182745,Male,10-17,Not Stated (NS),Asian,Police and Criminal Evidence Act 1984 (section 1),,Nothing found - no further action,False,
Person search,2017-01-28T07:59:00+00:00,,,,,Female,18-24,White - White British (W1),White,Misuse of Drugs Act 1971 (section 23),Controlled drugs,Nothing found - no further action,False,
Person search,2017-01-28T12:00:00+00:00,,,51.493706,-3.163596,Male,25-34,Black or Black British - African (B2),Black,Police and Criminal Evidence Act 1984 (section 1),Offensive weapons,Nothing found - no further action,False,
Person search,2017-01-28T12:00:00+00:00,,,51.493706,-3.163596,Male,25-34,Not Stated (NS),,Police and Criminal Evidence Act 1984 (section 1),Offensive weapons,Nothing found - no further action,False,
Person search,2017-01-28T14:11:00+00:00,,,51.493706,-3.163596,Male,25-34,Black or Black British - Any other Black ethnic background (B9),Black,Police and Criminal Evidence Act 1984 (section 1),,Nothing found - no further action,False,
Person search,2017-01-28T14:59:00+00:00,,,51.493706,-3.163596,Female,25-34,White - White British (W1),White,Police and Criminal Evidence Act 1984 (section 1),Offensive weapons,Nothing found - no further action,False,
Person search,2017-01-28T14:59:00+00:00,,,51.493706,-3.163596,Male,25-34,Black or Black British - Any other Black ethnic background (B9),Black,Police and Criminal Evidence Act 1984 (section 1),Offensive weapons,Nothing found - no further action,False,
Person search,2017-01-28T18:25:00+00:00,,,51.619685,-3.959428,Male,25-34,White - White British (W1),White,Police and Criminal Evidence Act 1984 (section 1),Stolen goods,Suspect arrested,True,
Person search,2017-01-28T18:25:00+00:00,,,51.619685,-3.959428,Male,over 34,White - White British (W1),White,Police and Criminal Evidence Act 1984 (section 1),Stolen goods,Suspect arrested,True,
Person search,2017-01-28T20:40:00+00:00,,,51.598186,-3.341008,Male,18-24,White - White British (W1),White,Misuse of Drugs Act 1971 (section 23),Controlled drugs,Nothing found - no further action,False,
Person search,2017-01-28T20:47:00+00:00,,,51.604342,-3.340467,Male,over 34,White - White British (W1),White,Misuse of Drugs Act 1971 (section 23),Controlled drugs,Nothing found - no further action,False,
Person search,2017-01-29T00:02:00+00:00,,,51.540607,-3.596265,Male,25-34,White - White British (W1),White,Police and Criminal Evidence Act 1984 (section 1),Article for use in theft,Nothing found - no further action,False,
Person search,2017-01-29T10:10:00+00:00,,,51.477069,-3.176377,Male,over 34,White - White British (W1),White,Misuse of Drugs Act 1971 (section 23),Controlled drugs,Nothing found - no further action,False,
Person search,2017-01-29T10:14:00+00:00,,,,,Male,over 34,White - White British (W1),White,Misuse of Drugs Act 1971 (section 23),Controlled drugs,Nothing found - no further action,False,
Person and Vehicle search,2017-01-29T14:29:00+00:00,,,51.531819,-3.098668,Male,25-34,White - White British (W1),White,Misuse of Drugs Act 1971 (section 23),Controlled drugs,Nothing found - no further action,False,
Person and Vehicle search,2017-01-29T14:29:00+00:00,,,51.531819,-3.098668,Male,25-34,Asian or Asian British - Any other Asian ethnic background (A9),Asian,Misuse of Drugs Act 1971 (section 23),Controlled drugs,Nothing found - no further action,False,
Person search,2017-01-29T14:58:00+00:00,,,51.604651,-3.340982,Male,10-17,White - White British (W1),White,Misuse of Drugs Act 1971 (section 23),Controlled drugs,Nothing found - no further action,False,
Person search,2017-01-29T15:14:00+00:00,,,51.604940,-3.340138,Male,10-17,White - White British (W1),White,Misuse of Drugs Act 1971 (section 23),Controlled drugs,Nothing found - no further action,False,
Person search,2017-01-29T16:13:00+00:00,,,51.483604,-3.205809,Male,over 34,White - White British (W1),White,Police and Criminal Evidence Act 1984 (section 1),,Suspect arrested,False,
Person search,2017-01-29T17:06:00+00:00,,,51.604651,-3.340982,Male,over 34,White - White British (W1),White,Misuse of Drugs Act 1971 (section 23),Controlled drugs,Nothing found - no further action,False,
Person search,2017-01-29T23:15:00+00:00,,,51.609023,-3.658858,Male,18-24,White - White British (W1),White,Misuse of Drugs Act 1971 (section 23),Controlled drugs,Nothing found - no further action,False,
Person and Vehicle search,2017-01-29T23:22:00+00:00,,,51.609023,-3.658858,Male,18-24,White - White British (W1),White,Misuse of Drugs Act 1971 (section 23),Controlled drugs,Nothing found - no further action,False,
Person search,2017-01-29T23:29:00+00:00,,,51.584991,-3.431135,,,,,,,,,
Person search,2017-01-30T01:10:00+00:00,,,,,Male,over 34,Asian or Asian British - Bangladeshi (A3),Asian,Misuse of Drugs Act 1971 (section 23),Controlled drugs,Nothing found - no further action,False,
Person search,2017-01-30T01:10:00+00:00,,,,,Male,25-34,White - White British (W1),White,Misuse of Drugs Act 1971 (section 23),Controlled drugs,Nothing found - no further action,False,
Person and Vehicle search,2017-01-30T01:52:00+00:00,,,,,Male,18-24,White - White British (W1),White,Misuse of Drugs Act 1971 (section 23),Controlled drugs,Offender given drugs possession warning,True,
Person and Vehicle search,2017-01-30T01:52:00+00:00,,,,,Male,18-24,White - White British (W1),White,Misuse of Drugs Act 1971 (section 23),Controlled drugs,Suspect arrested,True,
Person search,2017-01-30T10:03:00+00:00,,,51.505603,-3.577447,Male,18-24,White - White British (W1),White,Misuse of Drugs Act 1971 (section 23),Controlled drugs,Nothing found - no further action,False,
Person search,2017-01-30T10:49:00+00:00,,,51.479605,-3.177277,Male,10-17,Black or Black British - Caribbean (B1),Black,Misuse of Drugs Act 1971 (section 23),Controlled drugs,Nothing found - no further action,False,
Person search,2017-01-30T10:49:00+00:00,,,51.479605,-3.177277,Female,10-17,White - White British (W1),White,Misuse of Drugs Act 1971 (section 23),Controlled drugs,Nothing found - no further action,False,
Person search,2017-01-30T14:10:00+00:00,,,51.508129,-3.577491,Male,25-34,White - White British (W1),White,Misuse of Drugs Act 1971 (section 23),Controlled drugs,Nothing found - no further action,False,
Person and Vehicle search,2017-01-30T22:47:00+00:00,,,51.546424,-3.261147,Male,18-24,White - White British (W1),White,Misuse of Drugs Act 1971 (section 23),Controlled drugs,Nothing found - no further action,False,
Person and Vehicle search,2017-01-30T22:47:00+00:00,,,51.546424,-3.261147,Male,18-24,White - White British (W1),White,Misuse of Drugs Act 1971 (section 23),Controlled drugs,Offender given drugs possession warning,True,
Person search,2017-01-31T00:25:00+00:00,,,51.483409,-3.208137,Male,over 34,White - White British (W1),White,Police and Criminal Evidence Act 1984 (section 1),,Suspect arrested,False,
Person search,2017-01-31T01:38:00+00:00,,,51.505929,-3.175031,Male,18-24,White - White British (W1),White,Police and Criminal Evidence Act 1984 (section 1),Article for use in theft,Nothing found - no further action,False,
Person and Vehicle search,2017-01-31T02:16:00+00:00,,,51.761856,-3.394106,Male,25-34,White - White British (W1),White,Misuse of Drugs Act 1971 (section 23),Controlled drugs,Nothing found - no further action,False,
Person search,2017-01-31T02:38:00+00:00,,,51.546424,-3.261147,Male,18-24,White - White British (W1),White,Misuse of Drugs Act 1971 (section 23),Controlled drugs,Offender given drugs possession warning,True,
Person search,2017-01-31T02:47:00+00:00,,,51.485676,-3.170866,Male,25-34,White - White British (W1),White,Police and Criminal Evidence Act 1984 (section 1),Article for use in theft,Nothing found - no further action,False,
Person search,2017-01-31T02:53:00+00:00,,,51.583127,-3.296730,Male,10-17,White - White British (W1),White,Police and Criminal Evidence Act 1984 (section 1),Article for use in theft,Suspect arrested,False,
Person search,2017-01-31T02:58:00+00:00,,,51.546424,-3.261147,Male,18-24,White - White British (W1),White,Misuse of Drugs Act 1971 (section 23),Controlled drugs,Suspect arrested,False,
Person search,2017-01-31T03:08:00+00:00,,,51.546424,-3.261147,Male,18-24,White - White British (W1),White,Misuse of Drugs Act 1971 (section 23),Controlled drugs,Nothing found - no further action,False,
Person search,2017-01-31T04:42:00+00:00,,,51.485538,-3.181045,Male,18-24,White - White British (W1),White,Misuse of Drugs Act 1971 (section 23),Controlled drugs,Nothing found - no further action,False,
Person search,2017-01-31T14:27:00+00:00,,,,,Male,18-24,White - White British (W1),White,Misuse of Drugs Act 1971 (section 23),Controlled drugs,Nothing found - no further action,False,
Person search,2017-01-31T14:27:00+00:00,,,,,Female,18-24,White - White British (W1),White,Misuse of Drugs Act 1971 (section 23),Controlled drugs,Nothing found - no further action,False,
Person search,2017-01-31T18:30:00+00:00,,,51.483169,-3.175166,Male,over 34,White - White British (W1),White,Misuse of Drugs Act 1971 (section 23),Controlled drugs,Nothing found - no further action,False,
Person search,2017-01-31T19:38:00+00:00,,,,,Male,25-34,White - White British (W1),White,Misuse of Drugs Act 1971 (section 23),Controlled drugs,Nothing found - no further action,False,
Person search,2017-01-31T23:06:00+00:00,,,51.605828,-3.339471,Female,over 34,White - White British (W1),White,Police and Criminal Evidence Act 1984 (section 1),,,False,
Person and Vehicle search,2017-01-31T23:36:00+00:00,,,,,Male,18-24,White - White British (W1),White,Misuse of Drugs Act 1971 (section 23),Controlled drugs,Suspect arrested,True,
