Type,Date,Part of a policing operation,Policing operation,Latitude,Longitude,Gender,Age range,Self-defined ethnicity,Officer-defined ethnicity,Legislation,Object of search,Outcome,Outcome linked to object of search,Removal of more than just outer clothing
Person search,2017-02-01T01:52:00+00:00,,,51.597867,-3.540548,Male,,White - White British (W1),White,Misuse of Drugs Act 1971 (section 23),Controlled drugs,Nothing found - no further action,False,
Person search,2017-02-01T04:27:00+00:00,,,51.480609,-3.190883,Male,,Not Stated (NS),White,Police and Criminal Evidence Act 1984 (section 1),,Suspect arrested,False,
Person search,2017-02-01T06:36:00+00:00,,,51.482146,-3.205065,Male,,White - White British (W1),White,Police and Criminal Evidence Act 1984 (section 1),Stolen goods,Nothing found - no further action,False,
Person search,2017-02-01T06:46:00+00:00,,,51.483427,-3.235731,Male,,Mixed - White and Black African (M2),Black,Police and Criminal Evidence Act 1984 (section 1),Stolen goods,Suspect arrested,False,
Person search,2017-02-01T08:23:00+00:00,,,51.394803,-3.267580,Male,,White - White British (W1),White,Misuse of Drugs Act 1971 (section 23),Controlled drugs,Nothing found - no further action,False,
Person search,2017-02-01T14:39:00+00:00,,,51.414744,-3.257059,Male,,White - White British (W1),White,Misuse of Drugs Act 1971 (section 23),Controlled drugs,Nothing found - no further action,False,
Person search,2017-02-01T14:39:00+00:00,,,51.414744,-3.257059,Male,,White - White British (W1),White,Misuse of Drugs Act 1971 (section 23),Controlled drugs,Nothing found - no further action,False,
Person search,2017-02-01T19:57:00+00:00,,,51.632123,-3.946916,Male,,White - White British (W1),White,Misuse of Drugs Act 1971 (section 23),Controlled drugs,Nothing found - no further action,False,
Person search,2017-02-01T21:00:00+00:00,,,51.771250,-3.354292,Male,,White - White British (W1),White,Police and Criminal Evidence Act 1984 (section 1),Article for use in theft,Nothing found - no further action,False,
Person search,2017-02-01T23:01:00+00:00,,,51.612018,-3.408357,Male,,White - White British (W1),White,Police and Criminal Evidence Act 1984 (section 1),Article for use in theft,Nothing found - no further action,False,
Person search,2017-02-02T01:30:00+00:00,,,51.602495,-3.346347,Male,,White - White British (W1),White,Misuse of Drugs Act 1971 (section 23),Controlled drugs,Offender given drugs possession warning,True,
Person search,2017-02-02T02:00:00+00:00,,,51.602495,-3.346347,Male,,Mixed - Any other Mixed ethnic background (M9),White,Misuse of Drugs Act 1971 (section 23),Controlled drugs,Offender given drugs possession warning,True,
Person search,2017-02-02T06:19:00+00:00,,,51.491551,-3.154149,Male,,White - White British (W1),White,Police and Criminal Evidence Act 1984 (section 1),Stolen goods,Suspect arrested,False,
Person search,2017-02-02T06:55:00+00:00,,,51.415171,-3.292201,Male,,White - White British (W1),White,Police and Criminal Evidence Act 1984 (section 1),,Suspect arrested,False,
Person search,2017-02-02T10:52:00+00:00,,,51.518827,-3.202098,Female,,White - Any other White ethnic background (W9),White,Police and Criminal Evidence Act 1984 (section 1),,Nothing found - no further action,False,
Person search,2017-02-02T13:26:00+00:00,,,,,Male,,,Black,Misuse of Drugs Act 1971 (section 23),Controlled drugs,Nothing found - no further action,False,
Person search,2017-02-02T15:33:00+00:00,,,51.602019,-3.342362,Male,,White - White British (W1),White,Police and Criminal Evidence Act 1984 (section 1),Stolen goods,Nothing found - no further action,False,
Person search,2017-02-02T18:09:00+00:00,,,51.619089,-3.935769,Male,,White - White British (W1),White,Misuse of Drugs Act 1971 (section 23),Controlled drugs,Nothing found - no further action,False,
Person search,2017-02-02T19:07:00+00:00,,,,,Male,,White - White British (W1),White,Misuse of Drugs Act 1971 (section 23),Controlled drugs,Nothing found - no further action,False,
Person and Vehicle search,2017-02-02T20:42:00+00:00,,,51.631329,-3.960566,Male,,White - White British (W1),White,Misuse of Drugs Act 1971 (section 23),Controlled drugs,Nothing found - no further action,False,
Person and Vehicle search,2017-02-02T22:24:00+00:00,,,51.464709,-3.170632,Male,,Black or Black British - African (B2),Other,Misuse of Drugs Act 1971 (section 23),Controlled drugs,Nothing found - no further action,False,
Person and Vehicle search,2017-02-02T23:32:00+00:00,,,51.473121,-3.173712,Male,,Black or Black British - Any other Black ethnic background (B9),Black,Misuse of Drugs Act 1971 (section 23),Controlled drugs,Nothing found - no further action,False,
Person search,2017-02-02T23:46:00+00:00,,,51.480529,-3.257196,Male,,White - White British (W1),White,Misuse of Drugs Act 1971 (section 23),Controlled drugs,Nothing found - no further action,False,
Person search,2017-02-02T23:48:00+00:00,,,51.480529,-3.257196,Male,,White - White British (W1),White,Misuse of Drugs Act 1971 (section 23),Controlled drugs,Nothing found - no further action,False,
Person and Vehicle search,2017-02-03T00:27:00+00:00,,,51.412313,-3.249860,Male,,White - Any other White ethnic background (W9),White,Police and Criminal Evidence Act 1984 (section 1),Article for use in theft,Nothing found - no further action,False,
Person search,2017-02-03T01:07:00+00:00,,,51.481140,-3.179290,Male,,White - White British (W1),White,Police and Criminal Evidence Act 1984 (section 1),,Nothing found - no further action,False,
Person search,2017-02-03T04:18:00+00:00,,,51.595781,-3.790151,Male,,White - White Irish (W2),White,Misuse of Drugs Act 1971 (section 23),Controlled drugs,Suspect arrested,True,
Person search,2017-02-03T14:13:00+00:00,,,51.605381,-3.339285,Male,,White - White British (W1),White,Misuse of Drugs Act 1971 (section 23),Controlled drugs,Nothing found - no further action,False,
Person search,2017-02-03T16:51:00+00:00,,,51.410563,-3.252012,Male,,White - White British (W1),White,Misuse of Drugs Act 1971 (section 23),Controlled drugs,Suspect arrested,True,
Person search,2017-02-03T19:49:00+00:00,,,51.617765,-3.960775,Male,,White - White British (W1),White,Police and Criminal Evidence Act 1984 (section 1),Stolen goods,Suspect arrested,False,
Person and Vehicle search,2017-02-03T22:14:00+00:00,,,51.475532,-3.557359,Male,,Asian or Asian British - Any other Asian ethnic background (A9),Asian,Misuse of Drugs Act 1971 (section 23),Controlled drugs,Offender given drugs possession warning,True,
Person and Vehicle search,2017-02-03T22:14:00+00:00,,,51.475532,-3.557359,Male,,White - White British (W1),White,Misuse of Drugs Act 1971 (section 23),Controlled drugs,Nothing found - no further action,False,
Person and Vehicle search,2017-02-03T22:14:00+00:00,,,51.475532,-3.557359,Male,,White - White British (W1),White,Misuse of Drugs Act 1971 (section 23),Controlled drugs,Nothing found - no further action,False,
Person search,2017-02-04T00:13:00+00:00,,,51.591828,-3.780496,Female,,White - White British (W1),White,Police and Criminal Evidence Act 1984 (section 1),Stolen goods,Nothing found - no further action,False,
Person search,2017-02-04T02:22:00+00:00,,,51.481990,-3.203578,Male,,Not Stated (NS),Black,Police and Criminal Evidence Act 1984 (section 1),Offensive weapons,Nothing found - no further action,False,
Person search,2017-02-04T03:22:00+00:00,,,51.485297,-3.144515,Male,,Not Stated (NS),Black,Misuse of Drugs Act 1971 (section 23),Controlled drugs,Nothing found - no further action,False,
Person and Vehicle search,2017-02-04T06:21:00+00:00,,,51.615704,-3.432895,Male,,White - White British (W1),White,Misuse of Drugs Act 1971 (section 23),Controlled drugs,Suspect arrested,True,
Person search,2017-02-04T15:04:00+00:00,,,,,Male,,White - White British (W1),White,Police and Criminal Evidence Act 1984 (section 1),Offensive weapons,Suspect arrested,False,
Person and Vehicle search,2017-02-04T15:45:00+00:00,,,51.475854,-3.171104,Male,,Black or Black British - African (B2),Other,,,Nothing found - no further action,False,
Person and Vehicle search,2017-02-04T17:11:00+00:00,,,51.745786,-3.375953,Male,,White - White British (W1),White,Misuse of Drugs Act 1971 (section 23),Controlled drugs,Suspect arrested,True,
Person search,2017-02-04T17:43:00+00:00,,,51.478900,-3.237812,Male,,White - White British (W1),White,Misuse of Drugs Act 1971 (section 23),Controlled drugs,Suspect arrested,True,
Person search,2017-02-04T19:03:00+00:00,,,51.575804,-4.002943,Male,,White - White British (W1),White,Police and Criminal Evidence Act 1984 (section 1),Article for use in theft,Nothing found - no further action,False,
Person search,2017-02-04T22:52:00+00:00,,,51.616119,-3.957021,Male,,White - White British (W1),White,Police and Criminal Evidence Act 1984 (section 1),,Nothing found - no further action,False,
Person search,2017-02-04T23:50:00+00:00,,,51.714150,-3.450249,Male,,White - White British (W1),White,Misuse of Drugs Act 1971 (section 23),Controlled drugs,Suspect arrested,False,
Person search,2017-02-05T00:48:00+00:00,,,51.502066,-3.159285,Male,,White - White British (W1),White,Police and Criminal Evidence Act 1984 (section 1),,Nothing found - no further action,False,
Person search,2017-02-05T01:38:00+00:00,,,51.531819,-3.098668,Male,,White - White British (W1),White,Police and Criminal Evidence Act 1984 (section 1),Articles for use in criminal damage,Nothing found - no further action,False,
Person search,2017-02-05T01:57:00+00:00,,,51.480598,-3.173256,Male,,White - White British (W1),White,Police and Criminal Evidence Act 1984 (section 1),,Nothing found - no further action,False,
Person search,2017-02-05T03:16:00+00:00,,,51.546885,-3.616488,Male,,White - White British (W1),White,Misuse of Drugs Act 1971 (section 23),Controlled drugs,Nothing found - no further action,False,
Person search,2017-02-05T03:29:00+00:00,,,51.668010,-4.031926,Male,,White - White British (W1),White,,,,,
Person search,2017-02-05T04:11:00+00:00,,,51.662124,-3.806747,Male,,White - White British (W1),White,Misuse of Drugs Act 1971 (section 23),Controlled drugs,Suspect arrested,True,
Person search,2017-02-05T08:05:00+00:00,,,51.582890,-3.435283,Male,,White - White British (W1),White,Police and Criminal Evidence Act 1984 (section 1),Article for use in theft,Nothing found - no further action,False,
Person search,2017-02-05T18:57:00+00:00,,,51.411464,-3.252727,Male,,White - White British (W1),White,Misuse of Drugs Act 1971 (section 23),Controlled drugs,Offender given drugs possession warning,True,
Person search,2017-02-05T19:19:00+00:00,,,51.619745,-3.940116,Male,,White - White British (W1),White,Misuse of Drugs Act 1971 (section 23),Controlled drugs,Nothing found - no further action,False,
Person search,2017-02-05T19:23:00+00:00,,,51.619745,-3.940116,Male,,White - White British (W1),White,Misuse of Drugs Act 1971 (section 23),Controlled drugs,Nothing found - no further action,False,
Person search,2017-02-05T19:28:00+00:00,,,51.619745,-3.940116,Male,,White - White British (W1),White,Misuse of Drugs Act 1971 (section 23),Controlled drugs,Nothing found - no further action,False,
Person search,2017-02-05T19:52:00+00:00,,,51.618957,-3.937728,Male,,White - White British (W1),White,Misuse of Drugs Act 1971 (section 23),Controlled drugs,Nothing found - no further action,False,
Person search,2017-02-05T20:12:00+00:00,,,51.619745,-3.940116,Male,,White - White British (W1),White,Misuse of Drugs Act 1971 (section 23),,Nothing found - no further action,,
Person search,2017-02-05T21:23:00+00:00,,,51.619745,-3.940116,Male,,White - White British (W1),White,Misuse of Drugs Act 1971 (section 23),Controlled drugs,Nothing found - no further action,False,
Person search,2017-02-05T21:25:00+00:00,,,,,Male,,White - White British (W1),White,Misuse of Drugs Act 1971 (section 23),Controlled drugs,Nothing found - no further action,False,
Person search,2017-02-05T21:30:00+00:00,,,51.618957,-3.937728,Male,,White - White British (W1),White,Misuse of Drugs Act 1971 (section 23),Controlled drugs,Nothing found - no further action,False,
Person search,2017-02-05T21:34:00+00:00,,,51.618704,-3.940578,Male,,White - White British (W1),White,Misuse of Drugs Act 1971 (section 23),Controlled drugs,Nothing found - no further action,False,
Person search,2017-02-05T21:40:00+00:00,,,51.624318,-3.968975,Male,,White - White British (W1),White,Police and Criminal Evidence Act 1984 (section 1),Articles for use in criminal damage,Nothing found - no further action,False,
Person search,2017-02-05T21:41:00+00:00,,,51.618957,-3.937728,Male,,White - White British (W1),White,Misuse of Drugs Act 1971 (section 23),Controlled drugs,Nothing found - no further action,False,
Person search,2017-02-05T21:45:00+00:00,,,51.618957,-3.937728,Male,,White - White British (W1),White,Misuse of Drugs Act 1971 (section 23),Controlled drugs,Nothing found - no further action,False,
Person search,2017-02-06T06:29:00+00:00,,,51.631282,-3.942343,Female,,White - White Irish (W2),White,Misuse of Drugs Act 1971 (section 23),Controlled drugs,Nothing found - no further action,False,
Person search,2017-02-06T07:08:00+00:00,,,51.472643,-3.178365,Male,,White - White British (W1),White,Misuse of Drugs Act 1971 (section 23),Controlled drugs,Nothing found - no further action,False,
Person search,2017-02-06T07:08:00+00:00,,,51.472643,-3.178365,Male,,White - White British (W1),White,Misuse of Drugs Act 1971 (section 23),Controlled drugs,Nothing found - no further action,False,
Person search,2017-02-06T12:44:00+00:00,,,51.482497,-3.174054,Male,,White - White British (W1),White,Misuse of Drugs Act 1971 (section 23),Controlled drugs,Nothing found - no further action,False,
Person search,2017-02-06T17:16:00+00:00,,,51.619745,-3.940116,Male,,White - White British (W1),White,Misuse of Drugs Act 1971 (section 23),Controlled drugs,Nothing found - no further action,False,
Person search,2017-02-06T17:30:00+00:00,,,51.618957,-3.937728,Male,,White - White Irish (W2),White,Misuse of Drugs Act 1971 (section 23),Controlled drugs,Nothing found - no further action,False,
Person search,2017-02-06T19:19:00+00:00,,,51.520648,-3.584021,Male,,White - White British (W1),White,Police and Criminal Evidence Act 1984 (section 1),Offensive weapons,Nothing found - no further action,False,
Person search,2017-02-06T19:26:00+00:00,,,51.520648,-3.584021,Male,,White - White British (W1),White,Police and Criminal Evidence Act 1984 (section 1),Offensive weapons,Nothing found - no further action,False,
Person search,2017-02-06T19:36:00+00:00,,,51.472643,-3.178365,Female,,White - White British (W1),White,Misuse of Drugs Act 1971 (section 23),Controlled drugs,Nothing found - no further action,False,
Person search,2017-02-07T02:41:00+00:00,,,51.609574,-3.663774,Male,,White - White Irish (W2),White,Police and Criminal Evidence Act 1984 (section 1),,Nothing found - no further action,,
Person search,2017-02-07T03:15:00+00:00,,,51.618957,-3.937728,Male,,White - White British (W1),White,,,,,
Person search,2017-02-07T05:21:00+00:00,,,51.654030,-3.951166,Male,,White - White British (W1),White,Police and Criminal Evidence Act 1984 (section 1),Stolen goods,Suspect arrested,False,
Person search,2017-02-07T05:30:00+00:00,,,51.654030,-3.951166,Male,,White - White British (W1),White,Police and Criminal Evidence Act 1984 (section 1),,Nothing found - no further action,False,
Person search,2017-02-07T07:19:00+00:00,,,51.618957,-3.937728,Male,,White - White British (W1),White,Misuse of Drugs Act 1971 (section 23),Controlled drugs,Nothing found - no further action,False,
Person search,2017-02-07T07:29:00+00:00,,,51.618957,-3.937728,Male,,White - White British (W1),White,Misuse of Drugs Act 1971 (section 23),Controlled drugs,Nothing found - no further action,False,
Person search,2017-02-07T07:36:00+00:00,,,51.618957,-3.937728,Male,,White - White Irish (W2),White,Misuse of Drugs Act 1971 (section 23),Controlled drugs,Nothing found - no further action,False,
Person search,2017-02-07T08:02:00+00:00,,,51.622564,-3.946377,Female,,White - White British (W1),,Misuse of Drugs Act 1971 (section 23),Controlled drugs,Nothing found - no further action,False,
Person search,2017-02-07T08:10:00+00:00,,,,,Female,,White - White British (W1),,Misuse of Drugs Act 1971 (section 23),Controlled drugs,Nothing found - no further action,False,
Person search,2017-02-07T12:16:00+00:00,,,51.487406,-3.159590,Female,,White - White British (W1),White,Misuse of Drugs Act 1971 (section 23),Controlled drugs,Suspect arrested,True,
Person search,2017-02-07T12:49:00+00:00,,,51.485992,-3.166222,Male,,White - White British (W1),White,Misuse of Drugs Act 1971 (section 23),Controlled drugs,Nothing found - no further action,False,
Person search,2017-02-07T12:56:00+00:00,,,51.486474,-3.164722,Male,,Asian or Asian British - Any other Asian ethnic background (A9),Other,Misuse of Drugs Act 1971 (section 23),Controlled drugs,Nothing found - no further action,False,
Person search,2017-02-07T14:29:00+00:00,,,51.531470,-3.371744,Male,,White - White British (W1),White,Police and Criminal Evidence Act 1984 (section 1),Offensive weapons,Nothing found - no further action,False,
Person search,2017-02-07T14:29:00+00:00,,,51.531470,-3.371744,Male,,White - White British (W1),White,Police and Criminal Evidence Act 1984 (section 1),Offensive weapons,Nothing found - no further action,False,
Person search,2017-02-07T15:08:00+00:00,,,51.609023,-3.658858,Male,,White - White British (W1),,Police and Criminal Evidence Act 1984 (section 1),,Nothing found - no further action,False,
Person search,2017-02-07T15:14:00+00:00,,,51.603012,-3.646408,Male,,White - White British (W1),,Police and Criminal Evidence Act 1984 (section 1),,Nothing found - no further action,False,
Person search,2017-02-07T17:58:00+00:00,,,,,Male,,White - White British (W1),White,Misuse of Drugs Act 1971 (section 23),Controlled drugs,Suspect arrested,True,
Person search,2017-02-07T18:58:00+00:00,,,51.612761,-3.447058,Male,,White - White British (W1),White,Police and Criminal Evidence Act 1984 (section 1),Offensive weapons,Nothing found - no further action,False,
Person search,2017-02-08T06:24:00+00:00,,,51.485746,-3.175549,Male,,White - White British (W1),White,Police and Criminal Evidence Act 1984 (section 1),,Nothing found - no further action,False,
Person search,2017-02-08T12:23:00+00:00,,,51.743839,-3.374851,Male,,White - White British (W1),White,Police and Criminal Evidence Act 1984 (section 1),Article for use in theft,Nothing found - no further action,False,
Person search,2017-02-08T13:24:00+00:00,,,51.506547,-3.561975,Male,,White - White British (W1),White,Misuse of Drugs Act 1971 (section 23),Controlled drugs,Nothing found - no further action,False,
Person search,2017-02-08T15:28:00+00:00,,,51.659941,-3.506392,Male,,White - White British (W1),White,Police and Criminal Evidence Act 1984 (section 1),Stolen goods,Nothing found - no further action,False,
Person search,2017-02-08T16:02:00+00:00,,,51.503583,-3.559713,Male,,White - White British (W1),White,Misuse of Drugs Act 1971 (section 23),Controlled drugs,Nothing found - no further action,False,
Person search,2017-02-08T17:11:00+00:00,,,51.519036,-3.584167,Male,,White - White British (W1),White,Misuse of Drugs Act 1971 (section 23),Controlled drugs,Nothing found - no further action,False,
Person search,2017-02-08T17:40:00+00:00,,,51.605596,-3.657679,Female,,White - White British (W1),White,Police and Criminal Evidence Act 1984 (section 1),,Nothing found - no further action,False,
Person search,2017-02-08T17:40:00+00:00,,,51.605596,-3.657679,Male,,White - White British (W1),White,Police and Criminal Evidence Act 1984 (section 1),,Nothing found - no further action,False,
Person search,2017-02-08T17:47:00+00:00,,,51.605596,-3.657679,Male,,White - White British (W1),White,Police and Criminal Evidence Act 1984 (section 1),,Nothing found - no further action,False,
Person search,2017-02-08T17:47:00+00:00,,,51.605596,-3.657679,Male,,White - White British (W1),,Police and Criminal Evidence Act 1984 (section 1),,Nothing found - no further action,False,
Person and Vehicle search,2017-02-08T18:06:00+00:00,,,51.486475,-3.201161,Male,,White - White British (W1),White,Misuse of Drugs Act 1971 (section 23),Controlled drugs,Nothing found - no further action,False,
Person and Vehicle search,2017-02-08T18:06:00+00:00,,,51.486475,-3.201161,Male,,Mixed - Any other Mixed ethnic background (M9),White,Misuse of Drugs Act 1971 (section 23),Controlled drugs,Nothing found - no further action,False,
Person and Vehicle search,2017-02-08T18:06:00+00:00,,,51.486475,-3.201161,Male,,White - White British (W1),White,Misuse of Drugs Act 1971 (section 23),Controlled drugs,Nothing found - no further action,False,
Person and Vehicle search,2017-02-08T18:06:00+00:00,,,51.486475,-3.201161,Male,,White - White British (W1),White,Misuse of Drugs Act 1971 (section 23),Controlled drugs,Nothing found - no further action,False,
Person and Vehicle search,2017-02-08T18:07:00+00:00,,,,,Male,,White - Any other White ethnic background (W9),White,Misuse of Drugs Act 1971 (section 23),Controlled drugs,Nothing found - no further action,False,
Person and Vehicle search,2017-02-08T18:07:00+00:00,,,,,Male,,White - Any other White ethnic background (W9),White,Misuse of Drugs Act 1971 (section 23),Controlled drugs,Nothing found - no further action,False,
Person search,2017-02-08T22:31:00+00:00,,,51.622949,-3.944862,Male,,White - White British (W1),White,Police and Criminal Evidence Act 1984 (section 1),,Nothing found - no further action,False,
Person search,2017-02-08T22:32:00+00:00,,,51.635844,-3.446969,Male,,White - White British (W1),White,Police and Criminal Evidence Act 1984 (section 1),Articles for use in criminal damage,Nothing found - no further action,False,
Person search,2017-02-08T22:32:00+00:00,,,51.635844,-3.446969,Male,,White - White British (W1),White,Police and Criminal Evidence Act 1984 (section 1),Articles for use in criminal damage,Nothing found - no further action,False,
Person search,2017-02-08T22:32:00+00:00,,,51.635844,-3.446969,Male,,White - White British (W1),White,Police and Criminal Evidence Act 1984 (section 1),Articles for use in criminal damage,Nothing found - no further action,False,
Person search,2017-02-08T22:48:00+00:00,,,51.635844,-3.446969,Male,,White - White British (W1),White,Police and Criminal Evidence Act 1984 (section 1),Articles for use in criminal damage,Nothing found - no further action,False,
Person and Vehicle search,2017-02-08T22:51:00+00:00,,,51.485571,-3.227652,Male,,White - White British (W1),White,Misuse of Drugs Act 1971 (section 23),Controlled drugs,Suspect arrested,False,
Person and Vehicle search,2017-02-08T22:51:00+00:00,,,51.485571,-3.227652,Male,,White - White Irish (W2),White,Misuse of Drugs Act 1971 (section 23),Controlled drugs,Nothing found - no further action,False,
Person search,2017-02-08T23:49:00+00:00,,,51.590974,-3.310812,Male,,White - White British (W1),White,Misuse of Drugs Act 1971 (section 23),Controlled drugs,Nothing found - no further action,False,
Person search,2017-02-09T03:04:00+00:00,,,51.619745,-3.940116,,,Asian or Asian British - Any other Asian ethnic background (A9),Asian,Misuse of Drugs Act 1971 (section 23),Controlled drugs,Nothing found - no further action,False,
Person search,2017-02-09T03:20:00+00:00,,,51.528542,-3.084577,Male,,White - White British (W1),White,Police and Criminal Evidence Act 1984 (section 1),Article for use in theft,Nothing found - no further action,False,
Person search,2017-02-09T03:51:00+00:00,,,51.742464,-3.445970,Male,,White - White British (W1),White,Police and Criminal Evidence Act 1984 (section 1),Articles for use in criminal damage,Suspect arrested,True,
Person search,2017-02-09T03:58:00+00:00,,,51.742464,-3.445970,Male,,White - White British (W1),White,Police and Criminal Evidence Act 1984 (section 1),Articles for use in criminal damage,Suspect arrested,True,
Person and Vehicle search,2017-02-09T06:24:00+00:00,,,51.746119,-3.551353,Female,,White - White British (W1),White,Police and Criminal Evidence Act 1984 (section 1),Stolen goods,Nothing found - no further action,False,
Person and Vehicle search,2017-02-09T06:24:00+00:00,,,51.746119,-3.551353,Male,,White - White British (W1),White,Police and Criminal Evidence Act 1984 (section 1),Stolen goods,Nothing found - no further action,False,
Person and Vehicle search,2017-02-09T06:24:00+00:00,,,51.746119,-3.551353,Male,,White - White British (W1),White,Police and Criminal Evidence Act 1984 (section 1),Stolen goods,Suspect arrested,False,
Person search,2017-02-09T09:00:00+00:00,,,51.510341,-3.567452,Male,,White - White British (W1),White,Misuse of Drugs Act 1971 (section 23),Controlled drugs,Suspect arrested,True,
Person search,2017-02-09T12:50:00+00:00,,,,,Male,,White - White British (W1),White,Police and Criminal Evidence Act 1984 (section 1),,Nothing found - no further action,False,
Person search,2017-02-09T13:59:00+00:00,,,51.741056,-3.367496,Male,,White - White British (W1),White,Misuse of Drugs Act 1971 (section 23),Controlled drugs,Suspect arrested,True,
Person search,2017-02-09T13:59:00+00:00,,,51.741056,-3.367496,Male,,White - White British (W1),White,Misuse of Drugs Act 1971 (section 23),Controlled drugs,Suspect arrested,True,
Person search,2017-02-09T16:10:00+00:00,,,51.618863,-3.947793,Male,,White - White British (W1),White,Misuse of Drugs Act 1971 (section 23),Controlled drugs,Nothing found - no further action,False,
Person and Vehicle search,2017-02-09T17:12:00+00:00,,,51.511544,-3.249433,Male,,White - White British (W1),White,Misuse of Drugs Act 1971 (section 23),Controlled drugs,Offender given drugs possession warning,True,
Person search,2017-02-09T17:23:00+00:00,,,51.513889,-3.249612,Male,,White - White British (W1),White,Misuse of Drugs Act 1971 (section 23),Controlled drugs,Offender given drugs possession warning,True,
Person search,2017-02-09T17:42:00+00:00,,,51.498579,-3.184249,Male,,Mixed - White and Asian (M3),White,Misuse of Drugs Act 1971 (section 23),Controlled drugs,Nothing found - no further action,False,
Person search,2017-02-09T18:08:00+00:00,,,51.472983,-3.253087,Male,,White - White British (W1),White,Misuse of Drugs Act 1971 (section 23),Controlled drugs,Offender given penalty notice,False,
Person search,2017-02-09T20:10:00+00:00,,,51.481068,-3.182845,Male,,White - White British (W1),White,Police and Criminal Evidence Act 1984 (section 1),,Nothing found - no further action,False,
Person search,2017-02-09T21:07:00+00:00,,,51.481090,-3.195777,Male,,,Asian,,,,,
Person search,2017-02-09T21:07:00+00:00,,,51.481090,-3.195777,Male,,Not Stated (NS),,,,,,
Person search,2017-02-09T23:43:00+00:00,,,51.414490,-3.256476,Male,,White - White British (W1),White,Misuse of Drugs Act 1971 (section 23),Controlled drugs,Nothing found - no further action,False,
Person search,2017-02-09T23:53:00+00:00,,,51.538670,-3.587199,Male,,White - White British (W1),White,Misuse of Drugs Act 1971 (section 23),Controlled drugs,Nothing found - no further action,False,
Person search,2017-02-10T01:03:00+00:00,,,51.680826,-3.380116,Male,,White - White British (W1),White,Police and Criminal Evidence Act 1984 (section 1),Article for use in theft,Nothing found - no further action,False,
Person search,2017-02-10T05:13:00+00:00,,,51.480314,-3.179139,Female,,Not Stated (NS),White,Misuse of Drugs Act 1971 (section 23),Controlled drugs,Suspect arrested,True,
Person search,2017-02-10T05:51:00+00:00,,,51.539372,-3.380316,Male,,White - White British (W1),White,Police and Criminal Evidence Act 1984 (section 1),Offensive weapons,Nothing found - no further action,False,
Person search,2017-02-10T12:03:00+00:00,,,51.619745,-3.940116,Male,,White - White British (W1),White,,,,,
Person search,2017-02-10T12:52:00+00:00,,,,,Female,,White - White British (W1),White,Misuse of Drugs Act 1971 (section 23),Controlled drugs,Nothing found - no further action,False,
Person search,2017-02-10T12:52:00+00:00,,,,,Female,,White - White British (W1),White,Misuse of Drugs Act 1971 (section 23),Controlled drugs,Nothing found - no further action,False,
Person search,2017-02-10T12:58:00+00:00,,,51.628353,-3.942723,Male,,White - White British (W1),White,,,,,
Person search,2017-02-10T13:06:00+00:00,,,,,Male,,White - White British (W1),White,Misuse of Drugs Act 1971 (section 23),Controlled drugs,Nothing found - no further action,False,
Person search,2017-02-10T13:06:00+00:00,,,,,Male,,White - White British (W1),White,Misuse of Drugs Act 1971 (section 23),Controlled drugs,Nothing found - no further action,False,
Person search,2017-02-10T13:07:00+00:00,,,51.619745,-3.940116,Male,,White - White Irish (W2),White,,,,,
Person search,2017-02-10T13:12:00+00:00,,,51.619745,-3.940116,Male,,,,,,,,
Person search,2017-02-10T13:18:00+00:00,,,51.619817,-3.940654,Male,,White - White British (W1),White,Misuse of Drugs Act 1971 (section 23),Controlled drugs,Nothing found - no further action,False,
Person search,2017-02-10T13:28:00+00:00,,,51.618957,-3.937728,Male,,White - White British (W1),White,Misuse of Drugs Act 1971 (section 23),Controlled drugs,Nothing found - no further action,False,
Person search,2017-02-10T13:35:00+00:00,,,51.488832,-3.157264,Male,,White - White British (W1),White,Police and Criminal Evidence Act 1984 (section 1),,Nothing found - no further action,False,
Person and Vehicle search,2017-02-10T14:48:00+00:00,,,51.647560,-3.971356,Male,,White - White British (W1),White,Misuse of Drugs Act 1971 (section 23),Controlled drugs,Suspect arrested,False,
Person search,2017-02-10T16:18:00+00:00,,,,,Male,,Not Stated (NS),,,,,,
Person search,2017-02-10T16:26:00+00:00,,,51.619745,-3.940116,Male,,,,,,,,
Person search,2017-02-10T20:34:00+00:00,,,51.645448,-3.442563,Male,,White - White British (W1),White,Misuse of Drugs Act 1971 (section 23),Controlled drugs,Nothing found - no further action,False,
Person search,2017-02-10T22:21:00+00:00,,,51.645448,-3.442563,Male,,Not Stated (NS),White,Misuse of Drugs Act 1971 (section 23),Controlled drugs,Nothing found - no further action,False,
Person search,2017-02-10T22:21:00+00:00,,,51.645448,-3.442563,Female,,White - White British (W1),White,Misuse of Drugs Act 1971 (section 23),Controlled drugs,Nothing found - no further action,False,
Person and Vehicle search,2017-02-10T23:38:00+00:00,,,51.740658,-3.374653,Male,,White - White British (W1),White,Misuse of Drugs Act 1971 (section 23),Controlled drugs,Suspect arrested,True,
Person and Vehicle search,2017-02-11T01:01:00+00:00,,,51.750305,-3.550960,Male,,White - White British (W1),White,Police and Criminal Evidence Act 1984 (section 1),Controlled drugs,Nothing found - no further action,False,
Person and Vehicle search,2017-02-11T01:01:00+00:00,,,51.750305,-3.550960,Male,,White - White British (W1),White,Misuse of Drugs Act 1971 (section 23),Controlled drugs,Nothing found - no further action,False,
Person search,2017-02-11T01:08:00+00:00,,,51.745161,-3.555115,Male,,White - White British (W1),White,Misuse of Drugs Act 1971 (section 23),Controlled drugs,Nothing found - no further action,False,
Person search,2017-02-11T01:42:00+00:00,,,51.521075,-3.153786,Male,,White - White British (W1),White,Police and Criminal Evidence Act 1984 (section 1),Article for use in theft,Nothing found - no further action,False,
Person search,2017-02-11T01:46:00+00:00,,,51.523379,-3.138897,Male,,White - White British (W1),White,Police and Criminal Evidence Act 1984 (section 1),Article for use in theft,Nothing found - no further action,False,
Person search,2017-02-11T01:58:00+00:00,,,51.714217,-3.444779,Male,,White - White British (W1),White,Misuse of Drugs Act 1971 (section 23),Controlled drugs,Offender given drugs possession warning,True,
Person search,2017-02-11T02:09:00+00:00,,,51.714217,-3.444779,Male,,White - White British (W1),White,Misuse of Drugs Act 1971 (section 23),Controlled drugs,Nothing found - no further action,False,
Person search,2017-02-11T02:21:00+00:00,,,51.713560,-3.447784,Male,,White - White British (W1),White,Misuse of Drugs Act 1971 (section 23),Controlled drugs,Suspect arrested,True,
Person search,2017-02-11T02:41:00+00:00,,,51.482183,-3.190017,Male,,White - White British (W1),White,Police and Criminal Evidence Act 1984 (section 1),,Suspect arrested,False,
Person search,2017-02-11T04:06:00+00:00,,,51.642762,-3.970063,Male,,White - White British (W1),White,Police and Criminal Evidence Act 1984 (section 1),Article for use in theft,Nothing found - no further action,False,
Person search,2017-02-11T04:16:00+00:00,,,51.713738,-3.443534,Male,,White - White British (W1),White,Police and Criminal Evidence Act 1984 (section 1),Article for use in theft,Nothing found - no further action,False,
Person search,2017-02-11T15:35:00+00:00,,,51.519016,-3.116578,Male,,White - White British (W1),White,Police and Criminal Evidence Act 1984 (section 1),Stolen goods,Nothing found - no further action,False,
Person search,2017-02-11T19:30:00+00:00,,,51.481140,-3.179290,Male,,Black or Black British - Any other Black ethnic background (B9),Black,Misuse of Drugs Act 1971 (section 23),Controlled drugs,Offender given drugs possession warning,True,
Person search,2017-02-11T21:16:00+00:00,,,51.475854,-3.171104,Male,,White - White British (W1),White,Misuse of Drugs Act 1971 (section 23),Controlled drugs,Nothing found - no further action,False,
Person search,2017-02-11T21:16:00+00:00,,,51.475597,-3.172538,Male,,White - White British (W1),White,Misuse of Drugs Act 1971 (section 23),Controlled drugs,Nothing found - no further action,False,
Person search,2017-02-11T21:16:00+00:00,,,51.475597,-3.172538,Male,,White - White British (W1),White,Misuse of Drugs Act 1971 (section 23),Controlled drugs,Nothing found - no further action,False,
Person and Vehicle search,2017-02-11T22:27:00+00:00,,,51.428221,-3.171410,,,White - White British (W1),White,Misuse of Drugs Act 1971 (section 23),Controlled drugs,Nothing found - no further action,False,
Person and Vehicle search,2017-02-11T22:27:00+00:00,,,51.428221,-3.171410,Female,,White - White British (W1),White,Misuse of Drugs Act 1971 (section 23),Controlled drugs,Nothing found - no further action,False,
Person search,2017-02-11T23:08:00+00:00,,,51.475630,-3.248580,Male,,White - White British (W1),White,Misuse of Drugs Act 1971 (section 23),Controlled drugs,Nothing found - no further action,False,
Person search,2017-02-11T23:08:00+00:00,,,51.475630,-3.248580,Male,,White - White British (W1),White,Misuse of Drugs Act 1971 (section 23),Controlled drugs,Nothing found - no further action,False,
Person search,2017-02-11T23:16:00+00:00,,,,,Male,,Not Stated (NS),White,Misuse of Drugs Act 1971 (section 23),Controlled drugs,Nothing found - no further action,False,
Person search,2017-02-11T23:30:00+00:00,,,51.599883,-3.341982,Male,,White - White British (W1),White,Police and Criminal Evidence Act 1984 (section 1),Offensive weapons,Nothing found - no further action,False,
Person search,2017-02-11T23:36:00+00:00,,,51.427086,-3.172489,Male,,White - White British (W1),White,Misuse of Drugs Act 1971 (section 23),Controlled drugs,Offender given drugs possession warning,True,
Person search,2017-02-12T01:22:00+00:00,,,51.477935,-3.239845,Male,,White - White British (W1),White,Police and Criminal Evidence Act 1984 (section 1),,Nothing found - no further action,False,
Person search,2017-02-12T02:01:00+00:00,,,51.516164,-3.503214,Male,,White - White British (W1),White,Police and Criminal Evidence Act 1984 (section 1),Stolen goods,Suspect arrested,True,
Person search,2017-02-12T02:56:00+00:00,,,51.658797,-3.905118,Male,,White - White British (W1),White,Police and Criminal Evidence Act 1984 (section 1),Article for use in theft,Suspect arrested,False,
Person search,2017-02-12T03:40:00+00:00,,,51.484065,-3.204669,Male,,White - White British (W1),White,Police and Criminal Evidence Act 1984 (section 1),,Suspect arrested,False,
Person search,2017-02-12T06:01:00+00:00,,,51.484559,-3.201283,Male,,White - White British (W1),White,Misuse of Drugs Act 1971 (section 23),Controlled drugs,Suspect arrested,True,
Person search,2017-02-12T06:32:00+00:00,,,,,Male,,White - White British (W1),White,Misuse of Drugs Act 1971 (section 23),Controlled drugs,Nothing found - no further action,False,
Person search,2017-02-12T07:08:00+00:00,,,51.684915,-3.935640,Male,,White - White British (W1),White,Misuse of Drugs Act 1971 (section 23),Controlled drugs,Nothing found - no further action,False,
Person search,2017-02-12T07:21:00+00:00,,,51.594408,-3.816893,Male,,White - White British (W1),White,,,Nothing found - no further action,False,
Person search,2017-02-12T14:12:00+00:00,,,51.539372,-3.380316,Male,,White - White British (W1),White,Police and Criminal Evidence Act 1984 (section 1),Offensive weapons,Nothing found - no further action,False,
Person and Vehicle search,2017-02-12T19:27:00+00:00,,,51.516298,-3.581867,Female,,White - White British (W1),White,Misuse of Drugs Act 1971 (section 23),Controlled drugs,Nothing found - no further action,False,
Person and Vehicle search,2017-02-12T19:27:00+00:00,,,51.516298,-3.581867,Male,,White - White British (W1),White,Misuse of Drugs Act 1971 (section 23),Controlled drugs,Nothing found - no further action,False,
Person search,2017-02-12T23:02:00+00:00,,,51.411218,-3.284512,Male,,White - White British (W1),White,Police and Criminal Evidence Act 1984 (section 1),Stolen goods,Nothing found - no further action,False,
Person search,2017-02-12T23:45:00+00:00,,,51.478931,-3.160988,Male,,White - Any other White ethnic background (W9),White,Misuse of Drugs Act 1971 (section 23),Controlled drugs,Nothing found - no further action,False,
Person search,2017-02-13T04:27:00+00:00,,,51.603398,-3.340454,Male,,White - White British (W1),White,Police and Criminal Evidence Act 1984 (section 1),,Nothing found - no further action,False,
Person search,2017-02-13T04:51:00+00:00,,,51.627419,-3.336235,Male,,White - White British (W1),White,Misuse of Drugs Act 1971 (section 23),Controlled drugs,Nothing found - no further action,False,
Person search,2017-02-13T04:52:00+00:00,,,51.610638,-3.329301,Male,,White - White British (W1),White,Police and Criminal Evidence Act 1984 (section 1),Offensive weapons,Nothing found - no further action,False,
Person search,2017-02-13T04:57:00+00:00,,,51.610638,-3.329301,Male,,White - White British (W1),White,Police and Criminal Evidence Act 1984 (section 1),Offensive weapons,Nothing found - no further action,False,
Person search,2017-02-13T05:05:00+00:00,,,51.598937,-3.341376,Male,,White - White British (W1),White,Misuse of Drugs Act 1971 (section 23),Controlled drugs,Suspect arrested,False,
Person and Vehicle search,2017-02-13T05:30:00+00:00,,,51.610638,-3.329301,Male,,White - White British (W1),White,Police and Criminal Evidence Act 1984 (section 1),Article for use in theft,Nothing found - no further action,False,
Person search,2017-02-13T06:41:00+00:00,,,51.610638,-3.329301,Male,,White - White British (W1),White,Police and Criminal Evidence Act 1984 (section 1),Article for use in theft,Nothing found - no further action,False,
Person search,2017-02-13T14:11:00+00:00,,,51.482153,-3.216572,Male,,Mixed - White and Black Caribbean (M1),Black,Police and Criminal Evidence Act 1984 (section 1),Articles for use in criminal damage,Nothing found - no further action,False,
Person search,2017-02-13T16:15:00+00:00,,,51.605381,-3.339285,Male,,White - White British (W1),White,Police and Criminal Evidence Act 1984 (section 1),Offensive weapons,Nothing found - no further action,False,
Person search,2017-02-13T16:57:00+00:00,,,51.575229,-3.998718,,,White - White British (W1),White,Police and Criminal Evidence Act 1984 (section 1),Stolen goods,Suspect arrested,True,
Person search,2017-02-13T17:54:00+00:00,,,51.481280,-3.200909,Male,,White - White British (W1),White,Police and Criminal Evidence Act 1984 (section 1),,Nothing found - no further action,False,
Person search,2017-02-13T18:48:00+00:00,,,,,Male,,White - White British (W1),White,Police and Criminal Evidence Act 1984 (section 1),,Nothing found - no further action,False,
Person search,2017-02-13T18:50:00+00:00,,,,,Female,,White - White British (W1),White,Police and Criminal Evidence Act 1984 (section 1),,Nothing found - no further action,False,
Person search,2017-02-13T18:54:00+00:00,,,,,Male,,White - White British (W1),White,Police and Criminal Evidence Act 1984 (section 1),Article for use in theft,Nothing found - no further action,False,
Person and Vehicle search,2017-02-13T19:29:00+00:00,,,51.526245,-3.575076,Male,,White - White British (W1),White,Misuse of Drugs Act 1971 (section 23),Controlled drugs,Suspect arrested,True,
Person search,2017-02-13T19:32:00+00:00,,,51.481990,-3.203578,Male,,White - White British (W1),White,Misuse of Drugs Act 1971 (section 23),Controlled drugs,Nothing found - no further action,False,
Person search,2017-02-13T19:32:00+00:00,,,51.481990,-3.203578,Male,,White - White British (W1),White,Misuse of Drugs Act 1971 (section 23),Controlled drugs,Nothing found - no further action,False,
Person search,2017-02-13T19:32:00+00:00,,,51.481990,-3.203578,Male,,Mixed - White and Asian (M3),White,Misuse of Drugs Act 1971 (section 23),Controlled drugs,Nothing found - no further action,False,
Person search,2017-02-13T20:54:00+00:00,,,51.660351,-3.856428,Male,,White - White British (W1),White,Police and Criminal Evidence Act 1984 (section 1),Offensive weapons,Nothing found - no further action,False,
Person search,2017-02-13T22:08:00+00:00,,,51.605381,-3.339285,Male,,White - White British (W1),White,Misuse of Drugs Act 1971 (section 23),Controlled drugs,Nothing found - no further action,False,
Person search,2017-02-14T08:01:00+00:00,,,51.741056,-3.367496,Male,,White - White British (W1),White,Misuse of Drugs Act 1971 (section 23),Controlled drugs,Suspect arrested,True,
Person search,2017-02-14T08:38:00+00:00,,,51.480011,-3.196714,Male,,White - White British (W1),White,Police and Criminal Evidence Act 1984 (section 1),,Suspect arrested,False,
Person search,2017-02-14T08:53:00+00:00,,,51.478312,-3.187742,Male,,White - White British (W1),White,Police and Criminal Evidence Act 1984 (section 1),,Nothing found - no further action,False,
Person search,2017-02-14T11:57:00+00:00,,,51.619745,-3.940116,Male,,,,,,,,
Person search,2017-02-14T15:05:00+00:00,,,51.645788,-3.944423,Male,,White - White British (W1),White,Misuse of Drugs Act 1971 (section 23),Controlled drugs,Nothing found - no further action,False,
Person search,2017-02-14T15:58:00+00:00,,,51.487406,-3.159590,Male,,White - White British (W1),White,Misuse of Drugs Act 1971 (section 23),Controlled drugs,Nothing found - no further action,False,
Person search,2017-02-14T16:10:00+00:00,,,51.508730,-3.583593,Male,,White - White British (W1),White,Misuse of Drugs Act 1971 (section 23),Controlled drugs,Nothing found - no further action,False,
Person search,2017-02-14T16:15:00+00:00,,,51.507769,-3.582220,Male,,White - White British (W1),White,Misuse of Drugs Act 1971 (section 23),Controlled drugs,Nothing found - no further action,False,
Person search,2017-02-14T16:19:00+00:00,,,51.508730,-3.583593,Male,,White - White British (W1),White,Misuse of Drugs Act 1971 (section 23),Controlled drugs,Nothing found - no further action,False,
Person search,2017-02-14T16:33:00+00:00,,,51.508730,-3.583593,Female,,White - White British (W1),White,Misuse of Drugs Act 1971 (section 23),Controlled drugs,Offender given drugs possession warning,True,
Person and Vehicle search,2017-02-14T16:41:00+00:00,,,51.508730,-3.583593,Male,,White - White British (W1),White,Misuse of Drugs Act 1971 (section 23),Controlled drugs,Nothing found - no further action,False,
Person search,2017-02-14T19:22:00+00:00,,,51.485632,-3.222757,Male,,White - White British (W1),White,Police and Criminal Evidence Act 1984 (section 1),,Nothing found - no further action,False,
Person search,2017-02-14T21:57:00+00:00,,,51.694329,-3.429923,Male,,White - White British (W1),White,Police and Criminal Evidence Act 1984 (section 1),Article for use in theft,Nothing found - no further action,False,
Person search,2017-02-14T22:16:00+00:00,,,51.630304,-3.945986,Male,,White - White British (W1),White,Police and Criminal Evidence Act 1984 (section 1),Stolen goods,Suspect arrested,True,
Person search,2017-02-14T23:52:00+00:00,,,51.618957,-3.937728,Male,,White - White British (W1),White,Misuse of Drugs Act 1971 (section 23),Controlled drugs,Nothing found - no further action,False,
Person search,2017-02-15T03:07:00+00:00,,,51.575135,-3.432672,Male,,White - White British (W1),White,Police and Criminal Evidence Act 1984 (section 1),Article for use in theft,Nothing found - no further action,False,
Person search,2017-02-15T03:24:00+00:00,,,51.404053,-3.270380,Male,,White - White British (W1),White,Misuse of Drugs Act 1971 (section 23),Controlled drugs,Nothing found - no further action,False,
Person search,2017-02-15T06:02:00+00:00,,,51.615192,-3.957617,Male,,White - White British (W1),White,Police and Criminal Evidence Act 1984 (section 1),Article for use in theft,Nothing found - no further action,False,
Person search,2017-02-15T13:24:00+00:00,,,51.746980,-3.399702,Male,,Not Stated (NS),,Misuse of Drugs Act 1971 (section 23),Controlled drugs,Nothing found - no further action,False,
Person search,2017-02-15T14:20:00+00:00,,,51.756087,-3.376252,Male,,White - White British (W1),White,Police and Criminal Evidence Act 1984 (section 1),Article for use in theft,Nothing found - no further action,False,
Person search,2017-02-15T15:22:00+00:00,,,,,Male,,White - White British (W1),White,Misuse of Drugs Act 1971 (section 23),Controlled drugs,Suspect arrested,True,
Person search,2017-02-15T15:53:00+00:00,,,51.594408,-3.816893,Male,,White - White British (W1),White,Police and Criminal Evidence Act 1984 (section 1),Stolen goods,Nothing found - no further action,False,
Person search,2017-02-15T15:58:00+00:00,,,51.602067,-3.341295,Male,,White - White British (W1),White,Misuse of Drugs Act 1971 (section 23),Controlled drugs,Nothing found - no further action,False,
Person search,2017-02-15T18:32:00+00:00,,,51.482497,-3.174054,Male,,Black or Black British - African (B2),Black,Police and Criminal Evidence Act 1984 (section 1),,Nothing found - no further action,False,
Person search,2017-02-15T21:24:00+00:00,,,51.411189,-3.282297,Male,,White - White British (W1),White,Police and Criminal Evidence Act 1984 (section 1),Article for use in theft,Nothing found - no further action,False,
Person search,2017-02-15T21:58:00+00:00,,,51.478924,-3.200934,Male,,White - White British (W1),White,Police and Criminal Evidence Act 1984 (section 1),Stolen goods,Nothing found - no further action,False,
Person search,2017-02-16T03:38:00+00:00,,,51.667630,-3.922596,Male,,White - White British (W1),White,Misuse of Drugs Act 1971 (section 23),Controlled drugs,Nothing found - no further action,False,
Person search,2017-02-16T03:50:00+00:00,,,51.670672,-3.921366,Male,,White - White British (W1),White,Misuse of Drugs Act 1971 (section 23),Controlled drugs,Nothing found - no further action,False,
Person search,2017-02-16T04:59:00+00:00,,,51.622005,-3.955700,Male,,White - White British (W1),White,,,,,
Person search,2017-02-16T04:59:00+00:00,,,51.622005,-3.955700,Male,,,,,,,,
Person search,2017-02-16T09:03:00+00:00,,,51.548598,-3.112024,Male,,White - White British (W1),White,Police and Criminal Evidence Act 1984 (section 1),,Nothing found - no further action,False,
Person search,2017-02-16T09:03:00+00:00,,,51.548598,-3.112024,Male,,White - White British (W1),White,Police and Criminal Evidence Act 1984 (section 1),,Nothing found - no further action,False,
Person search,2017-02-16T09:03:00+00:00,,,51.548598,-3.112024,Male,,White - White British (W1),White,Police and Criminal Evidence Act 1984 (section 1),,Nothing found - no further action,False,
Person search,2017-02-16T14:54:00+00:00,,,51.568728,-3.326029,Male,,White - White British (W1),White,Misuse of Drugs Act 1971 (section 23),Controlled drugs,Nothing found - no further action,False,
Person search,2017-02-16T15:46:00+00:00,,,51.752364,-3.373241,Male,,White - White British (W1),White,Misuse of Drugs Act 1971 (section 23),Controlled drugs,Suspect arrested,True,
Person search,2017-02-16T17:00:00+00:00,,,51.609023,-3.658858,Male,,White - White British (W1),,Misuse of Drugs Act 1971 (section 23),Controlled drugs,Offender given drugs possession warning,True,
Person search,2017-02-16T17:32:00+00:00,,,51.571163,-3.322998,Male,,White - White British (W1),White,,Stolen goods,Nothing found - no further action,False,
Person search,2017-02-16T17:32:00+00:00,,,51.571163,-3.322998,Male,,White - White British (W1),White,,Stolen goods,Nothing found - no further action,False,
Person search,2017-02-16T17:32:00+00:00,,,51.571163,-3.322998,Male,,White - White British (W1),White,Police and Criminal Evidence Act 1984 (section 1),Stolen goods,Nothing found - no further action,False,
Person search,2017-02-16T17:32:00+00:00,,,51.571163,-3.322998,Female,,White - White British (W1),White,Police and Criminal Evidence Act 1984 (section 1),Stolen goods,Nothing found - no further action,False,
Person search,2017-02-16T17:32:00+00:00,,,51.571163,-3.322998,Male,,White - White British (W1),White,Police and Criminal Evidence Act 1984 (section 1),Stolen goods,Nothing found - no further action,False,
Person search,2017-02-16T18:48:00+00:00,,,,,Male,,White - White British (W1),White,Police and Criminal Evidence Act 1984 (section 1),Offensive weapons,Nothing found - no further action,False,
Person search,2017-02-16T19:36:00+00:00,,,51.484666,-3.191637,Male,,White - White British (W1),White,Police and Criminal Evidence Act 1984 (section 1),Article for use in theft,Nothing found - no further action,False,
Person search,2017-02-16T22:35:00+00:00,,,51.480913,-3.181286,Male,,White - White British (W1),White,Police and Criminal Evidence Act 1984 (section 1),Stolen goods,Nothing found - no further action,False,
Person search,2017-02-16T22:35:00+00:00,,,51.480913,-3.181286,Male,,White - White British (W1),White,Police and Criminal Evidence Act 1984 (section 1),Stolen goods,Nothing found - no further action,False,
Person search,2017-02-16T23:31:00+00:00,,,51.480314,-3.179139,Male,,White - White British (W1),White,Police and Criminal Evidence Act 1984 (section 1),,Nothing found - no further action,False,
Person search,2017-02-17T05:01:00+00:00,,,51.644552,-3.488408,Male,,Not Stated (NS),White,Misuse of Drugs Act 1971 (section 23),Controlled drugs,Nothing found - no further action,False,
Person search,2017-02-17T07:08:00+00:00,,,51.623745,-3.913386,Male,,White - White British (W1),White,Misuse of Drugs Act 1971 (section 23),Controlled drugs,Nothing found - no further action,False,
Person and Vehicle search,2017-02-17T10:21:00+00:00,,,51.514663,-3.577760,Male,,White - White British (W1),White,Misuse of Drugs Act 1971 (section 23),Controlled drugs,Nothing found - no further action,False,
Person and Vehicle search,2017-02-17T10:21:00+00:00,,,51.514663,-3.577760,Male,,White - White British (W1),White,Misuse of Drugs Act 1971 (section 23),Controlled drugs,Nothing found - no further action,False,
Person search,2017-02-17T10:33:00+00:00,,,51.484088,-3.678832,Male,,White - White British (W1),White,Misuse of Drugs Act 1971 (section 23),Controlled drugs,Nothing found - no further action,False,
Person search,2017-02-17T13:05:00+00:00,,,51.622289,-3.945614,Male,,White - White British (W1),White,Misuse of Drugs Act 1971 (section 23),Controlled drugs,Nothing found - no further action,False,
Person search,2017-02-17T13:47:00+00:00,,,51.711597,-3.443581,Male,,White - White British (W1),White,Misuse of Drugs Act 1971 (section 23),Controlled drugs,Nothing found - no further action,False,
Person search,2017-02-17T14:55:00+00:00,,,51.488183,-3.164694,Female,,White - White British (W1),White,Misuse of Drugs Act 1971 (section 23),Controlled drugs,Suspect arrested,True,
Person search,2017-02-17T16:54:00+00:00,,,51.715180,-3.459256,Male,,White - White British (W1),White,,,,,
Person search,2017-02-17T21:59:00+00:00,,,51.640442,-3.333554,Male,,White - White British (W1),White,Misuse of Drugs Act 1971 (section 23),Controlled drugs,Nothing found - no further action,False,
Person search,2017-02-17T22:29:00+00:00,,,51.599883,-3.341982,Male,,White - White British (W1),White,Misuse of Drugs Act 1971 (section 23),Controlled drugs,Nothing found - no further action,False,
Person search,2017-02-18T02:06:00+00:00,,,51.505603,-3.577447,Male,,White - White British (W1),White,Misuse of Drugs Act 1971 (section 23),Controlled drugs,Nothing found - no further action,False,
Person search,2017-02-18T02:23:00+00:00,,,51.656255,-3.343358,Male,,White - White British (W1),White,Police and Criminal Evidence Act 1984 (section 1),Offensive weapons,Nothing found - no further action,False,
Person search,2017-02-18T05:46:00+00:00,,,51.475630,-3.248580,Male,,White - White British (W1),White,Misuse of Drugs Act 1971 (section 23),Controlled drugs,Nothing found - no further action,False,
Person search,2017-02-18T05:46:00+00:00,,,51.475630,-3.248580,Male,,Mixed - White and Black Caribbean (M1),Black,Misuse of Drugs Act 1971 (section 23),Controlled drugs,Nothing found - no further action,False,
Person search,2017-02-18T05:46:00+00:00,,,51.475630,-3.248580,Male,,White - White British (W1),White,Misuse of Drugs Act 1971 (section 23),Controlled drugs,Suspect arrested,True,
Person search,2017-02-18T06:24:00+00:00,,,,,Male,,White - White British (W1),White,Police and Criminal Evidence Act 1984 (section 1),Article for use in theft,Nothing found - no further action,False,
Person search,2017-02-18T11:50:00+00:00,,,51.744247,-3.379962,Male,,White - White British (W1),White,Police and Criminal Evidence Act 1984 (section 1),Firearms,Suspect arrested,False,
Person search,2017-02-18T13:06:00+00:00,,,51.684069,-3.400914,Male,,White - White British (W1),White,Police and Criminal Evidence Act 1984 (section 1),Offensive weapons,Nothing found - no further action,False,
Person and Vehicle search,2017-02-18T13:18:00+00:00,,,51.492050,-3.222107,Male,,Not Stated (NS),White,Misuse of Drugs Act 1971 (section 23),Controlled drugs,Nothing found - no further action,False,
Person search,2017-02-18T13:19:00+00:00,,,51.459704,-3.182854,Male,,White - White British (W1),White,Police and Criminal Evidence Act 1984 (section 1),,Suspect arrested,False,
Person search,2017-02-18T13:19:00+00:00,,,51.459704,-3.182854,Male,,White - White British (W1),White,Police and Criminal Evidence Act 1984 (section 1),,Suspect arrested,False,
Person and Vehicle search,2017-02-18T14:01:00+00:00,,,51.522669,-3.112631,Male,,White - White British (W1),White,Misuse of Drugs Act 1971 (section 23),Controlled drugs,Nothing found - no further action,False,
Person search,2017-02-18T15:03:00+00:00,,,51.468942,-3.187829,Male,,White - White British (W1),White,Police and Criminal Evidence Act 1984 (section 1),Stolen goods,Nothing found - no further action,False,
Person search,2017-02-18T19:08:00+00:00,,,51.517229,-3.574131,Male,,White - White British (W1),White,Misuse of Drugs Act 1971 (section 23),Controlled drugs,Nothing found - no further action,False,
Person search,2017-02-18T19:58:00+00:00,,,51.482322,-3.147191,Male,,White - White British (W1),White,Police and Criminal Evidence Act 1984 (section 1),Stolen goods,Nothing found - no further action,False,
Person search,2017-02-18T20:12:00+00:00,,,51.517229,-3.574131,Male,,White - White British (W1),White,Misuse of Drugs Act 1971 (section 23),Controlled drugs,Nothing found - no further action,False,
Person and Vehicle search,2017-02-18T22:13:00+00:00,,,51.514663,-3.577760,Male,,White - White British (W1),White,Misuse of Drugs Act 1971 (section 23),Controlled drugs,Nothing found - no further action,False,
Person search,2017-02-19T03:26:00+00:00,,,,,Male,,White - White British (W1),White,Misuse of Drugs Act 1971 (section 23),Controlled drugs,Suspect arrested,True,
Person search,2017-02-19T04:22:00+00:00,,,51.714678,-3.441682,Male,,White - White British (W1),White,Police and Criminal Evidence Act 1984 (section 1),Article for use in theft,Nothing found - no further action,False,
Person search,2017-02-19T04:47:00+00:00,,,51.517229,-3.574131,Male,,White - White British (W1),White,Misuse of Drugs Act 1971 (section 23),Controlled drugs,Nothing found - no further action,False,
Person search,2017-02-19T07:25:00+00:00,,,,,Male,,White - White British (W1),White,Police and Criminal Evidence Act 1984 (section 1),Article for use in theft,Nothing found - no further action,False,
Person search,2017-02-19T10:42:00+00:00,,,51.618598,-3.985615,Male,,White - White British (W1),White,Police and Criminal Evidence Act 1984 (section 1),Article for use in theft,Nothing found - no further action,False,
Person search,2017-02-19T10:42:00+00:00,,,51.618598,-3.985615,Male,,White - White British (W1),White,Police and Criminal Evidence Act 1984 (section 1),Article for use in theft,Nothing found - no further action,False,
Person search,2017-02-19T14:00:00+00:00,,,51.401728,-3.288904,Male,,White - White British (W1),White,Misuse of Drugs Act 1971 (section 23),Controlled drugs,Nothing found - no further action,False,
Person search,2017-02-19T14:55:00+00:00,,,51.621578,-3.942954,Male,,White - White British (W1),White,Police and Criminal Evidence Act 1984 (section 1),Offensive weapons,Nothing found - no further action,False,
Person and Vehicle search,2017-02-19T17:42:00+00:00,,,51.518759,-3.576043,Male,,White - White British (W1),White,Misuse of Drugs Act 1971 (section 23),Controlled drugs,Nothing found - no further action,False,
Person and Vehicle search,2017-02-19T17:42:00+00:00,,,51.518759,-3.576043,Male,,White - White British (W1),White,Misuse of Drugs Act 1971 (section 23),Controlled drugs,Nothing found - no further action,False,
Person search,2017-02-19T18:09:00+00:00,,,51.652249,-3.333525,Male,,White - White British (W1),White,Misuse of Drugs Act 1971 (section 23),Controlled drugs,Nothing found - no further action,False,
Person search,2017-02-19T18:14:00+00:00,,,51.517229,-3.574131,Male,,White - White British (W1),White,Misuse of Drugs Act 1971 (section 23),Controlled drugs,Nothing found - no further action,False,
Person and Vehicle search,2017-02-19T19:00:00+00:00,,,,,Male,,White - White British (W1),White,Misuse of Drugs Act 1971 (section 23),Controlled drugs,Nothing found - no further action,False,
Person and Vehicle search,2017-02-19T19:00:00+00:00,,,,,Male,,White - White British (W1),White,Misuse of Drugs Act 1971 (section 23),Controlled drugs,Nothing found - no further action,False,
Person and Vehicle search,2017-02-19T19:00:00+00:00,,,,,Male,,White - White British (W1),White,Misuse of Drugs Act 1971 (section 23),Controlled drugs,Nothing found - no further action,False,
Person search,2017-02-19T19:38:00+00:00,,,51.766208,-3.381922,Male,,White - White British (W1),White,Misuse of Drugs Act 1971 (section 23),Controlled drugs,Nothing found - no further action,False,
Person search,2017-02-19T19:38:00+00:00,,,51.766208,-3.381922,Male,,White - White British (W1),White,Misuse of Drugs Act 1971 (section 23),Controlled drugs,Nothing found - no further action,False,
Person search,2017-02-19T19:38:00+00:00,,,51.766208,-3.381922,Male,,White - White British (W1),White,Misuse of Drugs Act 1971 (section 23),Controlled drugs,Nothing found - no further action,False,
Person search,2017-02-19T20:09:00+00:00,,,51.487156,-3.196138,Male,,White - White British (W1),White,Police and Criminal Evidence Act 1984 (section 1),Article for use in theft,Nothing found - no further action,False,
Person search,2017-02-20T00:57:00+00:00,,,51.417834,-3.238865,Female,,White - White British (W1),White,Misuse of Drugs Act 1971 (section 23),Controlled drugs,Nothing found - no further action,False,
Person search,2017-02-20T01:58:00+00:00,,,51.502491,-3.174395,Male,,White - White British (W1),White,Misuse of Drugs Act 1971 (section 23),Controlled drugs,Nothing found - no further action,False,
Person and Vehicle search,2017-02-20T02:25:00+00:00,,,51.417834,-3.238865,Male,,Not Stated (NS),Black,Misuse of Drugs Act 1971 (section 23),Controlled drugs,Suspect arrested,True,
Person search,2017-02-20T03:19:00+00:00,,,51.465554,-3.176037,Male,,White - White British (W1),White,,,,,
Person search,2017-02-20T04:07:00+00:00,,,,,Male,,White - White British (W1),White,Police and Criminal Evidence Act 1984 (section 1),,Nothing found - no further action,False,
Person search,2017-02-20T04:16:00+00:00,,,51.610638,-3.329301,Male,,White - White British (W1),White,Police and Criminal Evidence Act 1984 (section 1),Stolen goods,Nothing found - no further action,False,
Person search,2017-02-20T05:22:00+00:00,,,54.395158,-3.275068,Male,,White - White British (W1),White,Police and Criminal Evidence Act 1984 (section 1),,Nothing found - no further action,False,
Person search,2017-02-20T08:42:00+00:00,,,51.484475,-3.225880,Male,,White - White British (W1),White,Misuse of Drugs Act 1971 (section 23),Controlled drugs,Nothing found - no further action,False,
Person search,2017-02-20T11:07:00+00:00,,,51.619771,-3.951573,Male,,Not Stated (NS),Asian,Police and Criminal Evidence Act 1984 (section 1),Article for use in theft,Nothing found - no further action,False,
Person search,2017-02-20T11:07:00+00:00,,,51.619771,-3.951573,Male,,Not Stated (NS),Asian,Police and Criminal Evidence Act 1984 (section 1),Article for use in theft,Nothing found - no further action,False,
Person search,2017-02-20T18:13:00+00:00,,,51.592468,-3.324295,Male,,White - Any other White ethnic background (W9),White,Misuse of Drugs Act 1971 (section 23),Controlled drugs,Nothing found - no further action,False,
Person search,2017-02-20T19:38:00+00:00,,,51.481140,-3.179290,Male,,White - White British (W1),White,Misuse of Drugs Act 1971 (section 23),Controlled drugs,Nothing found - no further action,False,
Person search,2017-02-20T19:42:00+00:00,,,51.481140,-3.179290,Female,,White - White British (W1),White,Misuse of Drugs Act 1971 (section 23),Controlled drugs,Nothing found - no further action,False,
Person search,2017-02-20T19:59:00+00:00,,,51.480913,-3.181286,Male,,White - White British (W1),White,Misuse of Drugs Act 1971 (section 23),Controlled drugs,Nothing found - no further action,False,
Person search,2017-02-20T21:19:00+00:00,,,51.494265,-3.222685,Male,,White - White British (W1),White,Police and Criminal Evidence Act 1984 (section 1),,Nothing found - no further action,False,
Person search,2017-02-20T21:19:00+00:00,,,51.494265,-3.222685,Male,,White - White British (W1),White,Police and Criminal Evidence Act 1984 (section 1),,Nothing found - no further action,False,
Person search,2017-02-20T21:29:00+00:00,,,51.494258,-3.221576,Male,,White - White British (W1),White,Police and Criminal Evidence Act 1984 (section 1),,Nothing found - no further action,False,
Person search,2017-02-20T21:29:00+00:00,,,51.494258,-3.221576,Male,,White - White British (W1),White,Police and Criminal Evidence Act 1984 (section 1),,Nothing found - no further action,False,
Person search,2017-02-21T04:45:00+00:00,,,51.614343,-3.419102,Male,,White - White British (W1),White,Misuse of Drugs Act 1971 (section 23),Controlled drugs,Suspect arrested,False,
Person and Vehicle search,2017-02-21T06:06:00+00:00,,,51.540607,-3.596265,Male,,White - White British (W1),White,Misuse of Drugs Act 1971 (section 23),Controlled drugs,Nothing found - no further action,False,
Person search,2017-02-21T08:22:00+00:00,,,51.742395,-3.377632,Male,,White - White British (W1),White,Police and Criminal Evidence Act 1984 (section 1),Article for use in theft,Nothing found - no further action,False,
Person search,2017-02-21T16:23:00+00:00,,,51.684069,-3.400914,Male,,White - White British (W1),White,Misuse of Drugs Act 1971 (section 23),Controlled drugs,Nothing found - no further action,False,
Person search,2017-02-21T16:30:00+00:00,,,51.684069,-3.400914,Male,,White - White British (W1),White,Misuse of Drugs Act 1971 (section 23),Controlled drugs,Nothing found - no further action,False,
Person search,2017-02-21T19:44:00+00:00,,,51.471574,-3.185392,Male,,Not Stated (NS),Asian,Police and Criminal Evidence Act 1984 (section 1),,Suspect arrested,False,
Person search,2017-02-21T23:12:00+00:00,,,51.484606,-3.150849,Male,,White - White British (W1),White,Police and Criminal Evidence Act 1984 (section 1),Article for use in theft,Nothing found - no further action,False,
Person search,2017-02-21T23:12:00+00:00,,,51.484606,-3.150849,Male,,White - White British (W1),White,Police and Criminal Evidence Act 1984 (section 1),Article for use in theft,Nothing found - no further action,False,
Person and Vehicle search,2017-02-22T00:24:00+00:00,,,51.415353,-3.234527,Male,,White - White British (W1),White,Misuse of Drugs Act 1971 (section 23),Controlled drugs,Nothing found - no further action,False,
Person search,2017-02-22T01:32:00+00:00,,,51.583893,-3.307159,Male,,White - White British (W1),White,Misuse of Drugs Act 1971 (section 23),Controlled drugs,Suspect arrested,False,
Person and Vehicle search,2017-02-22T03:54:00+00:00,,,,,Male,,White - White British (W1),White,Misuse of Drugs Act 1971 (section 23),Controlled drugs,Nothing found - no further action,False,
Person search,2017-02-22T05:18:00+00:00,,,51.694329,-3.429923,Male,,White - White British (W1),White,Police and Criminal Evidence Act 1984 (section 1),Article for use in theft,Nothing found - no further action,False,
Person search,2017-02-22T10:05:00+00:00,,,51.595497,-3.776914,Male,,White - White British (W1),White,Police and Criminal Evidence Act 1984 (section 1),Article for use in theft,Nothing found - no further action,False,
Person search,2017-02-22T15:56:00+00:00,,,51.763853,-3.373416,Male,,White - White British (W1),,Police and Criminal Evidence Act 1984 (section 1),Stolen goods,Nothing found - no further action,False,
Person search,2017-02-22T15:56:00+00:00,,,51.763853,-3.373416,Male,,White - White British (W1),White,Police and Criminal Evidence Act 1984 (section 1),Stolen goods,Nothing found - no further action,False,
Person search,2017-02-22T16:00:00+00:00,,,51.763853,-3.373416,Male,,White - White British (W1),White,Police and Criminal Evidence Act 1984 (section 1),Stolen goods,Nothing found - no further action,False,
Person search,2017-02-22T16:00:00+00:00,,,51.763853,-3.373416,Male,,White - White British (W1),White,Police and Criminal Evidence Act 1984 (section 1),Stolen goods,Nothing found - no further action,False,
Person search,2017-02-22T16:00:00+00:00,,,51.763853,-3.373416,Male,,White - White British (W1),White,Police and Criminal Evidence Act 1984 (section 1),Stolen goods,Nothing found - no further action,False,
Person search,2017-02-22T20:00:00+00:00,,,,,Male,,Asian or Asian British - Any other Asian ethnic background (A9),Asian,Police and Criminal Evidence Act 1984 (section 1),,Nothing found - no further action,False,
Person search,2017-02-22T20:29:00+00:00,,,51.490495,-3.244219,Male,,Not Stated (NS),,Police and Criminal Evidence Act 1984 (section 1),,Nothing found - no further action,False,
Person search,2017-02-22T20:31:00+00:00,,,51.604651,-3.340982,Male,,White - White British (W1),White,Misuse of Drugs Act 1971 (section 23),Controlled drugs,Nothing found - no further action,False,
Person search,2017-02-22T20:41:00+00:00,,,51.468443,-3.168568,Male,,White - White British (W1),White,Police and Criminal Evidence Act 1984 (section 1),,Nothing found - no further action,False,
Person search,2017-02-22T21:09:00+00:00,,,51.464071,-3.166066,Female,,White - White British (W1),White,Police and Criminal Evidence Act 1984 (section 1),,,False,
Person and Vehicle search,2017-02-23T01:21:00+00:00,,,51.485676,-3.170866,Male,,White - White British (W1),White,Misuse of Drugs Act 1971 (section 23),Controlled drugs,Nothing found - no further action,False,
Person and Vehicle search,2017-02-23T01:21:00+00:00,,,51.485676,-3.170866,Female,,White - White British (W1),White,Misuse of Drugs Act 1971 (section 23),Controlled drugs,Nothing found - no further action,False,
Person search,2017-02-23T01:51:00+00:00,,,51.481895,-3.178431,Male,,Chinese or other ethnic group - Any other ethnic group (O9),Other,Police and Criminal Evidence Act 1984 (section 1),Stolen goods,Suspect arrested,True,
Person search,2017-02-23T02:43:00+00:00,,,51.621991,-3.335151,Male,,White - White British (W1),White,Police and Criminal Evidence Act 1984 (section 1),Offensive weapons,Nothing found - no further action,False,
Person search,2017-02-23T03:57:00+00:00,,,51.652249,-3.333525,Male,,White - White British (W1),White,Police and Criminal Evidence Act 1984 (section 1),Article for use in theft,Nothing found - no further action,False,
Person search,2017-02-23T03:57:00+00:00,,,51.652249,-3.333525,Male,,White - White British (W1),White,Police and Criminal Evidence Act 1984 (section 1),Article for use in theft,Nothing found - no further action,False,
Person search,2017-02-23T04:09:00+00:00,,,51.673422,-3.369651,Male,,White - White British (W1),White,Misuse of Drugs Act 1971 (section 23),Controlled drugs,Nothing found - no further action,False,
Person search,2017-02-23T08:29:00+00:00,,,51.684011,-3.382252,Male,,White - White British (W1),White,Police and Criminal Evidence Act 1984 (section 1),Stolen goods,Nothing found - no further action,False,
Person search,2017-02-23T17:52:00+00:00,,,51.583490,-3.000644,Male,,Not Stated (NS),Asian,Firearms Act 1968 (section 47),Firearms,Nothing found - no further action,False,
Person search,2017-02-23T18:44:00+00:00,,,51.620287,-3.946496,Male,,Asian or Asian British - Bangladeshi (A3),Asian,Misuse of Drugs Act 1971 (section 23),Controlled drugs,Suspect arrested,True,
Person search,2017-02-23T20:39:00+00:00,,,51.648169,-3.938569,Male,,White - White British (W1),White,Police and Criminal Evidence Act 1984 (section 1),Stolen goods,Nothing found - no further action,False,
Person search,2017-02-23T22:46:00+00:00,,,51.673132,-3.535581,Male,,White - White British (W1),White,Misuse of Drugs Act 1971 (section 23),Controlled drugs,Nothing found - no further action,False,
Person and Vehicle search,2017-02-24T00:41:00+00:00,,,51.407113,-3.224514,Male,,White - White British (W1),White,Misuse of Drugs Act 1971 (section 23),Controlled drugs,Nothing found - no further action,False,
Person search,2017-02-24T00:44:00+00:00,,,51.407113,-3.224514,Male,,White - White British (W1),White,Misuse of Drugs Act 1971 (section 23),Controlled drugs,Nothing found - no further action,False,
Person search,2017-02-24T05:00:00+00:00,,,51.492084,-3.180105,Male,,White - White British (W1),White,Police and Criminal Evidence Act 1984 (section 1),Stolen goods,Suspect arrested,False,
Person search,2017-02-24T05:12:00+00:00,,,51.516788,-3.217581,Male,,White - White British (W1),White,Police and Criminal Evidence Act 1984 (section 1),Article for use in theft,Nothing found - no further action,False,
Person search,2017-02-24T05:12:00+00:00,,,51.516788,-3.217581,Male,,White - White British (W1),White,Police and Criminal Evidence Act 1984 (section 1),Article for use in theft,Nothing found - no further action,False,
Person search,2017-02-24T06:07:00+00:00,,,51.621718,-3.943697,Male,,White - White British (W1),White,Misuse of Drugs Act 1971 (section 23),Controlled drugs,Nothing found - no further action,False,
Person and Vehicle search,2017-02-24T06:40:00+00:00,,,51.407113,-3.224514,Male,,White - White British (W1),White,Misuse of Drugs Act 1971 (section 23),Controlled drugs,Offender given drugs possession warning,True,
Person search,2017-02-24T15:35:00+00:00,,,51.773948,-3.359692,,,White - White British (W1),White,Police and Criminal Evidence Act 1984 (section 1),Article for use in theft,Nothing found - no further action,False,
Person search,2017-02-24T15:44:00+00:00,,,51.745161,-3.555115,Male,,White - White British (W1),White,Police and Criminal Evidence Act 1984 (section 1),Stolen goods,Nothing found - no further action,False,
Person search,2017-02-24T16:42:00+00:00,,,,,Male,,White - White British (W1),White,Misuse of Drugs Act 1971 (section 23),Controlled drugs,Nothing found - no further action,False,
Person search,2017-02-24T16:43:00+00:00,,,,,Male,,White - White British (W1),White,Misuse of Drugs Act 1971 (section 23),Controlled drugs,Offender given drugs possession warning,True,
Person search,2017-02-24T17:41:00+00:00,,,51.648169,-3.938569,Male,,White - White British (W1),White,Police and Criminal Evidence Act 1984 (section 1),Stolen goods,Nothing found - no further action,False,
Person search,2017-02-24T19:42:00+00:00,,,51.648169,-3.938569,Male,,White - White British (W1),White,Police and Criminal Evidence Act 1984 (section 1),Stolen goods,Nothing found - no further action,False,
Person search,2017-02-24T20:05:00+00:00,,,51.648169,-3.938569,Male,,White - White British (W1),White,Police and Criminal Evidence Act 1984 (section 1),,Nothing found - no further action,False,
Person search,2017-02-24T20:53:00+00:00,,,51.647984,-3.977170,Male,,White - White British (W1),White,Misuse of Drugs Act 1971 (section 23),Controlled drugs,Nothing found - no further action,False,
Person search,2017-02-24T20:58:00+00:00,,,51.463077,-3.164789,Male,,White - White British (W1),White,Misuse of Drugs Act 1971 (section 23),Controlled drugs,Nothing found - no further action,False,
Person search,2017-02-24T21:10:00+00:00,,,,,Male,,White - White British (W1),,Misuse of Drugs Act 1971 (section 23),Controlled drugs,Nothing found - no further action,False,
Person search,2017-02-24T23:33:00+00:00,,,51.590943,-3.321609,Male,,White - White British (W1),White,Misuse of Drugs Act 1971 (section 23),Controlled drugs,Offender given drugs possession warning,True,
Person search,2017-02-24T23:54:00+00:00,,,51.642378,-3.444344,Male,,White - White British (W1),White,Misuse of Drugs Act 1971 (section 23),Controlled drugs,Suspect arrested,True,
Person search,2017-02-25T01:49:00+00:00,,,51.595836,-3.791842,Male,,White - White British (W1),White,Misuse of Drugs Act 1971 (section 23),Controlled drugs,Nothing found - no further action,False,
Person search,2017-02-25T02:28:00+00:00,,,51.590943,-3.321609,Male,,White - White British (W1),White,Misuse of Drugs Act 1971 (section 23),Controlled drugs,Nothing found - no further action,False,
Person search,2017-02-25T02:34:00+00:00,,,51.590943,-3.321609,Male,,White - White British (W1),White,Misuse of Drugs Act 1971 (section 23),Controlled drugs,Nothing found - no further action,False,
Person search,2017-02-25T02:35:00+00:00,,,51.620332,-3.949199,Male,,Not Stated (NS),White,,Controlled drugs,Suspect arrested,True,
Person search,2017-02-25T02:35:00+00:00,,,51.620332,-3.949199,Male,,White - White British (W1),White,,Controlled drugs,Suspect arrested,False,
Person search,2017-02-25T02:50:00+00:00,,,51.620593,-3.947592,Female,,White - White British (W1),White,Misuse of Drugs Act 1971 (section 23),Controlled drugs,Nothing found - no further action,False,
Person search,2017-02-25T03:59:00+00:00,,,51.504475,-3.575031,Male,,White - White British (W1),White,Police and Criminal Evidence Act 1984 (section 1),Stolen goods,Nothing found - no further action,False,
Person search,2017-02-25T03:59:00+00:00,,,51.504475,-3.575031,Male,,White - White British (W1),White,Police and Criminal Evidence Act 1984 (section 1),Stolen goods,Nothing found - no further action,False,
Person search,2017-02-25T04:34:00+00:00,,,51.610638,-3.329301,Male,,White - Any other White ethnic background (W9),White,Misuse of Drugs Act 1971 (section 23),Controlled drugs,Suspect arrested,True,
Person search,2017-02-25T05:20:00+00:00,,,51.508129,-3.577491,Male,,White - White British (W1),White,Police and Criminal Evidence Act 1984 (section 1),,Nothing found - no further action,False,
Person search,2017-02-25T06:13:00+00:00,,,51.620287,-3.946496,Male,,White - Any other White ethnic background (W9),White,Misuse of Drugs Act 1971 (section 23),Controlled drugs,Nothing found - no further action,False,
Person search,2017-02-25T12:38:00+00:00,,,51.620593,-3.947592,Female,,White - White British (W1),White,Misuse of Drugs Act 1971 (section 23),Controlled drugs,Nothing found - no further action,False,
Person search,2017-02-25T15:50:00+00:00,,,51.478839,-3.176509,Male,,Not Stated (NS),White,Police and Criminal Evidence Act 1984 (section 1),,Suspect arrested,False,
Person search,2017-02-25T16:07:00+00:00,,,51.625646,-3.459444,Male,,White - White British (W1),White,Misuse of Drugs Act 1971 (section 23),Controlled drugs,Nothing found - no further action,False,
Person search,2017-02-26T00:56:00+00:00,,,51.485571,-3.227652,Male,,White - White British (W1),White,Police and Criminal Evidence Act 1984 (section 1),Stolen goods,Nothing found - no further action,False,
Person and Vehicle search,2017-02-26T02:24:00+00:00,,,51.623745,-3.913386,Male,,White - Any other White ethnic background (W9),White,Police and Criminal Evidence Act 1984 (section 1),Article for use in theft,Nothing found - no further action,False,
Person search,2017-02-26T16:36:00+00:00,,,51.396356,-3.287660,Female,,White - White British (W1),White,Police and Criminal Evidence Act 1984 (section 1),Article for use in theft,Nothing found - no further action,False,
Person search,2017-02-26T16:36:00+00:00,,,51.396356,-3.287660,Male,,White - White British (W1),White,Police and Criminal Evidence Act 1984 (section 1),Articles for use in criminal damage,Nothing found - no further action,False,
Person search,2017-02-26T18:28:00+00:00,,,51.716597,-3.447215,Male,,White - White British (W1),White,Misuse of Drugs Act 1971 (section 23),Controlled drugs,Nothing found - no further action,False,
Person search,2017-02-26T22:41:00+00:00,,,51.766699,-3.369937,Male,,White - White British (W1),White,Misuse of Drugs Act 1971 (section 23),Controlled drugs,Suspect arrested,False,
Person search,2017-02-27T00:03:00+00:00,,,51.598336,-2.946381,Male,,White - White British (W1),White,Police and Criminal Evidence Act 1984 (section 1),Article for use in theft,Nothing found - no further action,False,
Person search,2017-02-27T01:20:00+00:00,,,51.532186,-3.638891,Male,,White - White British (W1),White,Police and Criminal Evidence Act 1984 (section 1),Firearms,Nothing found - no further action,False,
Person search,2017-02-27T01:20:00+00:00,,,51.532186,-3.638891,Male,,White - White British (W1),White,Police and Criminal Evidence Act 1984 (section 1),Firearms,Nothing found - no further action,False,
Person search,2017-02-27T01:23:00+00:00,,,,,Male,,White - White British (W1),White,Police and Criminal Evidence Act 1984 (section 1),,Offender given drugs possession warning,False,
Person search,2017-02-27T05:14:00+00:00,,,51.609249,-3.329679,Male,,White - White British (W1),White,Police and Criminal Evidence Act 1984 (section 1),Stolen goods,Nothing found - no further action,False,
Person and Vehicle search,2017-02-27T05:19:00+00:00,,,51.537392,-3.362002,Female,,White - White British (W1),White,Misuse of Drugs Act 1971 (section 23),Controlled drugs,Offender given penalty notice,False,
Person search,2017-02-27T06:45:00+00:00,,,51.608415,-3.335807,Male,,White - White British (W1),White,Misuse of Drugs Act 1971 (section 23),Controlled drugs,Suspect arrested,False,
Person search,2017-02-27T09:43:00+00:00,,,51.467747,-3.264274,Male,,Not Stated (NS),White,Misuse of Drugs Act 1971 (section 23),Controlled drugs,Nothing found - no further action,False,
Person search,2017-02-27T09:43:00+00:00,,,51.467747,-3.264274,Male,,,White,,,,,
Person search,2017-02-27T09:43:00+00:00,,,51.467747,-3.264274,Male,,Not Stated (NS),White,Misuse of Drugs Act 1971 (section 23),Controlled drugs,Nothing found - no further action,False,
Person search,2017-02-27T16:03:00+00:00,,,51.746393,-3.379448,Female,,White - White British (W1),White,Misuse of Drugs Act 1971 (section 23),Controlled drugs,Suspect arrested,False,
Person search,2017-02-27T16:28:00+00:00,,,,,Male,,White - White British (W1),White,Police and Criminal Evidence Act 1984 (section 1),,,False,
Person search,2017-02-27T20:39:00+00:00,,,51.625677,-3.465556,Female,,White - White British (W1),White,Police and Criminal Evidence Act 1984 (section 1),Offensive weapons,Nothing found - no further action,False,
Person search,2017-02-27T21:30:00+00:00,,,51.529139,-3.102583,Male,,White - White British (W1),White,Police and Criminal Evidence Act 1984 (section 1),,Nothing found - no further action,False,
Person search,2017-02-27T21:34:00+00:00,,,51.480220,-3.176026,Male,,Not Stated (NS),White,Police and Criminal Evidence Act 1984 (section 1),Stolen goods,,False,
Person search,2017-02-27T21:41:00+00:00,,,51.529139,-3.102583,Male,,White - White British (W1),White,Police and Criminal Evidence Act 1984 (section 1),,Nothing found - no further action,False,
Person and Vehicle search,2017-02-27T22:46:00+00:00,,,51.482128,-3.152327,Male,,White - White British (W1),White,Misuse of Drugs Act 1971 (section 23),Controlled drugs,Nothing found - no further action,False,
Person and Vehicle search,2017-02-27T22:46:00+00:00,,,51.482128,-3.152327,Male,,White - White British (W1),White,Misuse of Drugs Act 1971 (section 23),Controlled drugs,Nothing found - no further action,False,
Person and Vehicle search,2017-02-27T22:46:00+00:00,,,51.482128,-3.152327,Female,,White - White British (W1),White,Misuse of Drugs Act 1971 (section 23),Controlled drugs,Nothing found - no further action,False,
Person search,2017-02-28T01:12:00+00:00,,,51.716597,-3.447215,Male,,White - White British (W1),White,Misuse of Drugs Act 1971 (section 23),Controlled drugs,Nothing found - no further action,False,
Person search,2017-02-28T09:53:00+00:00,,,51.465011,-3.166450,Male,,White - White British (W1),White,Misuse of Drugs Act 1971 (section 23),Controlled drugs,Suspect arrested,True,
Person search,2017-02-28T09:53:00+00:00,,,51.465011,-3.166450,Male,,White - White British (W1),White,Misuse of Drugs Act 1971 (section 23),Controlled drugs,Suspect arrested,True,
Person search,2017-02-28T13:34:00+00:00,,,,,Male,,White - White British (W1),,Misuse of Drugs Act 1971 (section 23),Controlled drugs,Suspect arrested,False,
Person search,2017-02-28T14:50:00+00:00,,,51.651139,-3.932408,Male,,White - White British (W1),White,Police and Criminal Evidence Act 1984 (section 1),,Nothing found - no further action,False,
