Type,Date,Part of a policing operation,Policing operation,Latitude,Longitude,Gender,Age range,Self-defined ethnicity,Officer-defined ethnicity,Legislation,Object of search,Outcome,Outcome linked to object of search,Removal of more than just outer clothing
Person search,2016-05-31T23:58:00+00:00,,,51.514963,-3.201046,,,,,,,,,
Person search,2016-06-01T14:52:00+00:00,,,51.607641,-3.333445,Male,10-17,White - White British (W1),White,Police and Criminal Evidence Act 1984 (section 1),Offensive weapons,Suspect arrested,False,
Person search,2016-06-01T14:56:00+00:00,,,51.605381,-3.339285,Male,10-17,White - White British (W1),White,Police and Criminal Evidence Act 1984 (section 1),Offensive weapons,Suspect arrested,False,
Person search,2016-06-01T15:49:00+00:00,,,51.644030,-4.031764,Male,25-34,White - White British (W1),White,Police and Criminal Evidence Act 1984 (section 1),Stolen goods,,False,
Person search,2016-06-02T00:38:00+00:00,,,51.498579,-3.184249,Male,18-24,Not Stated (NS),,Misuse of Drugs Act 1971 (section 23),Controlled drugs,Offender given drugs possession warning,True,
Person search,2016-06-02T03:22:00+00:00,,,51.599883,-3.341982,Female,25-34,White - White British (W1),White,Police and Criminal Evidence Act 1984 (section 1),Offensive weapons,Suspect arrested,True,
Person search,2016-06-02T07:25:00+00:00,,,51.622125,-3.800404,Male,18-24,White - Any other White ethnic background (W9),White,Police and Criminal Evidence Act 1984 (section 1),Article for use in theft,Nothing found - no further action,False,
Person search,2016-06-02T10:26:00+00:00,,,51.646737,-4.043637,Male,25-34,White - White British (W1),White,Misuse of Drugs Act 1971 (section 23),Controlled drugs,Nothing found - no further action,False,
Person search,2016-06-02T10:58:00+00:00,,,51.687653,-3.337936,Male,over 34,White - White British (W1),White,Police and Criminal Evidence Act 1984 (section 1),Firearms,Nothing found - no further action,False,
Person search,2016-06-02T11:06:00+00:00,,,51.687653,-3.337936,Male,over 34,White - White British (W1),White,Police and Criminal Evidence Act 1984 (section 1),Firearms,Nothing found - no further action,False,
Person and Vehicle search,2016-06-02T13:05:00+00:00,,,51.494398,-3.139831,Male,18-24,White - White British (W1),White,Police and Criminal Evidence Act 1984 (section 1),,Suspect arrested,,
Person and Vehicle search,2016-06-02T13:05:00+00:00,,,51.494398,-3.139831,Male,18-24,White - White British (W1),White,Police and Criminal Evidence Act 1984 (section 1),,Suspect arrested,,
Person and Vehicle search,2016-06-02T13:05:00+00:00,,,51.494398,-3.139831,Male,18-24,White - White British (W1),White,Police and Criminal Evidence Act 1984 (section 1),Article for use in theft,Suspect arrested,,
Person search,2016-06-02T16:17:00+00:00,,,51.591828,-3.780496,Male,over 34,White - White British (W1),White,Police and Criminal Evidence Act 1984 (section 1),Firearms,Nothing found - no further action,False,
Person search,2016-06-02T16:24:00+00:00,,,51.591828,-3.780496,Male,25-34,White - White British (W1),White,Misuse of Drugs Act 1971 (section 23),Controlled drugs,Nothing found - no further action,False,
Person search,2016-06-02T17:44:00+00:00,,,51.690348,-3.413377,Male,25-34,White - White British (W1),White,Misuse of Drugs Act 1971 (section 23),Controlled drugs,Nothing found - no further action,False,
Person search,2016-06-02T18:57:00+00:00,,,51.605381,-3.339285,Male,over 34,White - White British (W1),,Misuse of Drugs Act 1971 (section 23),Controlled drugs,Nothing found - no further action,False,
Person search,2016-06-02T18:57:00+00:00,,,51.605381,-3.339285,Male,25-34,White - White British (W1),White,Misuse of Drugs Act 1971 (section 23),Controlled drugs,Nothing found - no further action,False,
Person search,2016-06-02T18:57:00+00:00,,,51.605381,-3.339285,Male,18-24,White - White British (W1),,Misuse of Drugs Act 1971 (section 23),Controlled drugs,Nothing found - no further action,False,
Person search,2016-06-02T19:00:00+00:00,,,51.484760,-3.238950,Male,over 34,White - White British (W1),White,Misuse of Drugs Act 1971 (section 23),Controlled drugs,Nothing found - no further action,False,
Person search,2016-06-02T20:21:00+00:00,,,,,Male,18-24,White - White British (W1),White,Police and Criminal Evidence Act 1984 (section 1),Offensive weapons,Suspect arrested,False,
Person search,2016-06-02T20:26:00+00:00,,,,,,,,,,,,,
Person search,2016-06-02T20:41:00+00:00,,,,,,,,,,,,,
Person search,2016-06-02T22:27:00+00:00,,,51.391684,-3.275787,Male,25-34,White - White British (W1),White,Police and Criminal Evidence Act 1984 (section 1),Offensive weapons,,False,
Person search,2016-06-02T23:19:00+00:00,,,51.622949,-3.944862,Male,18-24,White - White British (W1),White,Misuse of Drugs Act 1971 (section 23),Controlled drugs,Nothing found - no further action,False,
Person and Vehicle search,2016-06-02T23:23:00+00:00,,,51.622949,-3.944862,Male,18-24,White - White British (W1),White,Misuse of Drugs Act 1971 (section 23),Controlled drugs,Suspect arrested,False,
Person search,2016-06-02T23:39:00+00:00,,,51.622949,-3.944862,Male,18-24,White - White British (W1),White,Misuse of Drugs Act 1971 (section 23),Controlled drugs,Nothing found - no further action,False,
Person and Vehicle search,2016-06-02T23:43:00+00:00,,,51.622949,-3.944862,Male,18-24,White - White British (W1),White,Misuse of Drugs Act 1971 (section 23),Controlled drugs,Nothing found - no further action,False,
Person and Vehicle search,2016-06-03T01:02:00+00:00,,,51.472745,-3.179894,Male,over 34,White - White British (W1),White,Police and Criminal Evidence Act 1984 (section 1),Article for use in theft,Nothing found - no further action,False,
Person and Vehicle search,2016-06-03T01:02:00+00:00,,,51.472745,-3.179894,Male,18-24,White - White British (W1),White,Police and Criminal Evidence Act 1984 (section 1),Article for use in theft,Suspect summonsed to court,False,
Person search,2016-06-03T06:59:00+00:00,,,51.414166,-3.272357,Male,18-24,White - White British (W1),White,Misuse of Drugs Act 1971 (section 23),Controlled drugs,Offender given drugs possession warning,True,
Person search,2016-06-03T07:46:00+00:00,,,51.697905,-3.428675,Male,over 34,White - White British (W1),White,Misuse of Drugs Act 1971 (section 23),Controlled drugs,Suspect arrested,True,
Person search,2016-06-03T08:06:00+00:00,,,51.697905,-3.428675,Female,25-34,White - White British (W1),White,Misuse of Drugs Act 1971 (section 23),Controlled drugs,Nothing found - no further action,False,
Person search,2016-06-03T11:07:00+00:00,,,51.516286,-3.178785,Male,10-17,White - White British (W1),White,Police and Criminal Evidence Act 1984 (section 1),Article for use in theft,Nothing found - no further action,False,
Person search,2016-06-03T13:29:00+00:00,,,51.481068,-3.182845,Male,over 34,,,,,,,
Person search,2016-06-03T13:56:00+00:00,,,,,Male,,,,,,,,
Person search,2016-06-03T14:40:00+00:00,,,51.598837,-3.775442,Male,25-34,White - White British (W1),White,Police and Criminal Evidence Act 1984 (section 1),Stolen goods,Nothing found - no further action,False,
Person search,2016-06-03T20:50:00+00:00,,,51.486450,-3.159018,Male,10-17,White - White British (W1),White,Police and Criminal Evidence Act 1984 (section 1),Article for use in theft,Nothing found - no further action,False,
Person search,2016-06-03T20:52:00+00:00,,,51.487406,-3.159590,Male,10-17,White - White British (W1),White,Police and Criminal Evidence Act 1984 (section 1),Article for use in theft,Nothing found - no further action,False,
Person search,2016-06-03T22:24:00+00:00,,,,,,,,,,,,,
Person search,2016-06-03T23:36:00+00:00,,,,,,,,,,,,,
Person search,2016-06-03T23:39:00+00:00,,,,,,,,,,,,,
Person search,2016-06-03T23:39:00+00:00,,,51.477741,-3.177560,Male,,Chinese or other ethnic group - Any other ethnic group (O9),Other,Misuse of Drugs Act 1971 (section 23),Controlled drugs,Nothing found - no further action,False,
Person search,2016-06-04T00:15:00+00:00,,,51.508129,-3.577491,Male,25-34,White - White British (W1),White,Misuse of Drugs Act 1971 (section 23),Controlled drugs,,False,
Person search,2016-06-04T00:27:00+00:00,,,,,,,,,,,,,
Person search,2016-06-04T03:56:00+00:00,,,51.477141,-3.178222,Male,25-34,Mixed - White and Black Caribbean (M1),White,Misuse of Drugs Act 1971 (section 23),Controlled drugs,Nothing found - no further action,False,
Person search,2016-06-04T04:04:00+00:00,,,51.480314,-3.179139,Male,25-34,,,,,,,
Person search,2016-06-04T04:35:00+00:00,,,51.682310,-3.380045,Male,over 34,White - White British (W1),White,Police and Criminal Evidence Act 1984 (section 1),Article for use in theft,Nothing found - no further action,False,
Person search,2016-06-04T06:40:00+00:00,,,51.615192,-3.957617,Male,18-24,White - White British (W1),White,Misuse of Drugs Act 1971 (section 23),Controlled drugs,Nothing found - no further action,True,
Person search,2016-06-04T06:40:00+00:00,,,51.615192,-3.957617,Male,18-24,White - White British (W1),White,Misuse of Drugs Act 1971 (section 23),Controlled drugs,Nothing found - no further action,True,
Person search,2016-06-04T06:40:00+00:00,,,51.615192,-3.957617,Male,18-24,White - White British (W1),White,Misuse of Drugs Act 1971 (section 23),Controlled drugs,Offender given drugs possession warning,True,
Person search,2016-06-04T14:40:00+00:00,,,,,Male,,Not Stated (NS),,Misuse of Drugs Act 1971 (section 23),Controlled drugs,Nothing found - no further action,False,
Person search,2016-06-04T15:01:00+00:00,,,,,Female,,Not Stated (NS),,Misuse of Drugs Act 1971 (section 23),Controlled drugs,Nothing found - no further action,False,
Person search,2016-06-04T15:28:00+00:00,,,51.610638,-3.329301,Male,over 34,White - White British (W1),White,Misuse of Drugs Act 1971 (section 23),Controlled drugs,,False,
Person search,2016-06-04T15:29:00+00:00,,,,,Male,10-17,White - White British (W1),White,Misuse of Drugs Act 1971 (section 23),Controlled drugs,Suspect arrested,True,
Person search,2016-06-04T15:30:00+00:00,,,51.506902,-3.148529,Male,10-17,White - White British (W1),White,Misuse of Drugs Act 1971 (section 23),Controlled drugs,Nothing found - no further action,False,
Person search,2016-06-04T15:34:00+00:00,,,51.506902,-3.148529,Male,10-17,Asian or Asian British - Pakistani (A2),Asian,Misuse of Drugs Act 1971 (section 23),Controlled drugs,Nothing found - no further action,False,
Person search,2016-06-04T17:19:00+00:00,,,51.484170,-3.178461,Male,18-24,Asian or Asian British - Pakistani (A2),Asian,Misuse of Drugs Act 1971 (section 23),Controlled drugs,Nothing found - no further action,False,
Person search,2016-06-04T19:06:00+00:00,,,51.481068,-3.182845,Male,25-34,White - White British (W1),White,Misuse of Drugs Act 1971 (section 23),Controlled drugs,Nothing found - no further action,False,
Person search,2016-06-04T19:10:00+00:00,,,51.481068,-3.182845,Male,over 34,White - White British (W1),White,Misuse of Drugs Act 1971 (section 23),Controlled drugs,Nothing found - no further action,False,
Person search,2016-06-04T23:10:00+00:00,,,51.508129,-3.577491,Male,25-34,White - White British (W1),White,Misuse of Drugs Act 1971 (section 23),Controlled drugs,Nothing found - no further action,False,
Person search,2016-06-04T23:17:00+00:00,,,51.486166,-3.162280,Male,18-24,White - White British (W1),White,Police and Criminal Evidence Act 1984 (section 1),Controlled drugs,Nothing found - no further action,False,
Person search,2016-06-04T23:20:00+00:00,,,51.517229,-3.574131,Male,25-34,White - White British (W1),White,Misuse of Drugs Act 1971 (section 23),Controlled drugs,Nothing found - no further action,False,
Person search,2016-06-04T23:38:00+00:00,,,,,,,,,,,,,
Person search,2016-06-04T23:38:00+00:00,,,,,,,,,,,,,
Person search,2016-06-04T23:38:00+00:00,,,,,,,,,,,,,
Person search,2016-06-04T23:38:00+00:00,,,,,,,,,,,,,
Person search,2016-06-04T23:50:00+00:00,,,,,Male,18-24,Black or Black British - Any other Black ethnic background (B9),Black,Firearms Act 1968 (section 47),Firearms,Suspect arrested,False,
Person search,2016-06-05T02:56:00+00:00,,,,,,,,,,,,,
Person search,2016-06-05T04:25:00+00:00,,,51.619745,-3.940116,Male,25-34,White - White British (W1),White,Misuse of Drugs Act 1971 (section 23),Controlled drugs,Nothing found - no further action,False,
Person search,2016-06-05T11:08:00+00:00,,,51.603395,-3.342345,Male,over 34,White - White British (W1),White,Misuse of Drugs Act 1971 (section 23),Controlled drugs,Nothing found - no further action,False,
Person search,2016-06-05T14:23:00+00:00,,,51.626622,-3.336746,Male,18-24,White - White British (W1),White,Misuse of Drugs Act 1971 (section 23),Controlled drugs,Offender given drugs possession warning,True,
Person search,2016-06-05T16:24:00+00:00,,,51.489672,-3.164170,Female,25-34,White - White British (W1),White,Police and Criminal Evidence Act 1984 (section 1),Stolen goods,Suspect arrested,False,
Person and Vehicle search,2016-06-05T17:31:00+00:00,,,51.482469,-3.165052,Male,over 34,White - White British (W1),White,Misuse of Drugs Act 1971 (section 23),Controlled drugs,Nothing found - no further action,False,
Person search,2016-06-05T17:36:00+00:00,,,51.482469,-3.165052,Male,over 34,White - White British (W1),White,Misuse of Drugs Act 1971 (section 23),Controlled drugs,Nothing found - no further action,False,
Person search,2016-06-05T19:02:00+00:00,,,51.390745,-3.276968,Male,25-34,Asian or Asian British - Indian (A1),Asian,Misuse of Drugs Act 1971 (section 23),Controlled drugs,,,
Person search,2016-06-05T19:39:00+00:00,,,51.517229,-3.574131,Male,25-34,White - White British (W1),White,Misuse of Drugs Act 1971 (section 23),Controlled drugs,Nothing found - no further action,False,
Person search,2016-06-05T20:45:00+00:00,,,51.517936,-3.576447,Male,25-34,White - White British (W1),White,Misuse of Drugs Act 1971 (section 23),Controlled drugs,Offender given drugs possession warning,True,
Person search,2016-06-05T21:00:00+00:00,,,,,,,,,,,,,
Person search,2016-06-05T22:21:00+00:00,,,51.621986,-3.916491,Male,over 34,White - White British (W1),White,Police and Criminal Evidence Act 1984 (section 1),Article for use in theft,,False,
Person search,2016-06-05T22:22:00+00:00,,,51.621986,-3.916491,Male,25-34,White - White British (W1),White,Police and Criminal Evidence Act 1984 (section 1),Article for use in theft,,False,
Person search,2016-06-05T22:26:00+00:00,,,51.621986,-3.916491,Male,over 34,White - White British (W1),White,Police and Criminal Evidence Act 1984 (section 1),Article for use in theft,,False,
Person search,2016-06-05T23:43:00+00:00,,,51.591828,-3.780496,Female,over 34,White - White British (W1),White,Misuse of Drugs Act 1971 (section 23),Controlled drugs,Suspect arrested,False,
Person search,2016-06-06T03:48:00+00:00,,,51.493906,-3.250722,Male,25-34,White - White British (W1),White,Police and Criminal Evidence Act 1984 (section 1),Firearms,Nothing found - no further action,False,
Person search,2016-06-06T05:48:00+00:00,,,,,,,,,,,,,
Person search,2016-06-06T06:36:00+00:00,,,51.390745,-3.276968,Male,18-24,Asian or Asian British - Any other Asian ethnic background (A9),Asian,Misuse of Drugs Act 1971 (section 23),Controlled drugs,Nothing found - no further action,False,
Person search,2016-06-06T06:39:00+00:00,,,51.390745,-3.276968,Male,10-17,Asian or Asian British - Any other Asian ethnic background (A9),Asian,Misuse of Drugs Act 1971 (section 23),Controlled drugs,Nothing found - no further action,False,
Person search,2016-06-06T09:51:00+00:00,,,,,,,,,,,,,
Person search,2016-06-06T09:52:00+00:00,,,51.501990,-3.139473,Male,over 34,White - White British (W1),White,Police and Criminal Evidence Act 1984 (section 1),Article for use in theft,,False,
Person search,2016-06-06T09:52:00+00:00,,,,,,,,,,,,,
Person search,2016-06-06T11:14:00+00:00,,,,,Female,18-24,,,,,,,
Person search,2016-06-06T12:13:00+00:00,,,51.618957,-3.937728,Male,25-34,White - White British (W1),White,Misuse of Drugs Act 1971 (section 23),Controlled drugs,Nothing found - no further action,False,
Person search,2016-06-06T12:20:00+00:00,,,51.618957,-3.937728,Female,25-34,White - White British (W1),White,Misuse of Drugs Act 1971 (section 23),Controlled drugs,Nothing found - no further action,False,
Person search,2016-06-06T12:22:00+00:00,,,51.475597,-3.172538,Male,25-34,White - White British (W1),White,Misuse of Drugs Act 1971 (section 23),Controlled drugs,Nothing found - no further action,False,
Person search,2016-06-06T12:22:00+00:00,,,51.475597,-3.172538,Male,over 34,White - White British (W1),White,Misuse of Drugs Act 1971 (section 23),Controlled drugs,Nothing found - no further action,False,
Person search,2016-06-06T12:52:00+00:00,,,51.480913,-3.181286,Male,10-17,White - White British (W1),White,Misuse of Drugs Act 1971 (section 23),Controlled drugs,,False,
Person search,2016-06-06T12:57:00+00:00,,,51.480913,-3.181286,Male,18-24,White - White British (W1),White,Misuse of Drugs Act 1971 (section 23),Controlled drugs,,False,
Person search,2016-06-06T13:04:00+00:00,,,51.480913,-3.181286,Male,18-24,White - White British (W1),White,Misuse of Drugs Act 1971 (section 23),Controlled drugs,,False,
Person search,2016-06-06T13:10:00+00:00,,,51.480913,-3.181286,Male,18-24,White - White British (W1),White,Misuse of Drugs Act 1971 (section 23),Controlled drugs,,False,
Person search,2016-06-06T15:48:00+00:00,,,51.602284,-3.541116,Male,over 34,White - White British (W1),White,Misuse of Drugs Act 1971 (section 23),Controlled drugs,Nothing found - no further action,False,
Person search,2016-06-06T16:21:00+00:00,,,51.618957,-3.937728,Male,25-34,White - White British (W1),White,Police and Criminal Evidence Act 1984 (section 1),Offensive weapons,Nothing found - no further action,False,
Person search,2016-06-06T17:09:00+00:00,,,51.469838,-3.169309,Male,18-24,Not Stated (NS),,Misuse of Drugs Act 1971 (section 23),Controlled drugs,Nothing found - no further action,False,
Person search,2016-06-07T00:00:00+00:00,,,51.597717,-3.781693,Male,over 34,White - White British (W1),White,Police and Criminal Evidence Act 1984 (section 1),Stolen goods,Nothing found - no further action,False,
Person search,2016-06-07T01:24:00+00:00,,,51.488332,-3.176767,Male,over 34,Black or Black British - African (B2),Black,Police and Criminal Evidence Act 1984 (section 1),Article for use in theft,Nothing found - no further action,False,
Person search,2016-06-07T03:29:00+00:00,,,51.700443,-3.424761,Male,over 34,White - White British (W1),White,Police and Criminal Evidence Act 1984 (section 1),Article for use in theft,Nothing found - no further action,False,
Person search,2016-06-07T04:20:00+00:00,,,51.499867,-3.200865,Male,over 34,White - White British (W1),White,Police and Criminal Evidence Act 1984 (section 1),Article for use in theft,Nothing found - no further action,False,
Person search,2016-06-07T04:22:00+00:00,,,51.499867,-3.200865,Male,over 34,White - White British (W1),White,Police and Criminal Evidence Act 1984 (section 1),Article for use in theft,,False,
Person search,2016-06-07T04:30:00+00:00,,,51.700443,-3.424761,Female,25-34,White - White British (W1),White,Police and Criminal Evidence Act 1984 (section 1),Article for use in theft,Nothing found - no further action,False,
Person search,2016-06-07T04:49:00+00:00,,,51.598837,-3.775442,Female,25-34,White - White British (W1),White,Police and Criminal Evidence Act 1984 (section 1),Stolen goods,,False,
Person search,2016-06-07T05:10:00+00:00,,,51.498881,-3.162186,,,,,,,,,
Person search,2016-06-07T09:29:00+00:00,,,51.520648,-3.584021,Male,over 34,White - White British (W1),White,Police and Criminal Evidence Act 1984 (section 1),Offensive weapons,Nothing found - no further action,False,
Person search,2016-06-07T09:38:00+00:00,,,51.520648,-3.584021,Male,25-34,White - White British (W1),White,Police and Criminal Evidence Act 1984 (section 1),,Nothing found - no further action,,
Person search,2016-06-07T09:43:00+00:00,,,51.509326,-3.580718,Male,18-24,White - White British (W1),White,Police and Criminal Evidence Act 1984 (section 1),Offensive weapons,,False,
Person search,2016-06-07T10:09:00+00:00,,,51.480217,-3.237502,Male,over 34,White - White British (W1),White,Misuse of Drugs Act 1971 (section 23),Controlled drugs,Nothing found - no further action,False,
Person search,2016-06-07T10:43:00+00:00,,,51.477470,-3.255615,Male,25-34,White - White British (W1),White,Misuse of Drugs Act 1971 (section 23),Controlled drugs,Nothing found - no further action,False,
Person search,2016-06-07T11:58:00+00:00,,,51.605660,-3.825992,Male,over 34,Mixed - White and Black Caribbean (M1),White,Police and Criminal Evidence Act 1984 (section 1),Controlled drugs,Nothing found - no further action,False,
Person search,2016-06-07T11:58:00+00:00,,,51.605660,-3.825992,Male,25-34,White - White British (W1),White,Police and Criminal Evidence Act 1984 (section 1),Controlled drugs,Nothing found - no further action,False,
Person search,2016-06-07T11:58:00+00:00,,,,,,,,,,,,,
Person and Vehicle search,2016-06-07T15:56:00+00:00,,,51.709777,-4.002793,Male,10-17,White - White British (W1),White,Police and Criminal Evidence Act 1984 (section 1),,Nothing found - no further action,False,
Person and Vehicle search,2016-06-07T15:56:00+00:00,,,51.709777,-4.002793,Male,18-24,White - White British (W1),White,Police and Criminal Evidence Act 1984 (section 1),,Nothing found - no further action,False,
Person search,2016-06-07T19:01:00+00:00,,,51.623198,-3.975717,Male,10-17,White - White British (W1),White,Police and Criminal Evidence Act 1984 (section 1),Stolen goods,Nothing found - no further action,False,
Person search,2016-06-07T22:27:00+00:00,,,51.540083,-3.461953,Male,10-17,White - White British (W1),White,Misuse of Drugs Act 1971 (section 23),Controlled drugs,Nothing found - no further action,False,
Person and Vehicle search,2016-06-07T22:51:00+00:00,,,51.472034,-3.191480,Male,25-34,Black or Black British - African (B2),Black,Misuse of Drugs Act 1971 (section 23),Controlled drugs,Nothing found - no further action,False,
Person and Vehicle search,2016-06-07T22:51:00+00:00,,,51.472034,-3.191480,Male,18-24,Asian or Asian British - Any other Asian ethnic background (A9),Asian,Misuse of Drugs Act 1971 (section 23),Controlled drugs,Suspect arrested,False,
Person and Vehicle search,2016-06-07T22:51:00+00:00,,,51.472034,-3.191480,Male,18-24,Black or Black British - African (B2),Black,Misuse of Drugs Act 1971 (section 23),Controlled drugs,Nothing found - no further action,False,
Person and Vehicle search,2016-06-07T22:51:00+00:00,,,51.472034,-3.191480,Male,18-24,Black or Black British - African (B2),Black,Misuse of Drugs Act 1971 (section 23),Controlled drugs,Nothing found - no further action,False,
Person and Vehicle search,2016-06-07T23:10:00+00:00,,,51.716597,-3.447215,Male,25-34,White - White British (W1),White,Police and Criminal Evidence Act 1984 (section 1),Controlled drugs,Suspect arrested,True,
Person search,2016-06-08T00:39:00+00:00,,,51.709516,-3.424048,Male,25-34,White - White British (W1),White,Misuse of Drugs Act 1971 (section 23),Controlled drugs,Nothing found - no further action,False,
Person search,2016-06-08T00:58:00+00:00,,,51.716597,-3.447215,Female,over 34,White - White British (W1),White,Misuse of Drugs Act 1971 (section 23),Controlled drugs,Nothing found - no further action,False,
Person search,2016-06-08T01:30:00+00:00,,,51.475904,-3.164323,Male,18-24,White - White British (W1),White,Misuse of Drugs Act 1971 (section 23),,Suspect arrested,,
Person search,2016-06-08T04:11:00+00:00,,,51.522224,-3.111179,Male,25-34,White - White British (W1),White,Police and Criminal Evidence Act 1984 (section 1),Stolen goods,Nothing found - no further action,False,
Person search,2016-06-08T05:15:00+00:00,,,51.716597,-3.447215,Male,25-34,White - White British (W1),White,Misuse of Drugs Act 1971 (section 23),Controlled drugs,Suspect arrested,True,
Person search,2016-06-08T08:27:00+00:00,,,,,,,,,,,,,
Person search,2016-06-08T10:06:00+00:00,,,51.618476,-3.811975,Male,18-24,White - White British (W1),White,Police and Criminal Evidence Act 1984 (section 1),Article for use in theft,Nothing found - no further action,False,
Person and Vehicle search,2016-06-08T14:39:00+00:00,,,51.484463,-3.231266,Male,18-24,White - White British (W1),White,Misuse of Drugs Act 1971 (section 23),Controlled drugs,,False,
Person search,2016-06-08T15:21:00+00:00,,,51.505603,-3.577447,Female,25-34,White - White British (W1),White,,,,,
Person search,2016-06-08T15:55:00+00:00,,,51.505328,-3.578461,Female,over 34,White - White British (W1),White,Police and Criminal Evidence Act 1984 (section 1),Stolen goods,Suspect arrested,True,
Person search,2016-06-08T18:41:00+00:00,,,51.622564,-3.946377,Male,over 34,White - White British (W1),White,Misuse of Drugs Act 1971 (section 23),Controlled drugs,Suspect arrested,True,
Person search,2016-06-08T18:41:00+00:00,,,,,,,,,,,,,
Person search,2016-06-08T18:41:00+00:00,,,,,,,,,,,,,
Person search,2016-06-08T21:00:00+00:00,,,51.481574,-3.177285,Male,25-34,White - White British (W1),White,Misuse of Drugs Act 1971 (section 23),Controlled drugs,Nothing found - no further action,False,
Person search,2016-06-08T21:34:00+00:00,,,,,Male,25-34,White - White British (W1),White,Misuse of Drugs Act 1971 (section 23),Controlled drugs,,False,
Person search,2016-06-08T21:44:00+00:00,,,51.526048,-3.116606,Male,25-34,White - White British (W1),White,Misuse of Drugs Act 1971 (section 23),Controlled drugs,Nothing found - no further action,False,
Person search,2016-06-08T23:20:00+00:00,,,51.559971,-3.354266,Male,18-24,Black or Black British - Any other Black ethnic background (B9),White,Misuse of Drugs Act 1971 (section 23),Controlled drugs,Nothing found - no further action,False,
Person search,2016-06-08T23:53:00+00:00,,,51.662718,-3.928230,Male,over 34,White - White British (W1),White,Police and Criminal Evidence Act 1984 (section 1),Stolen goods,Nothing found - no further action,False,
Person search,2016-06-08T23:53:00+00:00,,,51.662718,-3.928230,Male,25-34,White - White British (W1),White,Police and Criminal Evidence Act 1984 (section 1),Stolen goods,Nothing found - no further action,False,
Person search,2016-06-09T00:09:00+00:00,,,51.565246,-3.584244,Male,18-24,White - White British (W1),White,Misuse of Drugs Act 1971 (section 23),Controlled drugs,,False,
Person and Vehicle search,2016-06-09T01:49:00+00:00,,,,,Male,25-34,White - White British (W1),White,Misuse of Drugs Act 1971 (section 23),Controlled drugs,Suspect arrested,False,
Person search,2016-06-09T01:56:00+00:00,,,51.560041,-3.601995,Female,18-24,White - White British (W1),White,Misuse of Drugs Act 1971 (section 23),Controlled drugs,Nothing found - no further action,False,
Person and Vehicle search,2016-06-09T03:59:00+00:00,,,51.513923,-3.496986,Male,25-34,White - White British (W1),White,Police and Criminal Evidence Act 1984 (section 1),Article for use in theft,Suspect arrested,False,
Person search,2016-06-09T04:00:00+00:00,,,51.536515,-3.134308,Male,25-34,,,,,,,
Person search,2016-06-09T04:23:00+00:00,,,51.569461,-3.306355,Male,10-17,White - White British (W1),White,Police and Criminal Evidence Act 1984 (section 1),Article for use in theft,Suspect arrested,False,
Person search,2016-06-09T04:26:00+00:00,,,51.569461,-3.306355,Male,10-17,White - White British (W1),White,Police and Criminal Evidence Act 1984 (section 1),Stolen goods,Suspect arrested,True,
Person search,2016-06-09T11:10:00+00:00,,,,,,,,,,,,,
Person search,2016-06-09T11:11:00+00:00,,,,,,,,,,,,,
Person search,2016-06-09T13:29:00+00:00,,,51.514012,-3.565272,Male,18-24,,,,,,,
Person search,2016-06-09T13:29:00+00:00,,,51.514012,-3.565272,Male,10-17,,,,,,,
Person search,2016-06-09T13:29:00+00:00,,,51.514012,-3.565272,Male,18-24,,,,,,,
Person search,2016-06-09T18:56:00+00:00,,,51.601712,-3.829502,Male,over 34,White - White British (W1),White,Police and Criminal Evidence Act 1984 (section 1),Firearms,,False,
Person search,2016-06-09T22:30:00+00:00,,,51.718580,-3.450477,Male,over 34,White - White British (W1),White,Misuse of Drugs Act 1971 (section 23),Controlled drugs,Nothing found - no further action,False,
Person search,2016-06-09T22:57:00+00:00,,,51.481968,-3.159380,Male,18-24,White - White British (W1),White,Misuse of Drugs Act 1971 (section 23),Controlled drugs,Offender given penalty notice,False,
Person search,2016-06-09T23:10:00+00:00,,,51.481327,-3.160602,Male,18-24,Black or Black British - Any other Black ethnic background (B9),Black,Misuse of Drugs Act 1971 (section 23),Controlled drugs,Suspect arrested,True,
Person search,2016-06-10T02:00:00+00:00,,,51.634732,-3.417253,Male,25-34,White - White British (W1),White,Misuse of Drugs Act 1971 (section 23),Controlled drugs,Nothing found - no further action,False,
Person and Vehicle search,2016-06-10T03:47:00+00:00,,,51.535027,-3.131979,Female,18-24,Not Stated (NS),,Misuse of Drugs Act 1971 (section 23),Controlled drugs,Offender given drugs possession warning,True,
Person and Vehicle search,2016-06-10T03:47:00+00:00,,,51.535027,-3.131979,Female,18-24,Not Stated (NS),,Misuse of Drugs Act 1971 (section 23),Controlled drugs,Nothing found - no further action,True,
Person and Vehicle search,2016-06-10T03:47:00+00:00,,,51.535027,-3.131979,Female,18-24,Not Stated (NS),,Misuse of Drugs Act 1971 (section 23),Controlled drugs,Nothing found - no further action,True,
Person and Vehicle search,2016-06-10T03:54:00+00:00,,,51.511346,-3.602836,Male,25-34,Mixed - White and Black Caribbean (M1),Black,Misuse of Drugs Act 1971 (section 23),Controlled drugs,Suspect arrested,False,
Person search,2016-06-10T04:42:00+00:00,,,51.609078,-3.800942,Male,10-17,White - White British (W1),White,Police and Criminal Evidence Act 1984 (section 1),Article for use in theft,,False,
Person search,2016-06-10T07:46:00+00:00,,,51.663357,-4.069212,,,,,,,,,
Person search,2016-06-10T08:15:00+00:00,,,,,,,,,,,,,
Person search,2016-06-10T08:35:00+00:00,,,51.663357,-4.069212,Male,18-24,White - White British (W1),White,Police and Criminal Evidence Act 1984 (section 1),Offensive weapons,Suspect arrested,False,
Person search,2016-06-10T10:35:00+00:00,,,,,Male,over 34,White - White British (W1),White,Misuse of Drugs Act 1971 (section 23),Controlled drugs,Nothing found - no further action,False,
Person search,2016-06-10T14:10:00+00:00,,,51.599928,-3.816391,Male,10-17,White - White British (W1),White,Police and Criminal Evidence Act 1984 (section 1),Controlled drugs,Nothing found - no further action,False,
Person search,2016-06-10T14:25:00+00:00,,,51.599928,-3.816391,Male,18-24,White - White British (W1),White,Police and Criminal Evidence Act 1984 (section 1),Article for use in theft,,False,
Person and Vehicle search,2016-06-10T15:54:00+00:00,,,51.480338,-3.149633,Male,over 34,Not Stated (NS),,Misuse of Drugs Act 1971 (section 23),Controlled drugs,Nothing found - no further action,False,
Person search,2016-06-10T18:38:00+00:00,,,,,Male,25-34,White - White British (W1),White,Police and Criminal Evidence Act 1984 (section 1),Offensive weapons,Nothing found - no further action,False,
Person search,2016-06-10T20:06:00+00:00,,,51.675462,-3.484475,Male,10-17,White - White British (W1),White,Misuse of Drugs Act 1971 (section 23),Controlled drugs,Nothing found - no further action,False,
Person search,2016-06-10T20:27:00+00:00,,,51.480314,-3.179139,Male,25-34,Asian or Asian British - Pakistani (A2),Asian,Misuse of Drugs Act 1971 (section 23),Controlled drugs,Nothing found - no further action,False,
Person search,2016-06-10T20:27:00+00:00,,,51.477069,-3.176377,Male,18-24,White - White British (W1),White,Misuse of Drugs Act 1971 (section 23),Controlled drugs,Nothing found - no further action,False,
Person search,2016-06-10T21:16:00+00:00,,,51.480314,-3.179139,Male,10-17,White - White British (W1),White,Misuse of Drugs Act 1971 (section 23),Controlled drugs,,False,
Person search,2016-06-10T23:00:00+00:00,,,,,,,,,,,,,
Person search,2016-06-10T23:16:00+00:00,,,51.612122,-3.961615,Female,18-24,White - White British (W1),White,Misuse of Drugs Act 1971 (section 23),Controlled drugs,Nothing found - no further action,False,
Person search,2016-06-10T23:31:00+00:00,,,51.628298,-3.971922,Male,over 34,White - White British (W1),White,Misuse of Drugs Act 1971 (section 23),Controlled drugs,Nothing found - no further action,False,
Person search,2016-06-10T23:31:00+00:00,,,51.628298,-3.971922,Male,25-34,Black or Black British - Caribbean (B1),Black,Misuse of Drugs Act 1971 (section 23),Controlled drugs,Nothing found - no further action,False,
Person search,2016-06-11T00:56:00+00:00,,,51.569422,-3.321057,Male,over 34,White - White British (W1),White,Misuse of Drugs Act 1971 (section 23),Controlled drugs,Offender given drugs possession warning,True,
Person search,2016-06-11T01:17:00+00:00,,,51.622949,-3.944862,Male,18-24,White - White British (W1),White,Misuse of Drugs Act 1971 (section 23),Controlled drugs,,False,
Person search,2016-06-11T01:38:00+00:00,,,51.622949,-3.944862,Male,over 34,White - White British (W1),White,Police and Criminal Evidence Act 1984 (section 1),Article for use in theft,Suspect arrested,True,
Person search,2016-06-11T01:40:00+00:00,,,,,Male,10-17,Black or Black British - Caribbean (B1),Black,Misuse of Drugs Act 1971 (section 23),Controlled drugs,,False,
Person search,2016-06-11T01:46:00+00:00,,,51.477629,-3.177068,Male,10-17,White - White British (W1),White,Police and Criminal Evidence Act 1984 (section 1),Controlled drugs,,False,
Person search,2016-06-11T02:18:00+00:00,,,51.619817,-3.940654,Male,18-24,Black or Black British - African (B2),Black,Misuse of Drugs Act 1971 (section 23),Controlled drugs,Suspect arrested,True,
Person search,2016-06-11T03:30:00+00:00,,,51.481134,-3.208999,Male,18-24,White - White British (W1),White,Misuse of Drugs Act 1971 (section 23),Controlled drugs,,False,
Person search,2016-06-11T09:24:00+00:00,,,,,Male,25-34,White - White British (W1),White,Misuse of Drugs Act 1971 (section 23),Controlled drugs,Nothing found - no further action,False,
Person search,2016-06-11T11:25:00+00:00,,,,,,,,,,,,,
Person search,2016-06-11T11:25:00+00:00,,,51.707796,-4.024460,Male,18-24,White - White British (W1),White,Police and Criminal Evidence Act 1984 (section 1),Offensive weapons,Nothing found - no further action,False,
Person search,2016-06-11T11:25:00+00:00,,,,,,,,,,,,,
Person search,2016-06-11T11:30:00+00:00,,,51.650682,-3.976580,Male,18-24,White - White Irish (W2),White,Misuse of Drugs Act 1971 (section 23),Controlled drugs,Nothing found - no further action,False,
Person search,2016-06-11T11:30:00+00:00,,,,,,,,,,,,,
Person search,2016-06-11T11:30:00+00:00,,,,,,,,,,,,,
Person search,2016-06-11T11:30:00+00:00,,,,,,,,,,,,,
Person search,2016-06-11T13:54:00+00:00,,,51.471385,-3.176518,Female,18-24,White - White British (W1),White,Misuse of Drugs Act 1971 (section 23),Controlled drugs,Nothing found - no further action,False,
Person search,2016-06-11T15:35:00+00:00,,,51.609152,-3.657968,Male,18-24,White - White British (W1),White,Misuse of Drugs Act 1971 (section 23),Controlled drugs,,False,
Person search,2016-06-11T15:39:00+00:00,,,51.609023,-3.658858,Female,over 34,White - White British (W1),White,Misuse of Drugs Act 1971 (section 23),Controlled drugs,,False,
Person search,2016-06-11T20:44:00+00:00,,,51.648352,-3.948681,Male,over 34,Mixed - White and Black Caribbean (M1),White,Police and Criminal Evidence Act 1984 (section 1),Controlled drugs,,False,
Person search,2016-06-11T23:30:00+00:00,,,51.569272,-3.324011,Male,18-24,White - White British (W1),White,Police and Criminal Evidence Act 1984 (section 1),Stolen goods,Nothing found - no further action,False,
Person and Vehicle search,2016-06-12T01:13:00+00:00,,,51.540607,-3.596265,Male,18-24,White - White British (W1),White,Misuse of Drugs Act 1971 (section 23),Controlled drugs,,False,
Person search,2016-06-12T01:22:00+00:00,,,51.599883,-3.341982,Female,over 34,White - White British (W1),White,Police and Criminal Evidence Act 1984 (section 1),Offensive weapons,Offender given penalty notice,False,
Person search,2016-06-12T01:25:00+00:00,,,51.599883,-3.341982,Female,18-24,White - White British (W1),White,Police and Criminal Evidence Act 1984 (section 1),Offensive weapons,Suspect arrested,False,
Person search,2016-06-12T01:51:00+00:00,,,51.537318,-3.195593,Male,10-17,White - White British (W1),White,Police and Criminal Evidence Act 1984 (section 1),Article for use in theft,,False,
Person search,2016-06-12T02:00:00+00:00,,,51.537318,-3.195593,Male,10-17,White - White British (W1),White,Police and Criminal Evidence Act 1984 (section 1),Article for use in theft,,False,
Person and Vehicle search,2016-06-12T02:39:00+00:00,,,51.472983,-3.253087,Male,25-34,White - White British (W1),White,Misuse of Drugs Act 1971 (section 23),Controlled drugs,Nothing found - no further action,False,
Person search,2016-06-12T04:10:00+00:00,,,51.712073,-3.450964,Male,18-24,White - White British (W1),White,Misuse of Drugs Act 1971 (section 23),Controlled drugs,Nothing found - no further action,False,
Person search,2016-06-12T05:08:00+00:00,,,51.644028,-3.483607,Male,over 34,White - White British (W1),White,Police and Criminal Evidence Act 1984 (section 1),Article for use in theft,,False,
Person search,2016-06-12T09:07:00+00:00,,,51.481280,-3.200909,Male,over 34,White - White British (W1),White,Misuse of Drugs Act 1971 (section 23),Controlled drugs,Nothing found - no further action,False,
Person search,2016-06-12T14:09:00+00:00,,,51.711597,-3.443581,Male,25-34,White - White British (W1),White,Misuse of Drugs Act 1971 (section 23),Controlled drugs,Nothing found - no further action,False,
Person search,2016-06-12T21:31:00+00:00,,,51.751621,-3.368322,Male,25-34,White - White British (W1),White,Misuse of Drugs Act 1971 (section 23),Controlled drugs,Nothing found - no further action,False,
Person search,2016-06-12T22:47:00+00:00,,,,,Male,18-24,White - White British (W1),White,Police and Criminal Evidence Act 1984 (section 1),Article for use in theft,Nothing found - no further action,False,
Person search,2016-06-12T22:51:00+00:00,,,,,Male,10-17,White - White British (W1),White,Police and Criminal Evidence Act 1984 (section 1),Article for use in theft,Nothing found - no further action,False,
Person search,2016-06-12T23:41:00+00:00,,,51.575135,-3.432672,Male,18-24,White - White British (W1),White,Misuse of Drugs Act 1971 (section 23),Controlled drugs,,False,
Person search,2016-06-13T00:06:00+00:00,,,51.719720,-3.848306,Male,18-24,White - White British (W1),White,Police and Criminal Evidence Act 1984 (section 1),Article for use in theft,Nothing found - no further action,False,
Person search,2016-06-13T00:06:00+00:00,,,,,,,,,,,,,
Person search,2016-06-13T00:06:00+00:00,,,51.719720,-3.848306,Male,18-24,Asian or Asian British - Pakistani (A2),Asian,Police and Criminal Evidence Act 1984 (section 1),Article for use in theft,Nothing found - no further action,False,
Person search,2016-06-13T01:15:00+00:00,,,51.615421,-3.993680,Male,25-34,White - White British (W1),White,Misuse of Drugs Act 1971 (section 23),Controlled drugs,Nothing found - no further action,False,
Person search,2016-06-13T01:30:00+00:00,,,51.645788,-3.944423,Male,18-24,White - White British (W1),White,Police and Criminal Evidence Act 1984 (section 1),,Suspect arrested,False,
Person search,2016-06-13T16:31:00+00:00,,,51.603398,-3.340454,Male,over 34,White - White British (W1),White,Misuse of Drugs Act 1971 (section 23),Controlled drugs,Suspect arrested,True,
Person search,2016-06-13T18:29:00+00:00,,,51.600597,-3.336112,Male,over 34,White - White British (W1),White,Misuse of Drugs Act 1971 (section 23),Controlled drugs,Suspect arrested,True,
Person search,2016-06-13T21:32:00+00:00,,,51.632790,-3.452564,Male,25-34,White - White British (W1),White,Police and Criminal Evidence Act 1984 (section 1),Offensive weapons,Nothing found - no further action,False,
Person search,2016-06-13T23:45:00+00:00,,,51.574653,-4.006111,Male,18-24,White - White British (W1),White,Misuse of Drugs Act 1971 (section 23),Controlled drugs,Nothing found - no further action,False,
Person and Vehicle search,2016-06-13T23:46:00+00:00,,,51.574653,-4.006111,Male,18-24,White - White British (W1),White,Misuse of Drugs Act 1971 (section 23),Controlled drugs,Suspect summonsed to court,False,
Person search,2016-06-13T23:58:00+00:00,,,51.574653,-4.006111,Male,18-24,White - White British (W1),White,Misuse of Drugs Act 1971 (section 23),Controlled drugs,Nothing found - no further action,False,
Person search,2016-06-14T13:00:00+00:00,,,51.641846,-3.821896,Male,25-34,White - White British (W1),White,Misuse of Drugs Act 1971 (section 23),Controlled drugs,Offender given drugs possession warning,True,
Person search,2016-06-15T01:30:00+00:00,,,51.668883,-3.943749,Male,18-24,White - White British (W1),White,Police and Criminal Evidence Act 1984 (section 1),Articles for use in criminal damage,,False,
Person search,2016-06-15T01:30:00+00:00,,,51.668883,-3.943749,Male,10-17,White - White British (W1),White,Police and Criminal Evidence Act 1984 (section 1),Articles for use in criminal damage,,False,
Person search,2016-06-15T01:30:00+00:00,,,51.668883,-3.943749,Male,10-17,White - White British (W1),White,Police and Criminal Evidence Act 1984 (section 1),Articles for use in criminal damage,,False,
Person search,2016-06-15T13:21:00+00:00,,,51.622949,-3.944862,Female,25-34,White - White British (W1),White,Misuse of Drugs Act 1971 (section 23),Controlled drugs,Nothing found - no further action,False,
Person search,2016-06-15T20:23:00+00:00,,,51.707617,-3.436724,Female,over 34,White - White British (W1),White,Police and Criminal Evidence Act 1984 (section 1),Stolen goods,Nothing found - no further action,False,
Person search,2016-06-15T20:28:00+00:00,,,51.707617,-3.436724,Female,25-34,White - White British (W1),White,Police and Criminal Evidence Act 1984 (section 1),Stolen goods,Nothing found - no further action,False,
Person search,2016-06-15T20:37:00+00:00,,,51.707617,-3.436724,Female,25-34,White - White British (W1),White,Police and Criminal Evidence Act 1984 (section 1),Stolen goods,Nothing found - no further action,False,
Person search,2016-06-15T21:06:00+00:00,,,51.668883,-3.943749,Male,18-24,White - White British (W1),White,Police and Criminal Evidence Act 1984 (section 1),Articles for use in criminal damage,Nothing found - no further action,False,
Person and Vehicle search,2016-06-15T21:39:00+00:00,,,51.709777,-4.002793,Male,over 34,White - White British (W1),White,Misuse of Drugs Act 1971 (section 23),Controlled drugs,Nothing found - no further action,False,
Person search,2016-06-15T21:40:00+00:00,,,,,,,,,,,,,
Person search,2016-06-15T21:56:00+00:00,,,51.641846,-3.821896,Male,25-34,White - White British (W1),White,Misuse of Drugs Act 1971 (section 23),Controlled drugs,Nothing found - no further action,False,
Person and Vehicle search,2016-06-15T22:31:00+00:00,,,,,Male,25-34,White - White British (W1),White,Misuse of Drugs Act 1971 (section 23),Controlled drugs,Offender given penalty notice,True,
Person search,2016-06-15T22:56:00+00:00,,,51.668883,-3.943749,Male,10-17,White - White British (W1),White,Police and Criminal Evidence Act 1984 (section 1),Articles for use in criminal damage,,False,
Person search,2016-06-15T23:18:00+00:00,,,51.481073,-3.161733,Male,18-24,White - White British (W1),White,Police and Criminal Evidence Act 1984 (section 1),Stolen goods,Nothing found - no further action,False,
Person search,2016-06-16T01:45:00+00:00,,,51.653248,-3.811453,Male,over 34,White - White British (W1),White,Police and Criminal Evidence Act 1984 (section 1),Stolen goods,Nothing found - no further action,False,
Person and Vehicle search,2016-06-16T02:19:00+00:00,,,51.725989,-3.457737,Male,18-24,White - White British (W1),White,Misuse of Drugs Act 1971 (section 23),Controlled drugs,Nothing found - no further action,False,
Person search,2016-06-16T02:26:00+00:00,,,,,,,,,,,,,
Person search,2016-06-16T02:26:00+00:00,,,,,Male,over 34,Black or Black British - African (B2),Black,Police and Criminal Evidence Act 1984 (section 1),Offensive weapons,Nothing found - no further action,False,
Person search,2016-06-16T02:30:00+00:00,,,51.480913,-3.181286,Male,25-34,White - Any other White ethnic background (W9),White,Firearms Act 1968 (section 47),Firearms,Nothing found - no further action,False,
Person search,2016-06-16T03:24:00+00:00,,,51.631395,-3.658909,Male,25-34,White - White British (W1),White,Police and Criminal Evidence Act 1984 (section 1),Stolen goods,Suspect summonsed to court,False,
Person search,2016-06-16T06:32:00+00:00,,,51.390745,-3.276968,Male,10-17,Asian or Asian British - Any other Asian ethnic background (A9),Asian,Misuse of Drugs Act 1971 (section 23),Controlled drugs,Nothing found - no further action,False,
Person search,2016-06-16T12:39:00+00:00,,,51.481068,-3.182845,Male,over 34,White - White British (W1),White,Misuse of Drugs Act 1971 (section 23),Controlled drugs,,False,
Person search,2016-06-16T12:45:00+00:00,,,51.486225,-3.190381,Male,10-17,White - White British (W1),White,,,,False,
Person search,2016-06-16T13:26:00+00:00,,,51.483970,-3.184936,Male,18-24,White - White British (W1),White,Misuse of Drugs Act 1971 (section 23),Controlled drugs,,False,
Person search,2016-06-16T13:28:00+00:00,,,51.480913,-3.181286,Male,10-17,White - White British (W1),White,Misuse of Drugs Act 1971 (section 23),Controlled drugs,,False,
Person search,2016-06-16T14:36:00+00:00,,,51.477741,-3.177560,Male,18-24,Mixed - White and Black Caribbean (M1),White,Misuse of Drugs Act 1971 (section 23),Controlled drugs,Offender given drugs possession warning,True,
Person search,2016-06-16T14:48:00+00:00,,,51.622109,-3.921639,Male,over 34,White - White British (W1),White,Police and Criminal Evidence Act 1984 (section 1),Offensive weapons,Suspect arrested,True,
Person search,2016-06-16T15:59:00+00:00,,,51.486225,-3.190381,Male,10-17,White - White British (W1),White,,,,False,
Person search,2016-06-16T16:58:00+00:00,,,51.486799,-3.154577,Male,25-34,White - White British (W1),White,Misuse of Drugs Act 1971 (section 23),Controlled drugs,Nothing found - no further action,False,
Person search,2016-06-16T17:47:00+00:00,,,51.414490,-3.256476,Male,10-17,White - White British (W1),White,Misuse of Drugs Act 1971 (section 23),Controlled drugs,Nothing found - no further action,False,
Person search,2016-06-16T17:49:00+00:00,,,,,Female,18-24,White - White British (W1),White,Misuse of Drugs Act 1971 (section 23),Controlled drugs,Offender given drugs possession warning,True,
Person search,2016-06-16T21:06:00+00:00,,,51.403154,-3.273633,Male,25-34,White - White British (W1),White,Police and Criminal Evidence Act 1984 (section 1),Article for use in theft,Nothing found - no further action,False,
Person search,2016-06-16T21:44:00+00:00,,,51.634819,-3.744623,Male,over 34,White - White British (W1),White,Police and Criminal Evidence Act 1984 (section 1),Offensive weapons,Nothing found - no further action,False,
Person and Vehicle search,2016-06-16T21:53:00+00:00,,,51.712918,-3.441467,Male,18-24,White - White British (W1),White,Misuse of Drugs Act 1971 (section 23),Controlled drugs,Nothing found - no further action,False,
Person search,2016-06-16T21:59:00+00:00,,,51.604780,-3.542760,Male,18-24,White - White British (W1),White,Police and Criminal Evidence Act 1984 (section 1),Stolen goods,Suspect arrested,False,
Person search,2016-06-16T22:01:00+00:00,,,51.598937,-3.341376,Female,18-24,White - White British (W1),White,Police and Criminal Evidence Act 1984 (section 1),Stolen goods,Nothing found - no further action,False,
Person search,2016-06-16T22:04:00+00:00,,,51.598937,-3.341376,Female,18-24,White - White British (W1),White,Police and Criminal Evidence Act 1984 (section 1),Stolen goods,Nothing found - no further action,False,
Person search,2016-06-16T22:06:00+00:00,,,51.598937,-3.341376,Male,10-17,White - White British (W1),White,Police and Criminal Evidence Act 1984 (section 1),Stolen goods,Nothing found - no further action,False,
Person search,2016-06-16T22:08:00+00:00,,,51.598937,-3.341376,Male,18-24,White - White British (W1),White,Police and Criminal Evidence Act 1984 (section 1),Stolen goods,Nothing found - no further action,False,
Person search,2016-06-16T22:09:00+00:00,,,51.598937,-3.341376,Female,10-17,White - White British (W1),White,Police and Criminal Evidence Act 1984 (section 1),Stolen goods,Nothing found - no further action,False,
Person search,2016-06-16T22:11:00+00:00,,,51.598937,-3.341376,Male,18-24,White - White British (W1),White,Police and Criminal Evidence Act 1984 (section 1),Stolen goods,Nothing found - no further action,False,
Person search,2016-06-17T05:18:00+00:00,,,51.664423,-3.951323,Female,18-24,White - White British (W1),White,Misuse of Drugs Act 1971 (section 23),Controlled drugs,Nothing found - no further action,False,
Person search,2016-06-17T05:19:00+00:00,,,51.487975,-3.162082,Male,25-34,White - Any other White ethnic background (W9),White,Police and Criminal Evidence Act 1984 (section 1),Article for use in theft,Nothing found - no further action,False,
Person search,2016-06-17T06:36:00+00:00,,,51.618863,-3.947793,Female,10-17,White - White British (W1),White,Police and Criminal Evidence Act 1984 (section 1),Stolen goods,,False,
Person search,2016-06-17T07:29:00+00:00,,,51.591053,-3.812327,Male,18-24,White - White British (W1),White,Police and Criminal Evidence Act 1984 (section 1),Controlled drugs,,False,
Person search,2016-06-17T10:22:00+00:00,,,51.619410,-3.951688,Male,over 34,White - White British (W1),White,Misuse of Drugs Act 1971 (section 23),Controlled drugs,,False,
Person search,2016-06-17T10:52:00+00:00,,,51.612856,-3.964478,Male,18-24,White - White British (W1),White,Misuse of Drugs Act 1971 (section 23),Controlled drugs,Suspect arrested,True,
Person search,2016-06-17T11:04:00+00:00,,,51.619745,-3.940116,Male,18-24,White - White British (W1),White,Misuse of Drugs Act 1971 (section 23),Controlled drugs,Suspect arrested,True,
Person search,2016-06-17T11:13:00+00:00,,,51.488431,-3.225914,Female,25-34,White - White British (W1),White,Police and Criminal Evidence Act 1984 (section 1),Stolen goods,Nothing found - no further action,False,
Person search,2016-06-17T13:45:00+00:00,,,51.596487,-3.785731,Male,over 34,White - White British (W1),White,Misuse of Drugs Act 1971 (section 23),Controlled drugs,,False,
Person search,2016-06-17T15:20:00+00:00,,,51.508181,-3.545921,Male,25-34,White - White British (W1),White,Misuse of Drugs Act 1971 (section 23),Controlled drugs,Nothing found - no further action,False,
Person search,2016-06-17T16:16:00+00:00,,,51.420424,-3.271524,Male,25-34,White - White British (W1),White,Police and Criminal Evidence Act 1984 (section 1),Article for use in theft,Suspect arrested,False,
Person search,2016-06-17T16:30:00+00:00,,,51.586179,-3.772884,Female,over 34,White - White British (W1),White,Police and Criminal Evidence Act 1984 (section 1),Stolen goods,Nothing found - no further action,False,
Person search,2016-06-17T16:48:00+00:00,,,51.654005,-3.809012,Male,10-17,White - White British (W1),White,Police and Criminal Evidence Act 1984 (section 1),Article for use in theft,Nothing found - no further action,False,
Person search,2016-06-17T19:24:00+00:00,,,,,Male,18-24,White - White British (W1),Black,Misuse of Drugs Act 1971 (section 23),Controlled drugs,Offender given drugs possession warning,True,
Person search,2016-06-17T19:31:00+00:00,,,,,Male,18-24,Asian or Asian British - Any other Asian ethnic background (A9),Asian,Misuse of Drugs Act 1971 (section 23),Controlled drugs,Nothing found - no further action,False,
Person search,2016-06-17T19:40:00+00:00,,,,,Male,18-24,White - White British (W1),White,Misuse of Drugs Act 1971 (section 23),Controlled drugs,Nothing found - no further action,False,
Person and Vehicle search,2016-06-17T20:36:00+00:00,,,51.598937,-3.341376,Male,18-24,White - White British (W1),White,Misuse of Drugs Act 1971 (section 23),Controlled drugs,Nothing found - no further action,False,
Person search,2016-06-17T21:22:00+00:00,,,51.483427,-3.235731,Male,18-24,White - White British (W1),White,Police and Criminal Evidence Act 1984 (section 1),Stolen goods,Nothing found - no further action,False,
Person search,2016-06-17T22:18:00+00:00,,,,,Male,10-17,White - White British (W1),White,Police and Criminal Evidence Act 1984 (section 1),Articles for use in criminal damage,,False,
Person search,2016-06-18T01:39:00+00:00,,,51.598937,-3.341376,Male,18-24,White - White British (W1),White,Misuse of Drugs Act 1971 (section 23),Controlled drugs,Nothing found - no further action,False,
Person search,2016-06-18T01:43:00+00:00,,,51.586179,-3.772884,Male,over 34,White - White British (W1),White,Police and Criminal Evidence Act 1984 (section 1),Stolen goods,Nothing found - no further action,False,
Person search,2016-06-18T01:53:00+00:00,,,,,,,,,,,,,
Person search,2016-06-18T02:29:00+00:00,,,51.586179,-3.772884,Male,10-17,White - White British (W1),White,Misuse of Drugs Act 1971 (section 23),Controlled drugs,Nothing found - no further action,False,
Person search,2016-06-18T07:15:00+00:00,,,51.430315,-3.188424,Male,18-24,White - White British (W1),White,Misuse of Drugs Act 1971 (section 23),,Offender given drugs possession warning,,
Person search,2016-06-18T11:22:00+00:00,,,51.478742,-3.177284,Male,over 34,White - White British (W1),White,Police and Criminal Evidence Act 1984 (section 1),Article for use in theft,Nothing found - no further action,False,
Person search,2016-06-18T13:43:00+00:00,,,51.582890,-3.313264,Female,25-34,White - White British (W1),White,Misuse of Drugs Act 1971 (section 23),Controlled drugs,Nothing found - no further action,False,
Person and Vehicle search,2016-06-18T18:51:00+00:00,,,51.584991,-3.431135,Male,10-17,White - White British (W1),White,Misuse of Drugs Act 1971 (section 23),Controlled drugs,Nothing found - no further action,False,
Person search,2016-06-18T19:27:00+00:00,,,51.477069,-3.176377,Male,25-34,White - Any other White ethnic background (W9),White,Misuse of Drugs Act 1971 (section 23),Controlled drugs,Nothing found - no further action,False,
Person search,2016-06-18T19:56:00+00:00,,,51.591828,-3.780496,Male,over 34,White - White British (W1),White,Misuse of Drugs Act 1971 (section 23),Controlled drugs,Nothing found - no further action,False,
Person search,2016-06-18T20:57:00+00:00,,,51.526048,-3.116606,Male,18-24,White - White British (W1),White,Misuse of Drugs Act 1971 (section 23),Controlled drugs,Offender given drugs possession warning,True,
Person search,2016-06-18T21:22:00+00:00,,,51.598937,-3.341376,Male,18-24,White - White British (W1),White,Misuse of Drugs Act 1971 (section 23),Controlled drugs,Nothing found - no further action,False,
Person search,2016-06-18T22:27:00+00:00,,,51.518691,-3.586432,Female,over 34,White - White British (W1),White,Misuse of Drugs Act 1971 (section 23),Controlled drugs,Suspect arrested,False,
Person search,2016-06-19T00:51:00+00:00,,,51.626375,-3.944315,Female,over 34,White - White British (W1),White,Misuse of Drugs Act 1971 (section 23),Controlled drugs,Nothing found - no further action,False,
Person search,2016-06-19T01:16:00+00:00,,,51.598937,-3.341376,Male,18-24,White - White British (W1),White,Police and Criminal Evidence Act 1984 (section 1),Offensive weapons,Nothing found - no further action,False,
Person search,2016-06-19T01:19:00+00:00,,,51.598937,-3.341376,Male,18-24,White - White British (W1),White,Police and Criminal Evidence Act 1984 (section 1),Offensive weapons,Nothing found - no further action,False,
Person search,2016-06-19T01:20:00+00:00,,,51.598937,-3.341376,Male,18-24,White - White British (W1),White,Police and Criminal Evidence Act 1984 (section 1),Offensive weapons,Nothing found - no further action,False,
Person search,2016-06-19T01:56:00+00:00,,,51.715550,-4.038849,Male,10-17,White - White British (W1),White,Misuse of Drugs Act 1971 (section 23),Controlled drugs,Nothing found - no further action,False,
Person search,2016-06-19T02:34:00+00:00,,,,,Male,25-34,,,,,,,
Person search,2016-06-19T03:33:00+00:00,,,51.649420,-3.789560,Male,over 34,White - White British (W1),White,Misuse of Drugs Act 1971 (section 23),Controlled drugs,Nothing found - no further action,False,
Person search,2016-06-19T03:38:00+00:00,,,51.415971,-3.249097,Male,18-24,White - White British (W1),White,Police and Criminal Evidence Act 1984 (section 1),Offensive weapons,Nothing found - no further action,False,
Person search,2016-06-19T05:09:00+00:00,,,51.713231,-3.443040,Male,18-24,White - White British (W1),White,Misuse of Drugs Act 1971 (section 23),Controlled drugs,Suspect arrested,True,
Person search,2016-06-19T05:19:00+00:00,,,51.657472,-3.805781,Male,over 34,White - White British (W1),White,Police and Criminal Evidence Act 1984 (section 1),Article for use in theft,Suspect arrested,True,
Person search,2016-06-19T05:29:00+00:00,,,51.415971,-3.249097,Male,10-17,White - White British (W1),White,Misuse of Drugs Act 1971 (section 23),Controlled drugs,Nothing found - no further action,False,
Person search,2016-06-20T00:36:00+00:00,,,51.712806,-3.444734,Male,18-24,White - White British (W1),White,Misuse of Drugs Act 1971 (section 23),Controlled drugs,Suspect arrested,True,
Person search,2016-06-20T04:30:00+00:00,,,51.484529,-3.208512,Male,25-34,White - White British (W1),White,Police and Criminal Evidence Act 1984 (section 1),Article for use in theft,Suspect arrested,False,
Person search,2016-06-20T21:56:00+00:00,,,51.661295,-3.917383,Male,10-17,White - White Irish (W2),White,Police and Criminal Evidence Act 1984 (section 1),Offensive weapons,,False,
Person search,2016-06-20T21:59:00+00:00,,,51.666641,-3.922092,Male,10-17,White - White British (W1),White,Police and Criminal Evidence Act 1984 (section 1),Offensive weapons,Nothing found - no further action,False,
Person search,2016-06-20T22:11:00+00:00,,,51.666641,-3.922092,Male,10-17,White - White British (W1),White,Police and Criminal Evidence Act 1984 (section 1),Offensive weapons,Nothing found - no further action,False,
Person search,2016-06-20T23:11:00+00:00,,,,,Male,over 34,White - White British (W1),White,Police and Criminal Evidence Act 1984 (section 1),Controlled drugs,Nothing found - no further action,False,
Person search,2016-06-21T00:05:00+00:00,,,51.651139,-3.932408,Male,18-24,White - White British (W1),White,Police and Criminal Evidence Act 1984 (section 1),Article for use in theft,Nothing found - no further action,False,
Person search,2016-06-21T05:30:00+00:00,,,51.617548,-3.949513,Male,18-24,White - White British (W1),White,Police and Criminal Evidence Act 1984 (section 1),Stolen goods,Nothing found - no further action,False,
Person search,2016-06-21T05:34:00+00:00,,,51.617548,-3.949513,Female,18-24,White - White British (W1),White,Police and Criminal Evidence Act 1984 (section 1),Stolen goods,Nothing found - no further action,False,
Person search,2016-06-21T10:58:00+00:00,,,51.600597,-3.336112,Male,18-24,,White,Police and Criminal Evidence Act 1984 (section 1),Firearms,,False,
Person search,2016-06-21T19:22:00+00:00,,,51.498161,-3.190087,Male,10-17,White - White British (W1),White,Police and Criminal Evidence Act 1984 (section 1),Articles for use in criminal damage,,False,
Person search,2016-06-21T19:27:00+00:00,,,51.498161,-3.190087,Male,10-17,Asian or Asian British - Any other Asian ethnic background (A9),Asian,Police and Criminal Evidence Act 1984 (section 1),Articles for use in criminal damage,,False,
Person search,2016-06-21T19:31:00+00:00,,,51.497118,-3.192711,Male,10-17,Asian or Asian British - Any other Asian ethnic background (A9),Asian,Misuse of Drugs Act 1971 (section 23),Controlled drugs,,False,
Person search,2016-06-21T19:50:00+00:00,,,51.500891,-3.186816,Female,10-17,,,,,,,
Person search,2016-06-21T21:12:00+00:00,,,,,Male,18-24,White - White British (W1),White,Misuse of Drugs Act 1971 (section 23),Controlled drugs,,False,
Person search,2016-06-21T21:19:00+00:00,,,51.599928,-3.816391,Male,over 34,White - White British (W1),White,Police and Criminal Evidence Act 1984 (section 1),Stolen goods,,False,
Person search,2016-06-22T00:19:00+00:00,,,51.597951,-3.789384,Male,over 34,White - White British (W1),White,Police and Criminal Evidence Act 1984 (section 1),Stolen goods,Nothing found - no further action,False,
Person search,2016-06-22T00:57:00+00:00,,,,,Male,18-24,White - White British (W1),White,Misuse of Drugs Act 1971 (section 23),Controlled drugs,,False,
Person and Vehicle search,2016-06-22T03:29:00+00:00,,,51.657268,-3.838592,Male,18-24,White - White British (W1),White,Police and Criminal Evidence Act 1984 (section 1),Controlled drugs,Nothing found - no further action,False,
Person search,2016-06-22T07:59:00+00:00,,,51.529784,-3.166894,Male,over 34,White - White British (W1),White,Police and Criminal Evidence Act 1984 (section 1),Article for use in theft,Nothing found - no further action,False,
Person search,2016-06-22T08:53:00+00:00,,,51.709300,-3.441742,Male,over 34,White - White British (W1),White,Misuse of Drugs Act 1971 (section 23),Controlled drugs,Nothing found - no further action,False,
Person search,2016-06-22T17:36:00+00:00,,,51.419571,-3.268955,Female,over 34,White - White British (W1),White,Misuse of Drugs Act 1971 (section 23),Controlled drugs,Suspect arrested,True,
Person search,2016-06-22T20:53:00+00:00,,,51.488682,-3.165124,Male,over 34,Black or Black British - African (B2),Black,Misuse of Drugs Act 1971 (section 23),Controlled drugs,,False,
Person and Vehicle search,2016-06-22T21:54:00+00:00,,,51.599883,-3.341982,Male,25-34,White - White British (W1),White,Misuse of Drugs Act 1971 (section 23),Controlled drugs,Nothing found - no further action,False,
Person search,2016-06-22T22:03:00+00:00,,,51.599424,-3.343614,Male,25-34,White - White British (W1),White,Police and Criminal Evidence Act 1984 (section 1),Article for use in theft,Nothing found - no further action,False,
Person search,2016-06-22T22:41:00+00:00,,,51.746464,-3.360199,Female,18-24,White - White British (W1),White,Misuse of Drugs Act 1971 (section 23),Controlled drugs,Nothing found - no further action,False,
Person search,2016-06-22T22:46:00+00:00,,,51.746464,-3.360199,Female,18-24,White - White British (W1),White,Misuse of Drugs Act 1971 (section 23),Controlled drugs,Nothing found - no further action,False,
Person search,2016-06-23T04:05:00+00:00,,,51.741651,-3.377435,Male,over 34,White - White British (W1),White,Police and Criminal Evidence Act 1984 (section 1),Controlled drugs,Nothing found - no further action,False,
Person search,2016-06-23T04:21:00+00:00,,,51.619817,-3.940654,Male,25-34,White - White British (W1),White,Police and Criminal Evidence Act 1984 (section 1),Offensive weapons,Suspect arrested,True,
Person search,2016-06-23T05:04:00+00:00,,,51.599928,-3.816391,Male,18-24,White - White British (W1),White,Police and Criminal Evidence Act 1984 (section 1),Article for use in theft,Nothing found - no further action,False,
Person search,2016-06-23T05:11:00+00:00,,,51.599928,-3.816391,Male,18-24,White - White British (W1),White,Police and Criminal Evidence Act 1984 (section 1),Article for use in theft,Nothing found - no further action,False,
Person search,2016-06-23T05:20:00+00:00,,,51.478594,-3.178576,Male,over 34,White - White British (W1),White,Misuse of Drugs Act 1971 (section 23),Controlled drugs,Nothing found - no further action,False,
Person search,2016-06-23T05:21:00+00:00,,,51.479883,-3.180870,Male,25-34,White - White British (W1),White,Misuse of Drugs Act 1971 (section 23),Controlled drugs,Nothing found - no further action,False,
Person search,2016-06-23T10:58:00+00:00,,,,,Male,25-34,,,,,,,
Person search,2016-06-23T12:16:00+00:00,,,51.661227,-3.800176,Male,18-24,White - White British (W1),White,Police and Criminal Evidence Act 1984 (section 1),,,False,
Person search,2016-06-23T14:08:00+00:00,,,51.712806,-3.444734,Male,over 34,White - White British (W1),White,Police and Criminal Evidence Act 1984 (section 1),Stolen goods,Suspect arrested,True,
Person search,2016-06-23T15:54:00+00:00,,,51.621718,-3.943697,Male,25-34,White - White British (W1),White,Misuse of Drugs Act 1971 (section 23),Controlled drugs,Nothing found - no further action,False,
Person search,2016-06-23T21:47:00+00:00,,,51.627888,-3.334515,Male,18-24,White - White British (W1),White,Misuse of Drugs Act 1971 (section 23),Controlled drugs,Offender given drugs possession warning,True,
Person and Vehicle search,2016-06-23T21:55:00+00:00,,,51.627888,-3.334515,Male,18-24,White - White British (W1),White,Misuse of Drugs Act 1971 (section 23),Controlled drugs,,False,
Person search,2016-06-23T21:59:00+00:00,,,51.627888,-3.334515,Female,25-34,White - White British (W1),White,Misuse of Drugs Act 1971 (section 23),Controlled drugs,Nothing found - no further action,False,
Person search,2016-06-23T22:24:00+00:00,,,51.479605,-3.177277,Male,18-24,White - White British (W1),White,Police and Criminal Evidence Act 1984 (section 1),,Nothing found - no further action,False,
Person search,2016-06-24T00:10:00+00:00,,,51.517544,-3.316615,Male,18-24,White - White British (W1),White,Police and Criminal Evidence Act 1984 (section 1),Article for use in theft,Nothing found - no further action,False,
Person search,2016-06-24T00:10:00+00:00,,,51.685290,-3.452132,Male,18-24,White - White British (W1),White,Misuse of Drugs Act 1971 (section 23),Controlled drugs,,False,
Person search,2016-06-24T00:16:00+00:00,,,,,Male,18-24,Mixed - White and Black Caribbean (M1),White,Police and Criminal Evidence Act 1984 (section 1),Article for use in theft,Nothing found - no further action,False,
Person and Vehicle search,2016-06-24T08:15:00+00:00,,,51.600102,-3.995060,Male,18-24,White - White British (W1),White,Misuse of Drugs Act 1971 (section 23),Controlled drugs,Suspect arrested,True,
Person search,2016-06-24T15:22:00+00:00,,,51.439545,-3.177311,Male,18-24,White - White British (W1),White,Police and Criminal Evidence Act 1984 (section 1),Article for use in theft,Nothing found - no further action,False,
Person search,2016-06-24T15:24:00+00:00,,,51.649855,-3.987790,Male,over 34,White - White British (W1),White,Misuse of Drugs Act 1971 (section 23),Controlled drugs,Nothing found - no further action,False,
Person and Vehicle search,2016-06-24T16:33:00+00:00,,,51.492925,-3.173371,Male,25-34,Black or Black British - Caribbean (B1),Black,Misuse of Drugs Act 1971 (section 23),Controlled drugs,Nothing found - no further action,False,
Person search,2016-06-24T17:45:00+00:00,,,,,Male,18-24,White - White British (W1),White,Police and Criminal Evidence Act 1984 (section 1),,Nothing found - no further action,False,
Person search,2016-06-24T18:58:00+00:00,,,51.505328,-3.578461,Male,over 34,White - White British (W1),White,Misuse of Drugs Act 1971 (section 23),Controlled drugs,Nothing found - no further action,False,
Person search,2016-06-24T20:49:00+00:00,,,51.444137,-3.187488,Male,18-24,White - White British (W1),White,Police and Criminal Evidence Act 1984 (section 1),Offensive weapons,Suspect arrested,True,
Person and Vehicle search,2016-06-24T22:22:00+00:00,,,51.522861,-3.692122,Male,18-24,White - White British (W1),White,Misuse of Drugs Act 1971 (section 23),Controlled drugs,Nothing found - no further action,False,
Person search,2016-06-25T06:25:00+00:00,,,51.477810,-3.201696,Female,18-24,,,,,,,
Person and Vehicle search,2016-06-25T07:37:00+00:00,,,51.668631,-4.039156,Male,25-34,White - White British (W1),White,Misuse of Drugs Act 1971 (section 23),Controlled drugs,Nothing found - no further action,False,
Person search,2016-06-25T07:58:00+00:00,,,51.610638,-3.329301,Male,25-34,White - White British (W1),White,Police and Criminal Evidence Act 1984 (section 1),Stolen goods,Nothing found - no further action,False,
Person search,2016-06-25T08:04:00+00:00,,,51.604940,-3.340138,Female,over 34,White - White British (W1),White,Misuse of Drugs Act 1971 (section 23),Controlled drugs,Suspect arrested,True,
Person search,2016-06-25T13:25:00+00:00,,,51.477810,-3.201696,Female,18-24,White - White British (W1),White,Misuse of Drugs Act 1971 (section 23),Controlled drugs,Nothing found - no further action,False,
Person search,2016-06-25T17:03:00+00:00,,,51.497672,-3.568674,Male,18-24,White - White British (W1),White,Police and Criminal Evidence Act 1984 (section 1),Stolen goods,,,
Person search,2016-06-25T17:21:00+00:00,,,51.714150,-3.450249,Male,25-34,White - White British (W1),White,Firearms Act 1968 (section 47),Firearms,Nothing found - no further action,False,
Person search,2016-06-25T18:24:00+00:00,,,51.508994,-3.096188,Male,over 34,White - White British (W1),White,Firearms Act 1968 (section 47),Firearms,Suspect summonsed to court,False,
Person search,2016-06-25T19:26:00+00:00,,,51.481709,-3.246817,Male,25-34,White - White British (W1),White,Police and Criminal Evidence Act 1984 (section 1),Article for use in theft,Nothing found - no further action,False,
Person search,2016-06-25T19:28:00+00:00,,,,,,,,,,,,,
Person search,2016-06-25T19:29:00+00:00,,,51.483366,-3.240727,Male,25-34,White - White British (W1),White,Police and Criminal Evidence Act 1984 (section 1),Article for use in theft,Nothing found - no further action,False,
Person search,2016-06-25T19:30:00+00:00,,,51.468809,-3.189381,Male,25-34,White - White British (W1),White,Police and Criminal Evidence Act 1984 (section 1),Offensive weapons,Nothing found - no further action,False,
Person search,2016-06-25T19:40:00+00:00,,,51.483801,-3.242928,Male,25-34,White - White British (W1),White,Police and Criminal Evidence Act 1984 (section 1),Article for use in theft,Nothing found - no further action,False,
Person and Vehicle search,2016-06-25T20:32:00+00:00,,,,,Male,25-34,White - White British (W1),White,Police and Criminal Evidence Act 1984 (section 1),,Nothing found - no further action,False,
Person search,2016-06-25T20:58:00+00:00,,,51.475597,-3.172538,Male,18-24,Black or Black British - Any other Black ethnic background (B9),Black,Police and Criminal Evidence Act 1984 (section 1),Offensive weapons,Nothing found - no further action,False,
Person search,2016-06-25T20:59:00+00:00,,,51.481250,-3.155589,Male,18-24,Asian or Asian British - Any other Asian ethnic background (A9),Asian,Police and Criminal Evidence Act 1984 (section 1),Offensive weapons,Nothing found - no further action,False,
Person search,2016-06-25T21:43:00+00:00,,,,,Male,18-24,Black or Black British - African (B2),Black,Police and Criminal Evidence Act 1984 (section 1),Offensive weapons,Nothing found - no further action,False,
Person search,2016-06-25T22:26:00+00:00,,,,,Male,10-17,White - White British (W1),White,Misuse of Drugs Act 1971 (section 23),Controlled drugs,,False,
Person search,2016-06-25T22:26:00+00:00,,,,,Male,10-17,White - White British (W1),White,Misuse of Drugs Act 1971 (section 23),Controlled drugs,,False,
Person search,2016-06-25T22:26:00+00:00,,,,,Male,10-17,White - White British (W1),White,Misuse of Drugs Act 1971 (section 23),Controlled drugs,,False,
Person search,2016-06-25T22:26:00+00:00,,,,,Male,10-17,White - White British (W1),White,Misuse of Drugs Act 1971 (section 23),Controlled drugs,,False,
Person search,2016-06-25T22:36:00+00:00,,,,,,,,,,,,,
Person search,2016-06-25T23:52:00+00:00,,,51.599883,-3.341982,Male,over 34,White - White British (W1),White,Misuse of Drugs Act 1971 (section 23),Controlled drugs,Nothing found - no further action,False,
Person search,2016-06-26T00:01:00+00:00,,,51.599883,-3.341982,Male,25-34,White - White British (W1),White,Misuse of Drugs Act 1971 (section 23),Controlled drugs,Nothing found - no further action,False,
Person search,2016-06-26T00:01:00+00:00,,,51.599883,-3.341982,Male,25-34,White - White British (W1),White,Misuse of Drugs Act 1971 (section 23),Controlled drugs,Nothing found - no further action,False,
Person search,2016-06-26T01:11:00+00:00,,,51.477069,-3.176377,Male,18-24,Chinese or other ethnic group - Any other ethnic group (O9),Asian,Misuse of Drugs Act 1971 (section 23),Controlled drugs,Offender given drugs possession warning,True,
Person search,2016-06-26T04:45:00+00:00,,,51.741056,-3.367496,Female,25-34,White - White British (W1),White,Police and Criminal Evidence Act 1984 (section 1),Stolen goods,Nothing found - no further action,False,
Person and Vehicle search,2016-06-26T05:39:00+00:00,,,51.644610,-3.464476,Male,18-24,White - White British (W1),White,Misuse of Drugs Act 1971 (section 23),Controlled drugs,Nothing found - no further action,False,
Person search,2016-06-26T06:45:00+00:00,,,51.599883,-3.341982,Male,25-34,White - White British (W1),White,Misuse of Drugs Act 1971 (section 23),Controlled drugs,Suspect arrested,True,
Person search,2016-06-26T07:55:00+00:00,,,51.761646,-3.991133,Male,18-24,Black or Black British - African (B2),Black,Misuse of Drugs Act 1971 (section 23),Controlled drugs,,False,
Person search,2016-06-26T13:21:00+00:00,,,51.498545,-3.138724,Male,25-34,,White,Police and Criminal Evidence Act 1984 (section 1),Stolen goods,Suspect arrested,True,
Person and Vehicle search,2016-06-26T14:47:00+00:00,,,,,Male,25-34,Not Stated (NS),,Misuse of Drugs Act 1971 (section 23),Controlled drugs,Nothing found - no further action,False,
Person search,2016-06-26T14:52:00+00:00,,,51.482397,-3.257334,Male,25-34,White - White British (W1),White,Misuse of Drugs Act 1971 (section 23),Controlled drugs,Nothing found - no further action,False,
Person and Vehicle search,2016-06-26T15:48:00+00:00,,,51.629119,-3.335332,Male,18-24,White - White British (W1),White,Misuse of Drugs Act 1971 (section 23),Controlled drugs,Nothing found - no further action,False,
Person search,2016-06-26T17:07:00+00:00,,,51.603070,-3.821383,Male,over 34,White - White British (W1),White,Police and Criminal Evidence Act 1984 (section 1),Article for use in theft,Nothing found - no further action,False,
Person and Vehicle search,2016-06-26T20:03:00+00:00,,,51.604940,-3.340138,Male,25-34,White - White British (W1),White,Misuse of Drugs Act 1971 (section 23),Controlled drugs,Suspect arrested,False,
Person search,2016-06-26T21:24:00+00:00,,,51.711702,-3.851525,Male,25-34,White - White British (W1),White,Police and Criminal Evidence Act 1984 (section 1),Article for use in theft,Nothing found - no further action,False,
Person search,2016-06-26T21:27:00+00:00,,,51.480516,-3.171598,Male,25-34,White - White British (W1),White,Police and Criminal Evidence Act 1984 (section 1),Article for use in theft,Nothing found - no further action,False,
Person search,2016-06-26T22:12:00+00:00,,,51.413633,-3.265066,Male,over 34,White - White British (W1),White,Police and Criminal Evidence Act 1984 (section 1),Stolen goods,Suspect arrested,False,
Person search,2016-06-26T22:15:00+00:00,,,51.605381,-3.339285,Male,18-24,White - White British (W1),White,Police and Criminal Evidence Act 1984 (section 1),Offensive weapons,Nothing found - no further action,False,
Person search,2016-06-27T01:03:00+00:00,,,51.503460,-3.190715,Male,25-34,White - White British (W1),White,Police and Criminal Evidence Act 1984 (section 1),Article for use in theft,Nothing found - no further action,False,
Person search,2016-06-27T01:46:00+00:00,,,51.544400,-3.584442,Male,18-24,White - White British (W1),White,Police and Criminal Evidence Act 1984 (section 1),Article for use in theft,Nothing found - no further action,False,
Person search,2016-06-27T01:55:00+00:00,,,51.653993,-3.982362,Female,10-17,White - White British (W1),White,Police and Criminal Evidence Act 1984 (section 1),Offensive weapons,Suspect arrested,False,
Person search,2016-06-27T02:10:00+00:00,,,51.703093,-3.422819,Male,over 34,White - White British (W1),White,Police and Criminal Evidence Act 1984 (section 1),Article for use in theft,Nothing found - no further action,False,
Person search,2016-06-27T03:15:00+00:00,,,51.681717,-3.376975,Male,over 34,White - White British (W1),White,Police and Criminal Evidence Act 1984 (section 1),Article for use in theft,Nothing found - no further action,False,
Person search,2016-06-27T05:04:00+00:00,,,51.703093,-3.422819,Male,25-34,White - White British (W1),White,Police and Criminal Evidence Act 1984 (section 1),Article for use in theft,Nothing found - no further action,False,
Person search,2016-06-27T10:22:00+00:00,,,51.588249,-3.808707,Male,18-24,White - White British (W1),White,Misuse of Drugs Act 1971 (section 23),Controlled drugs,Offender given drugs possession warning,True,
Person search,2016-06-27T12:28:00+00:00,,,51.618863,-3.947793,Male,over 34,White - White British (W1),White,Misuse of Drugs Act 1971 (section 23),Controlled drugs,Suspect arrested,True,
Person search,2016-06-27T14:32:00+00:00,,,51.657472,-3.805781,Female,25-34,White - White British (W1),White,,Stolen goods,Suspect arrested,True,
Person search,2016-06-27T16:03:00+00:00,,,51.604244,-3.825676,Male,18-24,White - White British (W1),White,Misuse of Drugs Act 1971 (section 23),Controlled drugs,Offender given drugs possession warning,True,
Person search,2016-06-27T16:13:00+00:00,,,51.604244,-3.825676,Female,25-34,White - White British (W1),White,Misuse of Drugs Act 1971 (section 23),Controlled drugs,Nothing found - no further action,False,
Person search,2016-06-27T17:46:00+00:00,,,51.603557,-3.421726,Male,18-24,White - White British (W1),White,Misuse of Drugs Act 1971 (section 23),Controlled drugs,Nothing found - no further action,False,
Person search,2016-06-27T18:11:00+00:00,,,51.497314,-3.186723,Male,10-17,White - White British (W1),White,Police and Criminal Evidence Act 1984 (section 1),Offensive weapons,,False,
Person search,2016-06-27T18:57:00+00:00,,,51.644545,-3.816599,Male,10-17,White - White British (W1),White,Police and Criminal Evidence Act 1984 (section 1),Articles for use in criminal damage,Nothing found - no further action,False,
Person search,2016-06-27T19:02:00+00:00,,,51.644545,-3.816599,Male,10-17,White - White British (W1),White,Police and Criminal Evidence Act 1984 (section 1),Articles for use in criminal damage,Nothing found - no further action,False,
Person search,2016-06-27T22:30:00+00:00,,,51.403154,-3.273633,Male,over 34,White - White British (W1),White,Misuse of Drugs Act 1971 (section 23),Controlled drugs,,False,
Person search,2016-06-28T03:17:00+00:00,,,51.713560,-3.447784,Male,25-34,White - White British (W1),White,Misuse of Drugs Act 1971 (section 23),Controlled drugs,,False,
Person and Vehicle search,2016-06-28T08:21:00+00:00,,,,,Male,25-34,White - White British (W1),White,Police and Criminal Evidence Act 1984 (section 1),,Nothing found - no further action,False,
Person search,2016-06-28T10:20:00+00:00,,,51.512099,-3.574487,Male,10-17,White - White British (W1),White,Police and Criminal Evidence Act 1984 (section 1),Offensive weapons,Nothing found - no further action,False,
Person search,2016-06-28T11:59:00+00:00,,,51.483915,-3.191200,Male,over 34,White - White British (W1),White,,Offensive weapons,Suspect arrested,False,
Person search,2016-06-28T12:05:00+00:00,,,51.631573,-3.963770,Male,over 34,White - White British (W1),White,Police and Criminal Evidence Act 1984 (section 1),,Suspect arrested,False,
Person search,2016-06-28T14:48:00+00:00,,,51.661654,-3.803374,Male,over 34,White - White British (W1),White,Misuse of Drugs Act 1971 (section 23),Controlled drugs,Nothing found - no further action,False,
Person search,2016-06-28T14:54:00+00:00,,,51.661654,-3.803374,Female,25-34,White - White British (W1),White,Misuse of Drugs Act 1971 (section 23),Controlled drugs,Nothing found - no further action,False,
Person search,2016-06-28T16:22:00+00:00,,,51.659926,-3.802886,Male,25-34,White - White British (W1),White,Police and Criminal Evidence Act 1984 (section 1),Stolen goods,Nothing found - no further action,False,
Person search,2016-06-28T16:44:00+00:00,,,51.488097,-3.208693,Male,18-24,Mixed - White and Black Caribbean (M1),White,Police and Criminal Evidence Act 1984 (section 1),Article for use in theft,Nothing found - no further action,False,
Person search,2016-06-28T20:09:00+00:00,,,51.506353,-3.225833,Male,10-17,White - White British (W1),White,Misuse of Drugs Act 1971 (section 23),Controlled drugs,,False,
Person search,2016-06-28T23:56:00+00:00,,,,,,,,,,,,,
Person search,2016-06-29T01:24:00+00:00,,,51.531740,-3.116586,Male,10-17,,,Police and Criminal Evidence Act 1984 (section 1),Article for use in theft,Nothing found - no further action,False,
Person search,2016-06-29T01:34:00+00:00,,,51.529621,-3.122806,Male,10-17,White - White British (W1),White,Police and Criminal Evidence Act 1984 (section 1),,Nothing found - no further action,False,
Person search,2016-06-29T01:55:00+00:00,,,51.529621,-3.122806,Male,10-17,White - White British (W1),White,Police and Criminal Evidence Act 1984 (section 1),Article for use in theft,Nothing found - no further action,False,
Person and Vehicle search,2016-06-29T02:36:00+00:00,,,51.622109,-3.921639,Male,over 34,White - White British (W1),White,Misuse of Drugs Act 1971 (section 23),Controlled drugs,Nothing found - no further action,False,
Person and Vehicle search,2016-06-29T02:47:00+00:00,,,51.499229,-3.577314,Male,18-24,White - White British (W1),White,,,,False,
Person search,2016-06-29T02:58:00+00:00,,,,,Male,18-24,White - White British (W1),White,Misuse of Drugs Act 1971 (section 23),Controlled drugs,Nothing found - no further action,False,
Person search,2016-06-29T03:36:00+00:00,,,51.520842,-3.171883,Male,18-24,White - White British (W1),White,Misuse of Drugs Act 1971 (section 23),Controlled drugs,Offender given penalty notice,True,
Person search,2016-06-29T03:42:00+00:00,,,51.538699,-3.591714,Male,18-24,White - White British (W1),White,Police and Criminal Evidence Act 1984 (section 1),Article for use in theft,Nothing found - no further action,False,
Person search,2016-06-29T07:04:00+00:00,,,51.745152,-3.380207,Male,25-34,White - White British (W1),White,Misuse of Drugs Act 1971 (section 23),Controlled drugs,,False,
Person search,2016-06-29T11:54:00+00:00,,,51.505603,-3.577447,Male,over 34,White - White British (W1),White,Misuse of Drugs Act 1971 (section 23),Controlled drugs,Nothing found - no further action,False,
Person search,2016-06-29T17:02:00+00:00,,,51.623409,-3.339324,Male,18-24,White - White British (W1),White,Police and Criminal Evidence Act 1984 (section 1),Stolen goods,Suspect arrested,True,
Person search,2016-06-29T21:38:00+00:00,,,51.473121,-3.173712,Female,over 34,White - White British (W1),White,Misuse of Drugs Act 1971 (section 23),Controlled drugs,Nothing found - no further action,False,
Person search,2016-06-29T23:18:00+00:00,,,51.756006,-3.378568,Male,25-34,White - White British (W1),White,Police and Criminal Evidence Act 1984 (section 1),Offensive weapons,Nothing found - no further action,False,
Person search,2016-06-29T23:24:00+00:00,,,51.520120,-3.172095,Male,25-34,Not Stated (NS),,Misuse of Drugs Act 1971 (section 23),Controlled drugs,Nothing found - no further action,False,
Person search,2016-06-29T23:26:00+00:00,,,51.518565,-3.164820,Male,18-24,Not Stated (NS),,Misuse of Drugs Act 1971 (section 23),Controlled drugs,Nothing found - no further action,False,
Person search,2016-06-30T02:46:00+00:00,,,51.504438,-3.092073,Male,18-24,Not Stated (NS),,Police and Criminal Evidence Act 1984 (section 1),Article for use in theft,Nothing found - no further action,False,
Person search,2016-06-30T03:02:00+00:00,,,51.485571,-3.227652,Male,over 34,White - White British (W1),White,Misuse of Drugs Act 1971 (section 23),Controlled drugs,Suspect arrested,True,
Person search,2016-06-30T03:15:00+00:00,,,51.630983,-3.820767,Male,18-24,White - White British (W1),White,Misuse of Drugs Act 1971 (section 23),Controlled drugs,Nothing found - no further action,False,
Person search,2016-06-30T05:23:00+00:00,,,51.679200,-3.926630,Male,18-24,White - White British (W1),White,Misuse of Drugs Act 1971 (section 23),Controlled drugs,Suspect arrested,True,
Person search,2016-06-30T11:26:00+00:00,,,51.509326,-3.580718,Male,10-17,White - White British (W1),White,Misuse of Drugs Act 1971 (section 23),Controlled drugs,Nothing found - no further action,False,
Person search,2016-06-30T11:30:00+00:00,,,51.509326,-3.580718,Male,18-24,White - White British (W1),White,Misuse of Drugs Act 1971 (section 23),Controlled drugs,Nothing found - no further action,False,
Person search,2016-06-30T11:32:00+00:00,,,51.509326,-3.580718,Male,10-17,White - White British (W1),White,Misuse of Drugs Act 1971 (section 23),Controlled drugs,Nothing found - no further action,False,
Person search,2016-06-30T11:35:00+00:00,,,51.509326,-3.580718,Male,18-24,White - White British (W1),White,Misuse of Drugs Act 1971 (section 23),Controlled drugs,Nothing found - no further action,False,
Person search,2016-06-30T13:39:00+00:00,,,51.484054,-3.172092,Male,18-24,Mixed - White and Black African (M2),White,Misuse of Drugs Act 1971 (section 23),Controlled drugs,,False,
Person search,2016-06-30T14:12:00+00:00,,,51.488700,-3.202530,Female,25-34,White - White British (W1),White,Misuse of Drugs Act 1971 (section 23),Controlled drugs,,False,
Person search,2016-06-30T19:57:00+00:00,,,51.483192,-3.171004,Male,18-24,Black or Black British - African (B2),Black,Misuse of Drugs Act 1971 (section 23),Controlled drugs,Nothing found - no further action,False,
Person search,2016-06-30T20:40:00+00:00,,,51.480314,-3.179139,Male,over 34,White - White British (W1),White,Police and Criminal Evidence Act 1984 (section 1),Offensive weapons,,False,
Person search,2016-06-30T21:46:00+00:00,,,,,Male,18-24,White - White British (W1),White,Police and Criminal Evidence Act 1984 (section 1),Stolen goods,Suspect arrested,False,
