Type,Date,Part of a policing operation,Policing operation,Latitude,Longitude,Gender,Age range,Self-defined ethnicity,Officer-defined ethnicity,Legislation,Object of search,Outcome,Outcome linked to object of search,Removal of more than just outer clothing
Person search,2017-03-31T23:41:00+00:00,,,51.591909,-3.325189,Male,25-34,White - White British (W1),White,Misuse of Drugs Act 1971 (section 23),Controlled drugs,Nothing found - no further action,False,
Person search,2017-04-01T00:22:00+00:00,,,51.619929,-3.942046,Male,10-17,Not Stated (NS),,,,,False,
Person search,2017-04-01T05:02:00+00:00,,,51.509326,-3.580718,Male,18-24,,,Misuse of Drugs Act 1971 (section 23),Controlled drugs,Nothing found - no further action,False,
Person search,2017-04-01T12:56:00+00:00,,,,,Male,25-34,White - White British (W1),White,Misuse of Drugs Act 1971 (section 23),Controlled drugs,Nothing found - no further action,False,
Person search,2017-04-01T14:14:00+00:00,,,51.482008,-3.258418,Male,18-24,White - White British (W1),White,Police and Criminal Evidence Act 1984 (section 1),Stolen goods,Nothing found - no further action,False,
Person search,2017-04-01T14:14:00+00:00,,,51.482008,-3.258418,Male,18-24,,,Police and Criminal Evidence Act 1984 (section 1),Stolen goods,Nothing found - no further action,False,
Person search,2017-04-01T17:15:00+00:00,,,51.521804,-3.148212,Male,10-17,White - White British (W1),White,Police and Criminal Evidence Act 1984 (section 1),,Nothing found - no further action,False,
Person search,2017-04-01T23:04:00+00:00,,,51.712290,-3.447164,Male,18-24,White - White British (W1),White,Misuse of Drugs Act 1971 (section 23),Controlled drugs,Nothing found - no further action,False,
Person search,2017-04-01T23:48:00+00:00,,,51.625686,-3.941381,Male,25-34,White - White British (W1),White,Misuse of Drugs Act 1971 (section 23),Controlled drugs,Nothing found - no further action,False,
Person search,2017-04-02T00:00:00+00:00,,,51.472366,-3.206449,Male,10-17,Not Stated (NS),White,Police and Criminal Evidence Act 1984 (section 1),Offensive weapons,Nothing found - no further action,False,
Person search,2017-04-02T00:04:00+00:00,,,51.472366,-3.206449,Male,18-24,Not Stated (NS),,Police and Criminal Evidence Act 1984 (section 1),Offensive weapons,Nothing found - no further action,False,
Person search,2017-04-02T00:36:00+00:00,,,51.472366,-3.206449,Male,10-17,White - White British (W1),,Police and Criminal Evidence Act 1984 (section 1),Offensive weapons,Nothing found - no further action,False,
Person search,2017-04-02T00:59:00+00:00,,,51.619745,-3.940116,Male,18-24,White - White British (W1),White,Misuse of Drugs Act 1971 (section 23),Controlled drugs,Suspect arrested,True,
Person and Vehicle search,2017-04-02T02:29:00+00:00,,,51.622564,-3.946377,Male,18-24,White - White British (W1),White,Misuse of Drugs Act 1971 (section 23),Controlled drugs,Suspect arrested,True,
Person search,2017-04-02T08:01:00+00:00,,,51.475854,-3.171104,Male,25-34,,,Misuse of Drugs Act 1971 (section 23),Controlled drugs,Nothing found - no further action,False,
Person search,2017-04-02T18:22:00+00:00,,,,,Male,18-24,,,Misuse of Drugs Act 1971 (section 23),Controlled drugs,Nothing found - no further action,False,
Person search,2017-04-02T18:58:00+00:00,,,51.553902,-3.551669,Male,18-24,,White,Misuse of Drugs Act 1971 (section 23),Controlled drugs,Nothing found - no further action,False,
Person search,2017-04-03T05:05:00+00:00,,,51.530199,-3.185617,Male,over 34,Not Stated (NS),,Police and Criminal Evidence Act 1984 (section 1),Article for use in theft,Nothing found - no further action,False,
Person and Vehicle search,2017-04-03T05:27:00+00:00,,,51.498579,-3.184249,Male,over 34,,,Misuse of Drugs Act 1971 (section 23),Controlled drugs,Nothing found - no further action,False,
Person search,2017-04-03T06:00:00+00:00,,,51.664162,-3.925746,Female,25-34,,White,Police and Criminal Evidence Act 1984 (section 1),Stolen goods,Offender given penalty notice,True,
Person search,2017-04-03T06:25:00+00:00,,,51.666827,-3.925541,Female,over 34,White - White British (W1),White,Police and Criminal Evidence Act 1984 (section 1),Stolen goods,Nothing found - no further action,False,
Person search,2017-04-03T06:27:00+00:00,,,51.490863,-3.169127,Female,25-34,White - White British (W1),White,Police and Criminal Evidence Act 1984 (section 1),Stolen goods,Nothing found - no further action,False,
Person and Vehicle search,2017-04-03T07:39:00+00:00,,,51.516351,-3.309879,Male,18-24,White - White British (W1),White,Misuse of Drugs Act 1971 (section 23),Controlled drugs,Nothing found - no further action,False,
Person and Vehicle search,2017-04-03T07:39:00+00:00,,,51.516351,-3.309879,Male,25-34,White - White British (W1),White,Misuse of Drugs Act 1971 (section 23),Controlled drugs,Suspect arrested,False,
Person search,2017-04-03T11:41:00+00:00,,,51.479233,-3.166842,Male,18-24,Black or Black British - Any other Black ethnic background (B9),Black,Misuse of Drugs Act 1971 (section 23),Controlled drugs,Nothing found - no further action,False,
Person search,2017-04-03T14:19:00+00:00,,,51.488183,-3.164694,Female,25-34,Not Stated (NS),Asian,Police and Criminal Evidence Act 1984 (section 1),,Nothing found - no further action,False,
Person search,2017-04-03T15:08:00+00:00,,,51.477363,-3.190942,Female,25-34,Not Stated (NS),White,Misuse of Drugs Act 1971 (section 23),Controlled drugs,Nothing found - no further action,False,
Person and Vehicle search,2017-04-03T16:37:00+00:00,,,51.760453,-3.373487,Male,25-34,White - White British (W1),White,Misuse of Drugs Act 1971 (section 23),Controlled drugs,Nothing found - no further action,False,
Person and Vehicle search,2017-04-03T16:37:00+00:00,,,51.764807,-3.373329,Male,25-34,White - White British (W1),White,Misuse of Drugs Act 1971 (section 23),,Nothing found - no further action,False,
Person search,2017-04-03T18:57:00+00:00,,,51.605381,-3.339285,Male,25-34,White - White British (W1),White,Misuse of Drugs Act 1971 (section 23),Controlled drugs,Nothing found - no further action,False,
Person search,2017-04-03T19:22:00+00:00,,,51.488442,-3.235132,Male,over 34,Not Stated (NS),White,Misuse of Drugs Act 1971 (section 23),Controlled drugs,Nothing found - no further action,False,
Person search,2017-04-03T19:39:00+00:00,,,51.603395,-3.342345,Male,18-24,White - White British (W1),White,Police and Criminal Evidence Act 1984 (section 1),Offensive weapons,Nothing found - no further action,False,
Person search,2017-04-04T00:09:00+00:00,,,51.518224,-3.116717,Male,25-34,White - White British (W1),White,Misuse of Drugs Act 1971 (section 23),Controlled drugs,Nothing found - no further action,False,
Person search,2017-04-04T04:18:00+00:00,,,51.766481,-3.355439,Male,18-24,White - White British (W1),White,Police and Criminal Evidence Act 1984 (section 1),,Nothing found - no further action,False,
Person search,2017-04-04T04:37:00+00:00,,,51.766481,-3.355439,Male,18-24,Not Stated (NS),White,Police and Criminal Evidence Act 1984 (section 1),Article for use in theft,Nothing found - no further action,False,
Person search,2017-04-04T05:34:00+00:00,,,51.490908,-3.175451,Male,25-34,Mixed - Any other Mixed ethnic background (M9),Other,Misuse of Drugs Act 1971 (section 23),Controlled drugs,Nothing found - no further action,False,
Person and Vehicle search,2017-04-04T06:55:00+00:00,,,51.484531,-3.163866,Male,18-24,Asian or Asian British - Any other Asian ethnic background (A9),Other,Misuse of Drugs Act 1971 (section 23),Controlled drugs,Nothing found - no further action,False,
Person search,2017-04-04T11:19:00+00:00,,,51.506627,-3.579500,Male,over 34,White - White British (W1),White,Misuse of Drugs Act 1971 (section 23),Controlled drugs,Nothing found - no further action,False,
Person search,2017-04-04T14:42:00+00:00,,,,,Male,25-34,White - White British (W1),White,Police and Criminal Evidence Act 1984 (section 1),,Nothing found - no further action,False,
Person search,2017-04-04T14:45:00+00:00,,,51.623470,-3.951949,Male,18-24,White - White British (W1),White,Police and Criminal Evidence Act 1984 (section 1),Stolen goods,Nothing found - no further action,False,
Person and Vehicle search,2017-04-04T14:57:00+00:00,,,51.766420,-3.375363,Male,25-34,White - White British (W1),White,Misuse of Drugs Act 1971 (section 23),Controlled drugs,Nothing found - no further action,False,
Person search,2017-04-04T21:59:00+00:00,,,51.473754,-3.256650,Male,18-24,White - White British (W1),White,Misuse of Drugs Act 1971 (section 23),Controlled drugs,Nothing found - no further action,False,
Person search,2017-04-04T22:46:00+00:00,,,51.484531,-3.163866,Male,25-34,Asian or Asian British - Any other Asian ethnic background (A9),Asian,Misuse of Drugs Act 1971 (section 23),Controlled drugs,Suspect arrested,True,
Person search,2017-04-05T01:12:00+00:00,,,51.586798,-3.312698,Male,over 34,White - White British (W1),White,Misuse of Drugs Act 1971 (section 23),Controlled drugs,Nothing found - no further action,False,
Person search,2017-04-05T01:22:00+00:00,,,51.586798,-3.312698,Male,25-34,White - White British (W1),White,Misuse of Drugs Act 1971 (section 23),Controlled drugs,Nothing found - no further action,False,
Person search,2017-04-05T01:49:00+00:00,,,51.621578,-3.942954,Male,over 34,White - White British (W1),White,Police and Criminal Evidence Act 1984 (section 1),Offensive weapons,Nothing found - no further action,False,
Person search,2017-04-05T02:08:00+00:00,,,51.623539,-3.945638,Male,25-34,White - White British (W1),White,Misuse of Drugs Act 1971 (section 23),Controlled drugs,Nothing found - no further action,False,
Person search,2017-04-05T03:59:00+00:00,,,51.619817,-3.940654,Male,over 34,White - White British (W1),White,Police and Criminal Evidence Act 1984 (section 1),Offensive weapons,Nothing found - no further action,False,
Person and Vehicle search,2017-04-05T05:51:00+00:00,,,51.488552,-3.239226,Male,over 34,Not Stated (NS),Black,Misuse of Drugs Act 1971 (section 23),Controlled drugs,Offender given drugs possession warning,True,
Person search,2017-04-05T12:16:00+00:00,,,51.476797,-3.173965,Male,25-34,,,Misuse of Drugs Act 1971 (section 23),Controlled drugs,Nothing found - no further action,False,
Person search,2017-04-05T13:29:00+00:00,,,51.495168,-3.167537,Male,over 34,Black or Black British - Caribbean (B1),Black,Misuse of Drugs Act 1971 (section 23),Controlled drugs,Suspect arrested,True,
Person search,2017-04-05T22:00:00+00:00,,,51.541438,-3.597967,Male,10-17,White - White British (W1),White,Police and Criminal Evidence Act 1984 (section 1),Offensive weapons,Nothing found - no further action,False,
Person search,2017-04-05T22:33:00+00:00,,,51.623107,-3.336658,Male,10-17,White - White British (W1),White,Misuse of Drugs Act 1971 (section 23),Controlled drugs,Nothing found - no further action,False,
Person search,2017-04-05T22:33:00+00:00,,,51.670672,-3.921366,Male,over 34,Not Stated (NS),,Police and Criminal Evidence Act 1984 (section 1),Offensive weapons,Nothing found - no further action,False,
Person search,2017-04-06T07:47:00+00:00,,,51.478594,-3.178576,Male,25-34,White - White British (W1),White,Police and Criminal Evidence Act 1984 (section 1),Stolen goods,Nothing found - no further action,False,
Person search,2017-04-06T07:47:00+00:00,,,51.481068,-3.182845,Male,18-24,White - White British (W1),White,Police and Criminal Evidence Act 1984 (section 1),Stolen goods,Nothing found - no further action,False,
Person search,2017-04-06T09:25:00+00:00,,,51.605863,-3.650223,Male,over 34,White - White British (W1),White,Misuse of Drugs Act 1971 (section 23),Controlled drugs,Nothing found - no further action,False,
Person search,2017-04-06T12:32:00+00:00,,,51.609023,-3.658858,Male,over 34,Not Stated (NS),White,Misuse of Drugs Act 1971 (section 23),Controlled drugs,Suspect arrested,False,
Person search,2017-04-06T13:59:00+00:00,,,51.605828,-3.339471,Female,18-24,White - White British (W1),White,Misuse of Drugs Act 1971 (section 23),Controlled drugs,Nothing found - no further action,False,
Person search,2017-04-06T16:33:00+00:00,,,51.488442,-3.235132,Male,18-24,,,Misuse of Drugs Act 1971 (section 23),Controlled drugs,Nothing found - no further action,False,
Person search,2017-04-06T17:50:00+00:00,,,51.746393,-3.379448,Male,25-34,White - White British (W1),White,Police and Criminal Evidence Act 1984 (section 1),,Suspect arrested,False,
Person search,2017-04-06T20:55:00+00:00,,,51.482354,-3.140193,Male,18-24,White - White British (W1),White,Police and Criminal Evidence Act 1984 (section 1),,Nothing found - no further action,False,
Person search,2017-04-06T21:06:00+00:00,,,51.596939,-3.343079,Male,10-17,White - White British (W1),White,Police and Criminal Evidence Act 1984 (section 1),Articles for use in criminal damage,Nothing found - no further action,False,
Person search,2017-04-06T21:09:00+00:00,,,51.596939,-3.343079,Male,10-17,,,Police and Criminal Evidence Act 1984 (section 1),Articles for use in criminal damage,Nothing found - no further action,False,
Person search,2017-04-06T23:49:00+00:00,,,51.475904,-3.164323,Female,25-34,White - White British (W1),White,Police and Criminal Evidence Act 1984 (section 1),,Nothing found - no further action,False,
Person search,2017-04-07T00:23:00+00:00,,,,,Male,over 34,Mixed - White and Asian (M3),Asian,Misuse of Drugs Act 1971 (section 23),Controlled drugs,Nothing found - no further action,False,
Person search,2017-04-07T00:40:00+00:00,,,51.526640,-3.702526,Male,25-34,White - White British (W1),White,Misuse of Drugs Act 1971 (section 23),Controlled drugs,Offender given drugs possession warning,True,
Person search,2017-04-07T02:00:00+00:00,,,51.509332,-3.167380,Male,18-24,Asian or Asian British - Pakistani (A2),Asian,Misuse of Drugs Act 1971 (section 23),,Nothing found - no further action,False,
Person and Vehicle search,2017-04-07T02:17:00+00:00,,,51.518167,-3.242984,Male,18-24,White - White British (W1),,Misuse of Drugs Act 1971 (section 23),Controlled drugs,Nothing found - no further action,False,
Person and Vehicle search,2017-04-07T02:17:00+00:00,,,51.518167,-3.242984,Male,18-24,White - White British (W1),White,Misuse of Drugs Act 1971 (section 23),Controlled drugs,Nothing found - no further action,False,
Person search,2017-04-07T02:22:00+00:00,,,,,Male,18-24,White - White British (W1),White,,,,False,
Person and Vehicle search,2017-04-07T02:22:00+00:00,,,51.518167,-3.242984,Male,18-24,White - White British (W1),White,Misuse of Drugs Act 1971 (section 23),Controlled drugs,Nothing found - no further action,False,
Person search,2017-04-07T07:23:00+00:00,,,51.475854,-3.171104,Male,25-34,Not Stated (NS),Other,Misuse of Drugs Act 1971 (section 23),Controlled drugs,Nothing found - no further action,False,
Person search,2017-04-07T07:23:00+00:00,,,51.475854,-3.171104,Female,18-24,White - White British (W1),White,Misuse of Drugs Act 1971 (section 23),Controlled drugs,Nothing found - no further action,False,
Person search,2017-04-07T07:23:00+00:00,,,51.475854,-3.171104,Male,25-34,White - White British (W1),White,Misuse of Drugs Act 1971 (section 23),Controlled drugs,Nothing found - no further action,False,
Person search,2017-04-07T08:49:00+00:00,,,51.475854,-3.171104,Female,over 34,White - White Irish (W2),White,Misuse of Drugs Act 1971 (section 23),Controlled drugs,Nothing found - no further action,False,
Person search,2017-04-07T08:49:00+00:00,,,51.466967,-3.167781,Female,25-34,White - White British (W1),White,Misuse of Drugs Act 1971 (section 23),Controlled drugs,Nothing found - no further action,False,
Person search,2017-04-07T08:49:00+00:00,,,51.466967,-3.167781,Male,18-24,Not Stated (NS),Other,Misuse of Drugs Act 1971 (section 23),Controlled drugs,Offender given penalty notice,False,
Person search,2017-04-07T10:14:00+00:00,,,51.477699,-3.176335,Male,25-34,White - White British (W1),White,Misuse of Drugs Act 1971 (section 23),Controlled drugs,Nothing found - no further action,False,
Person search,2017-04-07T10:14:00+00:00,,,51.477699,-3.176335,Male,over 34,White - White British (W1),White,Misuse of Drugs Act 1971 (section 23),Controlled drugs,Nothing found - no further action,False,
Person search,2017-04-07T10:14:00+00:00,,,51.477699,-3.176335,Male,25-34,,,Misuse of Drugs Act 1971 (section 23),Controlled drugs,Nothing found - no further action,False,
Person search,2017-04-07T10:19:00+00:00,,,51.475267,-3.174991,Male,over 34,White - White British (W1),White,Misuse of Drugs Act 1971 (section 23),Controlled drugs,Nothing found - no further action,False,
Person search,2017-04-07T10:19:00+00:00,,,51.475267,-3.174991,Female,25-34,White - White British (W1),White,Misuse of Drugs Act 1971 (section 23),Controlled drugs,Nothing found - no further action,False,
Person search,2017-04-07T10:19:00+00:00,,,51.475267,-3.174991,Male,25-34,Not Stated (NS),Black,Misuse of Drugs Act 1971 (section 23),Controlled drugs,Nothing found - no further action,False,
Person search,2017-04-07T12:41:00+00:00,,,51.481140,-3.179290,Female,25-34,White - White British (W1),White,Police and Criminal Evidence Act 1984 (section 1),Stolen goods,Suspect arrested,True,
Person search,2017-04-07T13:34:00+00:00,,,51.508467,-3.200529,Male,10-17,Black or Black British - African (B2),Black,Police and Criminal Evidence Act 1984 (section 1),Article for use in theft,Nothing found - no further action,False,
Person search,2017-04-07T15:14:00+00:00,,,51.508557,-3.576440,Female,25-34,White - White British (W1),White,Misuse of Drugs Act 1971 (section 23),Controlled drugs,Suspect arrested,True,
Person search,2017-04-07T19:57:00+00:00,,,51.644310,-3.434187,Male,18-24,White - White British (W1),White,Misuse of Drugs Act 1971 (section 23),Controlled drugs,Nothing found - no further action,False,
Person and Vehicle search,2017-04-07T21:16:00+00:00,,,51.549534,-3.350076,Male,over 34,Black or Black British - Any other Black ethnic background (B9),Black,Misuse of Drugs Act 1971 (section 23),Controlled drugs,Nothing found - no further action,False,
Person and Vehicle search,2017-04-07T21:55:00+00:00,,,51.525905,-3.360808,Male,,,White,Misuse of Drugs Act 1971 (section 23),Controlled drugs,Nothing found - no further action,False,
Person and Vehicle search,2017-04-07T22:38:00+00:00,,,51.624608,-3.919996,Female,25-34,White - White British (W1),White,Misuse of Drugs Act 1971 (section 23),Controlled drugs,Nothing found - no further action,False,
Person and Vehicle search,2017-04-07T22:42:00+00:00,,,51.642378,-3.444344,Male,10-17,White - White British (W1),White,Misuse of Drugs Act 1971 (section 23),Controlled drugs,Suspect arrested,True,
Person search,2017-04-07T23:00:00+00:00,,,51.713120,-3.444078,Male,18-24,White - White British (W1),White,Misuse of Drugs Act 1971 (section 23),Controlled drugs,Nothing found - no further action,False,
Person search,2017-04-07T23:23:00+00:00,,,51.484117,-3.157591,Male,18-24,White - White British (W1),White,Police and Criminal Evidence Act 1984 (section 1),,Nothing found - no further action,False,
Person search,2017-04-07T23:29:00+00:00,,,51.482322,-3.147191,Male,18-24,White - White British (W1),White,Police and Criminal Evidence Act 1984 (section 1),Article for use in theft,Nothing found - no further action,False,
Person search,2017-04-08T00:01:00+00:00,,,51.602495,-3.346347,Male,18-24,White - White British (W1),White,Misuse of Drugs Act 1971 (section 23),Controlled drugs,Suspect arrested,True,
Person search,2017-04-08T00:28:00+00:00,,,51.624608,-3.919996,Male,10-17,White - White British (W1),White,Misuse of Drugs Act 1971 (section 23),Controlled drugs,Nothing found - no further action,False,
Person search,2017-04-08T05:20:00+00:00,,,51.483915,-3.191200,Male,10-17,Not Stated (NS),White,Police and Criminal Evidence Act 1984 (section 1),Stolen goods,Nothing found - no further action,False,
Person search,2017-04-08T09:40:00+00:00,,,51.629916,-3.940666,Male,over 34,White - White British (W1),White,Misuse of Drugs Act 1971 (section 23),Controlled drugs,Nothing found - no further action,False,
Person search,2017-04-08T09:40:00+00:00,,,51.629916,-3.940666,Male,over 34,White - White British (W1),White,Misuse of Drugs Act 1971 (section 23),Controlled drugs,Nothing found - no further action,False,
Person search,2017-04-08T09:45:00+00:00,,,51.623067,-3.941530,Male,25-34,White - White British (W1),White,Misuse of Drugs Act 1971 (section 23),Controlled drugs,Nothing found - no further action,False,
Person and Vehicle search,2017-04-08T15:58:00+00:00,,,51.498733,-3.539565,Male,over 34,White - White Irish (W2),White,Police and Criminal Evidence Act 1984 (section 1),Stolen goods,Nothing found - no further action,False,
Person and Vehicle search,2017-04-08T16:21:00+00:00,,,51.484531,-3.163866,Male,10-17,White - White British (W1),White,Police and Criminal Evidence Act 1984 (section 1),Article for use in theft,Suspect arrested,False,
Person and Vehicle search,2017-04-08T16:21:00+00:00,,,51.484531,-3.163866,Male,18-24,White - White British (W1),White,Police and Criminal Evidence Act 1984 (section 1),Article for use in theft,Suspect arrested,False,
Person search,2017-04-08T18:39:00+00:00,,,51.499206,-3.164773,Male,18-24,,,Misuse of Drugs Act 1971 (section 23),Controlled drugs,Offender given penalty notice,False,
Person search,2017-04-08T20:17:00+00:00,,,51.475854,-3.171104,Female,18-24,White - White British (W1),White,Misuse of Drugs Act 1971 (section 23),Controlled drugs,Nothing found - no further action,False,
Person search,2017-04-08T20:17:00+00:00,,,51.475854,-3.171104,Male,over 34,White - White British (W1),White,Misuse of Drugs Act 1971 (section 23),Controlled drugs,Nothing found - no further action,False,
Person search,2017-04-08T20:17:00+00:00,,,51.475854,-3.171104,Female,18-24,White - White British (W1),White,Misuse of Drugs Act 1971 (section 23),Controlled drugs,Nothing found - no further action,False,
Person search,2017-04-08T21:01:00+00:00,,,51.733281,-3.487151,Male,18-24,White - White British (W1),White,Police and Criminal Evidence Act 1984 (section 1),Offensive weapons,Nothing found - no further action,False,
Person search,2017-04-08T22:20:00+00:00,,,51.713901,-3.444176,Male,18-24,White - White British (W1),White,Misuse of Drugs Act 1971 (section 23),Controlled drugs,Nothing found - no further action,False,
Person and Vehicle search,2017-04-08T22:20:00+00:00,,,51.463077,-3.164789,Male,18-24,Asian or Asian British - Pakistani (A2),Asian,,Controlled drugs,Nothing found - no further action,False,
Person search,2017-04-08T22:39:00+00:00,,,51.412638,-3.258122,Male,25-34,White - White British (W1),White,Police and Criminal Evidence Act 1984 (section 1),Offensive weapons,Nothing found - no further action,False,
Person search,2017-04-09T00:57:00+00:00,,,51.522277,-3.188280,Male,10-17,Mixed - Any other Mixed ethnic background (M9),Black,Misuse of Drugs Act 1971 (section 23),Controlled drugs,Nothing found - no further action,False,
Person search,2017-04-09T01:40:00+00:00,,,51.602200,-3.340635,Male,18-24,White - White British (W1),White,Police and Criminal Evidence Act 1984 (section 1),Offensive weapons,Nothing found - no further action,False,
Person search,2017-04-09T03:02:00+00:00,,,51.490863,-3.169127,Male,18-24,White - White British (W1),White,Police and Criminal Evidence Act 1984 (section 1),,Nothing found - no further action,False,
Person search,2017-04-09T04:03:00+00:00,,,51.470142,-3.187400,Male,,,,Police and Criminal Evidence Act 1984 (section 1),,Nothing found - no further action,False,
Person search,2017-04-09T05:40:00+00:00,,,51.483372,-3.156535,Male,25-34,White - White British (W1),White,Misuse of Drugs Act 1971 (section 23),Controlled drugs,Nothing found - no further action,False,
Person search,2017-04-09T07:23:00+00:00,,,51.491355,-3.549428,Female,over 34,White - White British (W1),White,Police and Criminal Evidence Act 1984 (section 1),Article for use in theft,Nothing found - no further action,False,
Person search,2017-04-09T08:56:00+00:00,,,51.684069,-3.400914,Female,18-24,White - White British (W1),White,Police and Criminal Evidence Act 1984 (section 1),Offensive weapons,Nothing found - no further action,False,
Person search,2017-04-09T14:38:00+00:00,,,51.617489,-3.944932,Male,25-34,White - White British (W1),White,Misuse of Drugs Act 1971 (section 23),Controlled drugs,Nothing found - no further action,False,
Person search,2017-04-09T15:38:00+00:00,,,51.483169,-3.175166,Male,over 34,White - White British (W1),White,Police and Criminal Evidence Act 1984 (section 1),Offensive weapons,Nothing found - no further action,False,
Person search,2017-04-09T20:07:00+00:00,,,51.466419,-3.165997,Male,18-24,Mixed - White and Black Caribbean (M1),Black,Misuse of Drugs Act 1971 (section 23),Controlled drugs,Nothing found - no further action,False,
Person search,2017-04-09T20:28:00+00:00,,,51.481649,-3.201754,Male,25-34,White - White British (W1),White,Misuse of Drugs Act 1971 (section 23),Controlled drugs,Nothing found - no further action,False,
Person search,2017-04-09T23:28:00+00:00,,,51.479122,-3.156255,Male,18-24,Asian or Asian British - Any other Asian ethnic background (A9),Asian,Misuse of Drugs Act 1971 (section 23),Controlled drugs,Nothing found - no further action,False,
Person search,2017-04-10T03:25:00+00:00,,,51.649441,-3.494292,Male,over 34,White - White British (W1),White,Police and Criminal Evidence Act 1984 (section 1),Stolen goods,Nothing found - no further action,False,
Person search,2017-04-10T06:03:00+00:00,,,51.452697,-3.182169,Male,25-34,Asian or Asian British - Pakistani (A2),Asian,Misuse of Drugs Act 1971 (section 23),Controlled drugs,Nothing found - no further action,False,
Person search,2017-04-10T09:22:00+00:00,,,51.508730,-3.583593,Male,25-34,White - White British (W1),White,Misuse of Drugs Act 1971 (section 23),Controlled drugs,Nothing found - no further action,False,
Person search,2017-04-10T15:11:00+00:00,,,51.478442,-3.189127,Male,over 34,Not Stated (NS),White,Police and Criminal Evidence Act 1984 (section 1),,Nothing found - no further action,False,
Person search,2017-04-10T15:37:00+00:00,,,51.485571,-3.227652,Male,25-34,White - White British (W1),White,Misuse of Drugs Act 1971 (section 23),Controlled drugs,Nothing found - no further action,False,
Person search,2017-04-10T15:37:00+00:00,,,51.485571,-3.227652,Male,over 34,White - White British (W1),White,Misuse of Drugs Act 1971 (section 23),Controlled drugs,Nothing found - no further action,False,
Person search,2017-04-10T15:49:00+00:00,,,51.413709,-3.262207,Male,over 34,White - White British (W1),White,Police and Criminal Evidence Act 1984 (section 1),Offensive weapons,Nothing found - no further action,False,
Person search,2017-04-10T20:14:00+00:00,,,,,Male,over 34,White - White British (W1),White,Misuse of Drugs Act 1971 (section 23),Controlled drugs,Nothing found - no further action,False,
Person search,2017-04-10T22:14:00+00:00,,,51.664094,-3.950557,Male,25-34,White - White British (W1),White,Police and Criminal Evidence Act 1984 (section 1),Offensive weapons,Suspect arrested,False,
Person and Vehicle search,2017-04-10T23:12:00+00:00,,,51.505935,-3.190419,Male,10-17,White - Any other White ethnic background (W9),Asian,Police and Criminal Evidence Act 1984 (section 1),Article for use in theft,Suspect arrested,False,
Person search,2017-04-10T23:35:00+00:00,,,51.644577,-3.970663,Male,25-34,White - White British (W1),White,Police and Criminal Evidence Act 1984 (section 1),Offensive weapons,Suspect arrested,False,
Person search,2017-04-10T23:42:00+00:00,,,51.569272,-3.324011,Male,over 34,White - White British (W1),White,Police and Criminal Evidence Act 1984 (section 1),Stolen goods,Nothing found - no further action,False,
Person search,2017-04-11T00:15:00+00:00,,,51.501851,-3.189751,Male,10-17,White - White British (W1),White,Police and Criminal Evidence Act 1984 (section 1),Article for use in theft,Suspect arrested,False,
Person search,2017-04-11T01:18:00+00:00,,,51.496823,-3.178312,Male,,Mixed - Any other Mixed ethnic background (M9),Asian,Police and Criminal Evidence Act 1984 (section 1),,Nothing found - no further action,False,
Person search,2017-04-11T01:26:00+00:00,,,51.492925,-3.173371,Male,over 34,White - White British (W1),White,Misuse of Drugs Act 1971 (section 23),Controlled drugs,Suspect arrested,False,
Person search,2017-04-11T02:08:00+00:00,,,51.486318,-3.161463,Male,25-34,Not Stated (NS),White,Misuse of Drugs Act 1971 (section 23),Article for use in theft,Suspect arrested,False,
Person search,2017-04-11T02:21:00+00:00,,,51.484580,-3.220093,Male,18-24,,Black,Police and Criminal Evidence Act 1984 (section 1),Article for use in theft,Nothing found - no further action,False,
Person search,2017-04-11T03:16:00+00:00,,,51.476797,-3.173965,Male,18-24,Asian or Asian British - Pakistani (A2),Asian,Misuse of Drugs Act 1971 (section 23),Controlled drugs,Nothing found - no further action,False,
Person and Vehicle search,2017-04-11T03:24:00+00:00,,,51.463077,-3.164789,Male,18-24,Asian or Asian British - Pakistani (A2),Asian,Misuse of Drugs Act 1971 (section 23),Controlled drugs,Nothing found - no further action,False,
Person search,2017-04-11T05:41:00+00:00,,,51.484048,-3.161838,Male,over 34,Mixed - Any other Mixed ethnic background (M9),Asian,Misuse of Drugs Act 1971 (section 23),,,False,
Person search,2017-04-11T05:41:00+00:00,,,51.484048,-3.161838,Male,,,,Misuse of Drugs Act 1971 (section 23),Controlled drugs,Suspect arrested,False,
Person search,2017-04-11T08:15:00+00:00,,,51.537267,-3.384217,Female,over 34,White - White British (W1),White,Misuse of Drugs Act 1971 (section 23),Controlled drugs,Nothing found - no further action,False,
Person search,2017-04-12T02:45:00+00:00,,,,,Male,10-17,White - White British (W1),,Police and Criminal Evidence Act 1984 (section 1),Article for use in theft,Nothing found - no further action,False,
Person search,2017-04-12T02:49:00+00:00,,,51.560535,-3.316558,Male,over 34,White - White British (W1),White,Misuse of Drugs Act 1971 (section 23),Controlled drugs,Nothing found - no further action,False,
Person search,2017-04-12T03:14:00+00:00,,,51.613196,-3.959250,Male,25-34,White - White British (W1),White,Misuse of Drugs Act 1971 (section 23),Controlled drugs,Nothing found - no further action,False,
Person search,2017-04-12T03:20:00+00:00,,,51.567274,-3.312179,Male,10-17,White - White British (W1),White,Police and Criminal Evidence Act 1984 (section 1),Stolen goods,Suspect arrested,False,
Person search,2017-04-12T03:20:00+00:00,,,51.567274,-3.312179,Male,10-17,White - White British (W1),White,Police and Criminal Evidence Act 1984 (section 1),Stolen goods,Nothing found - no further action,False,
Person and Vehicle search,2017-04-12T03:24:00+00:00,,,51.560535,-3.316558,Female,25-34,White - White British (W1),White,Police and Criminal Evidence Act 1984 (section 1),Stolen goods,Nothing found - no further action,False,
Person and Vehicle search,2017-04-12T03:24:00+00:00,,,51.560535,-3.316558,Female,25-34,White - White British (W1),White,Police and Criminal Evidence Act 1984 (section 1),Stolen goods,Nothing found - no further action,False,
Person search,2017-04-12T03:40:00+00:00,,,51.605381,-3.339285,Male,10-17,White - White British (W1),White,Misuse of Drugs Act 1971 (section 23),Controlled drugs,Nothing found - no further action,False,
Person search,2017-04-12T03:40:00+00:00,,,51.605381,-3.339285,Male,10-17,White - White British (W1),White,Misuse of Drugs Act 1971 (section 23),Controlled drugs,Nothing found - no further action,False,
Person search,2017-04-12T03:52:00+00:00,,,51.605381,-3.339285,Male,18-24,White - White British (W1),White,Misuse of Drugs Act 1971 (section 23),Controlled drugs,Nothing found - no further action,False,
Person search,2017-04-12T05:52:00+00:00,,,51.582906,-3.458767,Female,25-34,White - White British (W1),White,Police and Criminal Evidence Act 1984 (section 1),Article for use in theft,Nothing found - no further action,False,
Person search,2017-04-12T12:25:00+00:00,,,51.619929,-3.942046,Male,25-34,Black or Black British - African (B2),Black,Misuse of Drugs Act 1971 (section 23),,,False,
Person search,2017-04-12T13:42:00+00:00,,,,,Male,25-34,Asian or Asian British - Bangladeshi (A3),Asian,,,,False,
Person search,2017-04-12T15:55:00+00:00,,,51.559378,-3.351089,Male,over 34,White - White British (W1),White,Police and Criminal Evidence Act 1984 (section 1),Offensive weapons,Nothing found - no further action,False,
Person search,2017-04-12T16:16:00+00:00,,,51.481280,-3.200909,Male,25-34,White - White British (W1),White,Misuse of Drugs Act 1971 (section 23),Controlled drugs,Offender given drugs possession warning,True,
Person search,2017-04-12T16:16:00+00:00,,,51.481280,-3.200909,Male,25-34,White - White British (W1),White,Misuse of Drugs Act 1971 (section 23),Controlled drugs,Offender given drugs possession warning,True,
Person search,2017-04-12T22:10:00+00:00,,,51.619817,-3.940654,Male,over 34,White - White British (W1),White,Police and Criminal Evidence Act 1984 (section 1),Articles for use in criminal damage,Nothing found - no further action,False,
Person search,2017-04-13T01:53:00+00:00,,,51.482314,-3.137888,Male,18-24,White - White British (W1),White,Police and Criminal Evidence Act 1984 (section 1),,Nothing found - no further action,False,
Person search,2017-04-13T03:05:00+00:00,,,51.620287,-3.946496,Male,25-34,White - White British (W1),White,Misuse of Drugs Act 1971 (section 23),Controlled drugs,Nothing found - no further action,False,
Person search,2017-04-13T03:06:00+00:00,,,51.620287,-3.946496,Male,25-34,Not Stated (NS),White,Misuse of Drugs Act 1971 (section 23),Controlled drugs,Nothing found - no further action,False,
Person search,2017-04-13T05:07:00+00:00,,,51.486567,-3.683460,Male,over 34,White - White British (W1),White,Police and Criminal Evidence Act 1984 (section 1),,Suspect arrested,True,
Person search,2017-04-13T05:26:00+00:00,,,,,Male,18-24,Not Stated (NS),,Misuse of Drugs Act 1971 (section 23),Controlled drugs,Offender given drugs possession warning,True,
Person search,2017-04-13T05:46:00+00:00,,,51.681992,-3.381120,Male,over 34,White - White British (W1),White,Police and Criminal Evidence Act 1984 (section 1),Article for use in theft,Suspect arrested,False,
Person and Vehicle search,2017-04-13T08:06:00+00:00,,,51.474861,-3.205204,Male,25-34,,White,Police and Criminal Evidence Act 1984 (section 1),,Nothing found - no further action,False,
Person search,2017-04-13T11:38:00+00:00,,,51.484937,-3.210799,Male,25-34,White - White British (W1),White,Police and Criminal Evidence Act 1984 (section 1),,Suspect arrested,True,
Person search,2017-04-13T11:38:00+00:00,,,51.484937,-3.210799,Male,25-34,White - White British (W1),White,Police and Criminal Evidence Act 1984 (section 1),,Suspect arrested,True,
Person search,2017-04-13T12:40:00+00:00,,,51.482625,-3.205711,Female,18-24,White - White British (W1),White,Misuse of Drugs Act 1971 (section 23),Controlled drugs,Nothing found - no further action,False,
Person search,2017-04-13T12:40:00+00:00,,,51.482625,-3.205711,Male,25-34,White - White British (W1),White,Misuse of Drugs Act 1971 (section 23),Controlled drugs,Nothing found - no further action,False,
Person search,2017-04-13T15:24:00+00:00,,,51.605381,-3.339285,Male,25-34,White - White British (W1),White,Misuse of Drugs Act 1971 (section 23),Controlled drugs,Nothing found - no further action,False,
Person search,2017-04-13T16:02:00+00:00,,,51.520648,-3.584021,Male,10-17,White - White British (W1),White,Misuse of Drugs Act 1971 (section 23),Controlled drugs,Nothing found - no further action,False,
Person search,2017-04-13T16:06:00+00:00,,,51.520648,-3.584021,Male,10-17,White - White British (W1),White,Misuse of Drugs Act 1971 (section 23),Controlled drugs,Nothing found - no further action,False,
Person search,2017-04-13T17:09:00+00:00,,,51.518917,-3.585028,Male,18-24,Not Stated (NS),,Misuse of Drugs Act 1971 (section 23),Controlled drugs,Nothing found - no further action,False,
Person search,2017-04-13T19:54:00+00:00,,,51.631573,-3.963770,Male,10-17,Asian or Asian British - Pakistani (A2),Asian,Police and Criminal Evidence Act 1984 (section 1),Article for use in theft,Nothing found - no further action,False,
Person search,2017-04-13T19:57:00+00:00,,,51.479192,-3.188830,Male,25-34,White - White British (W1),White,Misuse of Drugs Act 1971 (section 23),Controlled drugs,Suspect arrested,True,
Person and Vehicle search,2017-04-13T20:35:00+00:00,,,51.684810,-3.767231,Male,25-34,White - White British (W1),White,Misuse of Drugs Act 1971 (section 23),Controlled drugs,Nothing found - no further action,False,
Person search,2017-04-13T20:35:00+00:00,,,51.684810,-3.767231,,25-34,Not Stated (NS),,,,,False,
Person and Vehicle search,2017-04-13T20:35:00+00:00,,,51.684810,-3.767231,Male,25-34,White - White British (W1),White,Misuse of Drugs Act 1971 (section 23),Controlled drugs,Nothing found - no further action,False,
Person search,2017-04-13T21:29:00+00:00,,,51.716291,-4.029342,Male,10-17,,,Misuse of Drugs Act 1971 (section 23),Controlled drugs,Suspect arrested,True,
Person search,2017-04-13T21:29:00+00:00,,,51.716291,-4.029342,Male,10-17,Not Stated (NS),,Misuse of Drugs Act 1971 (section 23),Controlled drugs,Nothing found - no further action,False,
Person search,2017-04-13T21:29:00+00:00,,,51.718496,-4.031308,Male,10-17,,,Misuse of Drugs Act 1971 (section 23),Controlled drugs,Nothing found - no further action,False,
Person search,2017-04-14T00:04:00+00:00,,,51.603886,-3.334707,Male,25-34,White - White British (W1),White,Misuse of Drugs Act 1971 (section 23),Controlled drugs,Suspect arrested,True,
Person search,2017-04-14T01:09:00+00:00,,,51.603886,-3.334707,Female,18-24,White - White British (W1),White,Misuse of Drugs Act 1971 (section 23),Controlled drugs,Nothing found - no further action,False,
Person search,2017-04-14T01:20:00+00:00,,,51.603886,-3.334707,Male,25-34,White - White British (W1),White,Misuse of Drugs Act 1971 (section 23),Controlled drugs,Nothing found - no further action,False,
Person search,2017-04-14T01:50:00+00:00,,,51.476336,-3.187546,Male,25-34,White - White British (W1),White,Police and Criminal Evidence Act 1984 (section 1),Article for use in theft,Nothing found - no further action,False,
Person search,2017-04-14T04:18:00+00:00,,,51.478839,-3.176509,Male,over 34,White - White British (W1),,Misuse of Drugs Act 1971 (section 23),Controlled drugs,Nothing found - no further action,False,
Person search,2017-04-14T05:35:00+00:00,,,51.488173,-3.197778,Male,over 34,White - White British (W1),White,Police and Criminal Evidence Act 1984 (section 1),Article for use in theft,Nothing found - no further action,False,
Person and Vehicle search,2017-04-14T20:06:00+00:00,,,51.710662,-4.032954,Male,25-34,White - White British (W1),White,Misuse of Drugs Act 1971 (section 23),Controlled drugs,Nothing found - no further action,False,
Person search,2017-04-14T21:29:00+00:00,,,,,Male,10-17,,White,Police and Criminal Evidence Act 1984 (section 1),Article for use in theft,Nothing found - no further action,False,
Person search,2017-04-14T23:14:00+00:00,,,51.482208,-3.210410,Male,over 34,White - White British (W1),White,Misuse of Drugs Act 1971 (section 23),Controlled drugs,Nothing found - no further action,False,
Person search,2017-04-15T00:23:00+00:00,,,51.483915,-3.191200,Male,over 34,White - White British (W1),White,Misuse of Drugs Act 1971 (section 23),Controlled drugs,Nothing found - no further action,False,
Person search,2017-04-15T01:27:00+00:00,,,51.537771,-3.385703,Male,18-24,White - White British (W1),White,Police and Criminal Evidence Act 1984 (section 1),Stolen goods,Nothing found - no further action,False,
Person search,2017-04-15T01:27:00+00:00,,,51.537771,-3.385703,Male,18-24,White - White British (W1),White,Police and Criminal Evidence Act 1984 (section 1),Stolen goods,Nothing found - no further action,False,
Person search,2017-04-15T02:19:00+00:00,,,51.618957,-3.937728,Male,18-24,White - White British (W1),White,Misuse of Drugs Act 1971 (section 23),Controlled drugs,Nothing found - no further action,False,
Person search,2017-04-15T02:20:00+00:00,,,51.618957,-3.937728,Male,18-24,,,Misuse of Drugs Act 1971 (section 23),Controlled drugs,Nothing found - no further action,False,
Person search,2017-04-15T03:08:00+00:00,,,51.618957,-3.937728,Male,18-24,White - White British (W1),White,Misuse of Drugs Act 1971 (section 23),Controlled drugs,Suspect arrested,True,
Person search,2017-04-15T15:37:00+00:00,,,51.494398,-3.139831,Male,18-24,Black or Black British - African (B2),Black,Police and Criminal Evidence Act 1984 (section 1),,Nothing found - no further action,False,
Person and Vehicle search,2017-04-15T16:02:00+00:00,,,51.494398,-3.139831,Male,25-34,Not Stated (NS),Black,Police and Criminal Evidence Act 1984 (section 1),Article for use in theft,Suspect arrested,False,
Person search,2017-04-15T21:28:00+00:00,,,51.485953,-3.195084,Male,10-17,,,Police and Criminal Evidence Act 1984 (section 1),,Nothing found - no further action,False,
Person search,2017-04-15T21:38:00+00:00,,,51.485953,-3.195084,Male,10-17,,,Police and Criminal Evidence Act 1984 (section 1),,Nothing found - no further action,False,
Person search,2017-04-15T21:41:00+00:00,,,51.485953,-3.195084,Male,10-17,Not Stated (NS),White,Police and Criminal Evidence Act 1984 (section 1),,Nothing found - no further action,False,
Person search,2017-04-15T21:43:00+00:00,,,,,Male,,,,Misuse of Drugs Act 1971 (section 23),Controlled drugs,Nothing found - no further action,False,
Person search,2017-04-15T21:44:00+00:00,,,51.485953,-3.195084,Male,10-17,Black or Black British - African (B2),Black,Police and Criminal Evidence Act 1984 (section 1),,Nothing found - no further action,False,
Person search,2017-04-15T22:07:00+00:00,,,51.485953,-3.195084,Male,10-17,,,Police and Criminal Evidence Act 1984 (section 1),,Nothing found - no further action,False,
Person search,2017-04-15T22:26:00+00:00,,,51.485953,-3.195084,Male,10-17,Not Stated (NS),Black,Police and Criminal Evidence Act 1984 (section 1),,Nothing found - no further action,False,
Person search,2017-04-15T23:28:00+00:00,,,51.407113,-3.224514,,18-24,,,Misuse of Drugs Act 1971 (section 23),Controlled drugs,Offender given drugs possession warning,True,
Person search,2017-04-15T23:30:00+00:00,,,51.407113,-3.224514,Male,18-24,,,,,,False,
Person search,2017-04-15T23:35:00+00:00,,,51.407113,-3.224514,Male,10-17,,,,,,False,
Person search,2017-04-15T23:39:00+00:00,,,51.407113,-3.224514,Male,10-17,,,Misuse of Drugs Act 1971 (section 23),Controlled drugs,Offender given drugs possession warning,True,
Person search,2017-04-16T00:08:00+00:00,,,51.600608,-3.340718,Male,18-24,White - White British (W1),White,Misuse of Drugs Act 1971 (section 23),Controlled drugs,Nothing found - no further action,False,
Person search,2017-04-16T00:24:00+00:00,,,,,Male,over 34,White - White British (W1),White,Misuse of Drugs Act 1971 (section 23),Controlled drugs,Nothing found - no further action,False,
Person search,2017-04-16T00:34:00+00:00,,,51.482183,-3.190017,Male,over 34,White - White British (W1),White,Misuse of Drugs Act 1971 (section 23),Controlled drugs,Nothing found - no further action,False,
Person search,2017-04-16T00:35:00+00:00,,,51.482183,-3.190017,Male,over 34,White - White British (W1),White,Misuse of Drugs Act 1971 (section 23),Controlled drugs,Nothing found - no further action,False,
Person and Vehicle search,2017-04-16T00:40:00+00:00,,,51.521469,-3.554904,Male,18-24,White - White British (W1),White,Misuse of Drugs Act 1971 (section 23),Controlled drugs,Offender given drugs possession warning,True,
Person search,2017-04-16T01:04:00+00:00,,,51.598197,-3.331363,Male,10-17,White - White British (W1),,Police and Criminal Evidence Act 1984 (section 1),Offensive weapons,Nothing found - no further action,False,
Person search,2017-04-16T01:10:00+00:00,,,51.602495,-3.346347,Male,25-34,White - White British (W1),White,Misuse of Drugs Act 1971 (section 23),Controlled drugs,Nothing found - no further action,False,
Person search,2017-04-16T03:04:00+00:00,,,51.486541,-3.176016,Male,over 34,White - White British (W1),White,Misuse of Drugs Act 1971 (section 23),Controlled drugs,Nothing found - no further action,False,
Person search,2017-04-16T05:40:00+00:00,,,51.605381,-3.339285,Male,18-24,White - White British (W1),White,Misuse of Drugs Act 1971 (section 23),Controlled drugs,Suspect arrested,True,
Person search,2017-04-16T12:38:00+00:00,,,51.482322,-3.147191,Male,over 34,White - White British (W1),White,Police and Criminal Evidence Act 1984 (section 1),Article for use in theft,Nothing found - no further action,False,
Person search,2017-04-16T19:42:00+00:00,,,51.537771,-3.385703,Male,10-17,White - White British (W1),White,Police and Criminal Evidence Act 1984 (section 1),Article for use in theft,Nothing found - no further action,False,
Person search,2017-04-16T19:42:00+00:00,,,51.537771,-3.385703,Male,10-17,White - White British (W1),White,Police and Criminal Evidence Act 1984 (section 1),Article for use in theft,Nothing found - no further action,False,
Person search,2017-04-16T20:19:00+00:00,,,51.537771,-3.385703,Male,10-17,White - White British (W1),White,Police and Criminal Evidence Act 1984 (section 1),Article for use in theft,Nothing found - no further action,False,
Person search,2017-04-16T20:19:00+00:00,,,51.537771,-3.385703,Male,10-17,White - White British (W1),White,Police and Criminal Evidence Act 1984 (section 1),Article for use in theft,Nothing found - no further action,False,
Person search,2017-04-16T20:19:00+00:00,,,51.537771,-3.385703,Male,10-17,White - White British (W1),White,Police and Criminal Evidence Act 1984 (section 1),Article for use in theft,Nothing found - no further action,False,
Person search,2017-04-16T21:37:00+00:00,,,51.483032,-3.208962,Male,18-24,,,Misuse of Drugs Act 1971 (section 23),Controlled drugs,Nothing found - no further action,False,
Person search,2017-04-16T21:40:00+00:00,,,51.502660,-3.580977,Male,10-17,White - White British (W1),White,Misuse of Drugs Act 1971 (section 23),Controlled drugs,Suspect arrested,True,
Person and Vehicle search,2017-04-16T21:50:00+00:00,,,51.483032,-3.208962,Male,25-34,White - White British (W1),White,Misuse of Drugs Act 1971 (section 23),Controlled drugs,Nothing found - no further action,False,
Person search,2017-04-16T22:10:00+00:00,,,51.480671,-3.164114,Male,18-24,Not Stated (NS),White,Misuse of Drugs Act 1971 (section 23),Controlled drugs,Nothing found - no further action,False,
Person search,2017-04-16T22:15:00+00:00,,,51.502660,-3.580977,,10-17,,,Misuse of Drugs Act 1971 (section 23),Controlled drugs,Nothing found - no further action,False,
Person search,2017-04-17T01:09:00+00:00,,,51.605381,-3.339285,Male,18-24,White - White British (W1),White,Misuse of Drugs Act 1971 (section 23),Controlled drugs,Nothing found - no further action,False,
Person search,2017-04-17T01:38:00+00:00,,,51.452697,-3.182169,Male,over 34,White - White British (W1),White,Police and Criminal Evidence Act 1984 (section 1),,Nothing found - no further action,False,
Person search,2017-04-17T09:01:00+00:00,,,51.617733,-3.946517,Male,25-34,White - White British (W1),White,Police and Criminal Evidence Act 1984 (section 1),,Nothing found - no further action,False,
Person search,2017-04-17T09:22:00+00:00,,,,,Male,25-34,White - White British (W1),White,,,,False,
Person search,2017-04-17T12:48:00+00:00,,,51.536762,-3.679703,Female,over 34,White - White British (W1),White,Misuse of Drugs Act 1971 (section 23),Offensive weapons,Nothing found - no further action,False,
Person search,2017-04-17T16:48:00+00:00,,,51.479366,-3.179561,Male,over 34,White - White British (W1),White,Misuse of Drugs Act 1971 (section 23),Controlled drugs,Nothing found - no further action,False,
Person search,2017-04-17T21:24:00+00:00,,,51.647154,-3.937933,Male,18-24,,,Police and Criminal Evidence Act 1984 (section 1),Stolen goods,Nothing found - no further action,False,
Person search,2017-04-17T23:18:00+00:00,,,51.463784,-3.273147,Male,10-17,,,Police and Criminal Evidence Act 1984 (section 1),,Nothing found - no further action,False,
Person search,2017-04-17T23:21:00+00:00,,,51.466241,-3.271301,Male,10-17,,,Police and Criminal Evidence Act 1984 (section 1),,Offender cautioned,True,
Person search,2017-04-17T23:25:00+00:00,,,,,Male,10-17,White - White British (W1),White,,,,False,
Person search,2017-04-18T00:01:00+00:00,,,51.465554,-3.176037,Male,10-17,Mixed - White and Black African (M2),Asian,Police and Criminal Evidence Act 1984 (section 1),Offensive weapons,Suspect arrested,False,
Person search,2017-04-18T00:44:00+00:00,,,51.525905,-3.360808,Male,18-24,White - White British (W1),White,Misuse of Drugs Act 1971 (section 23),Controlled drugs,Offender given drugs possession warning,True,
Person search,2017-04-18T03:03:00+00:00,,,51.525905,-3.360808,Male,18-24,Not Stated (NS),,Misuse of Drugs Act 1971 (section 23),Controlled drugs,Offender given drugs possession warning,True,
Person search,2017-04-18T03:03:00+00:00,,,51.525905,-3.360808,Male,18-24,White - White British (W1),White,Misuse of Drugs Act 1971 (section 23),Controlled drugs,Offender given drugs possession warning,True,
Person search,2017-04-18T04:07:00+00:00,,,51.593870,-3.796919,Male,over 34,White - White British (W1),White,Police and Criminal Evidence Act 1984 (section 1),Stolen goods,Nothing found - no further action,False,
Person search,2017-04-18T05:10:00+00:00,,,51.595995,-3.324860,Male,,,White,Police and Criminal Evidence Act 1984 (section 1),Offensive weapons,Nothing found - no further action,False,
Person search,2017-04-18T05:16:00+00:00,,,51.595995,-3.324860,Male,10-17,White - White British (W1),White,Police and Criminal Evidence Act 1984 (section 1),Offensive weapons,Nothing found - no further action,False,
Person search,2017-04-18T05:25:00+00:00,,,51.656192,-3.604791,Male,18-24,White - White British (W1),White,Misuse of Drugs Act 1971 (section 23),Controlled drugs,Nothing found - no further action,False,
Person and Vehicle search,2017-04-18T11:57:00+00:00,,,51.452692,-3.265297,Male,25-34,White - White British (W1),White,Police and Criminal Evidence Act 1984 (section 1),,Suspect summonsed to court,True,
Person search,2017-04-18T15:58:00+00:00,,,51.481140,-3.179290,Male,over 34,White - White British (W1),White,,Stolen goods,Suspect arrested,False,
Person search,2017-04-18T16:41:00+00:00,,,51.656460,-3.929844,Male,10-17,White - White British (W1),White,Police and Criminal Evidence Act 1984 (section 1),,Nothing found - no further action,False,
Person search,2017-04-18T16:46:00+00:00,,,51.536762,-3.679703,Male,over 34,White - White British (W1),White,Misuse of Drugs Act 1971 (section 23),Controlled drugs,Nothing found - no further action,False,
Person search,2017-04-18T19:34:00+00:00,,,51.713560,-3.447784,Male,10-17,White - White British (W1),White,Misuse of Drugs Act 1971 (section 23),Controlled drugs,Nothing found - no further action,False,
Person and Vehicle search,2017-04-18T21:46:00+00:00,,,51.490170,-3.203851,Male,18-24,,,Police and Criminal Evidence Act 1984 (section 1),Articles for use in criminal damage,Nothing found - no further action,False,
Person search,2017-04-18T22:03:00+00:00,,,51.488783,-3.204966,Male,18-24,Not Stated (NS),White,Police and Criminal Evidence Act 1984 (section 1),,Nothing found - no further action,False,
Person search,2017-04-18T22:07:00+00:00,,,51.488783,-3.204966,Male,18-24,Not Stated (NS),White,,,,False,
Person search,2017-04-18T23:59:00+00:00,,,51.643367,-3.486129,Male,10-17,White - White British (W1),White,Misuse of Drugs Act 1971 (section 23),Controlled drugs,Nothing found - no further action,False,
Person search,2017-04-18T23:59:00+00:00,,,51.643367,-3.486129,Male,10-17,White - White British (W1),White,Police and Criminal Evidence Act 1984 (section 1),Articles for use in criminal damage,Nothing found - no further action,False,
Person search,2017-04-18T23:59:00+00:00,,,51.643367,-3.486129,Male,10-17,White - White British (W1),White,Police and Criminal Evidence Act 1984 (section 1),Articles for use in criminal damage,Nothing found - no further action,False,
Person search,2017-04-19T02:39:00+00:00,,,51.414490,-3.256476,Male,over 34,White - White British (W1),White,Police and Criminal Evidence Act 1984 (section 1),Article for use in theft,Nothing found - no further action,False,
Person search,2017-04-19T14:46:00+00:00,,,51.606718,-3.029544,Male,over 34,White - White British (W1),White,Police and Criminal Evidence Act 1984 (section 1),Offensive weapons,Nothing found - no further action,False,
Person search,2017-04-20T08:51:00+00:00,,,,,Male,25-34,White - White British (W1),White,Police and Criminal Evidence Act 1984 (section 1),Article for use in theft,Nothing found - no further action,False,
Person search,2017-04-20T09:04:00+00:00,,,51.492777,-3.168398,Male,over 34,White - White British (W1),White,Police and Criminal Evidence Act 1984 (section 1),Article for use in theft,Nothing found - no further action,False,
Person search,2017-04-20T10:53:00+00:00,,,51.488173,-3.197778,Male,over 34,White - White British (W1),White,Police and Criminal Evidence Act 1984 (section 1),Article for use in theft,Nothing found - no further action,False,
Person search,2017-04-20T12:52:00+00:00,,,51.502978,-3.135045,Male,over 34,White - White British (W1),White,Police and Criminal Evidence Act 1984 (section 1),Article for use in theft,Nothing found - no further action,False,
Person search,2017-04-20T15:01:00+00:00,,,51.456035,-3.182802,Female,,White - White British (W1),White,Police and Criminal Evidence Act 1984 (section 1),Article for use in theft,Nothing found - no further action,False,
Person search,2017-04-20T15:33:00+00:00,,,51.529193,-3.095866,Female,over 34,White - White British (W1),White,Misuse of Drugs Act 1971 (section 23),Controlled drugs,Suspect arrested,True,
Person search,2017-04-20T15:56:00+00:00,,,53.403249,-3.165398,Male,over 34,White - White British (W1),White,Misuse of Drugs Act 1971 (section 23),Controlled drugs,Nothing found - no further action,False,
Person search,2017-04-20T16:22:00+00:00,,,51.475597,-3.172538,Male,25-34,,,Misuse of Drugs Act 1971 (section 23),Controlled drugs,Nothing found - no further action,False,
Person search,2017-04-20T16:22:00+00:00,,,51.475597,-3.172538,Male,25-34,White - White British (W1),White,Misuse of Drugs Act 1971 (section 23),Controlled drugs,Nothing found - no further action,False,
Person search,2017-04-20T16:22:00+00:00,,,51.475597,-3.172538,Female,18-24,White - White British (W1),White,Misuse of Drugs Act 1971 (section 23),Controlled drugs,Nothing found - no further action,False,
Person search,2017-04-20T17:01:00+00:00,,,51.482487,-3.233618,Male,10-17,White - White British (W1),White,Police and Criminal Evidence Act 1984 (section 1),Articles for use in criminal damage,Local resolution,False,
Person search,2017-04-20T17:43:00+00:00,,,51.477990,-3.184954,Male,over 34,Mixed - Any other Mixed ethnic background (M9),Black,Misuse of Drugs Act 1971 (section 23),Controlled drugs,Nothing found - no further action,False,
Person search,2017-04-20T17:43:00+00:00,,,51.477990,-3.184954,Female,25-34,White - White British (W1),White,Misuse of Drugs Act 1971 (section 23),Controlled drugs,Nothing found - no further action,False,
Person search,2017-04-20T19:27:00+00:00,,,51.469838,-3.169309,Male,18-24,,Black,Misuse of Drugs Act 1971 (section 23),Controlled drugs,Nothing found - no further action,False,
Person and Vehicle search,2017-04-20T19:40:00+00:00,,,51.621578,-3.942954,Male,25-34,White - White British (W1),White,Misuse of Drugs Act 1971 (section 23),Controlled drugs,Suspect arrested,True,
Person search,2017-04-20T21:34:00+00:00,,,51.622564,-3.946377,Male,25-34,White - White British (W1),White,Police and Criminal Evidence Act 1984 (section 1),Offensive weapons,Offender cautioned,True,
Person search,2017-04-20T23:13:00+00:00,,,51.499215,-3.175564,Male,10-17,Asian or Asian British - Any other Asian ethnic background (A9),Asian,Police and Criminal Evidence Act 1984 (section 1),Article for use in theft,Nothing found - no further action,False,
Person search,2017-04-21T00:52:00+00:00,,,51.503296,-3.136552,Male,18-24,White - White British (W1),White,Police and Criminal Evidence Act 1984 (section 1),Article for use in theft,Nothing found - no further action,False,
Person and Vehicle search,2017-04-21T01:15:00+00:00,,,51.485789,-3.156697,Male,18-24,White - White British (W1),White,Police and Criminal Evidence Act 1984 (section 1),Article for use in theft,Suspect summonsed to court,False,
Person search,2017-04-21T01:32:00+00:00,,,51.503943,-3.128211,Male,18-24,White - White British (W1),White,Police and Criminal Evidence Act 1984 (section 1),Article for use in theft,Nothing found - no further action,False,
Person search,2017-04-21T06:43:00+00:00,,,51.488723,-3.202027,Male,25-34,White - White British (W1),White,Police and Criminal Evidence Act 1984 (section 1),Article for use in theft,Nothing found - no further action,False,
Person search,2017-04-21T06:43:00+00:00,,,51.488723,-3.202027,Male,25-34,Black or Black British - Caribbean (B1),Black,Police and Criminal Evidence Act 1984 (section 1),Article for use in theft,Nothing found - no further action,False,
Person search,2017-04-21T06:54:00+00:00,,,51.486450,-3.159018,Male,over 34,Not Stated (NS),Black,Misuse of Drugs Act 1971 (section 23),Controlled drugs,Nothing found - no further action,False,
Person search,2017-04-21T07:04:00+00:00,,,51.485992,-3.166222,Male,over 34,White - White British (W1),White,Police and Criminal Evidence Act 1984 (section 1),Article for use in theft,Nothing found - no further action,False,
Person search,2017-04-21T07:26:00+00:00,,,51.480836,-3.159294,Male,over 34,Black or Black British - African (B2),Black,Misuse of Drugs Act 1971 (section 23),Controlled drugs,Nothing found - no further action,False,
Person search,2017-04-21T07:34:00+00:00,,,51.484531,-3.163866,Male,over 34,Not Stated (NS),White,Misuse of Drugs Act 1971 (section 23),Controlled drugs,Local resolution,False,
Person search,2017-04-21T14:03:00+00:00,,,51.478931,-3.160988,Male,25-34,White - White British (W1),White,Police and Criminal Evidence Act 1984 (section 1),Article for use in theft,Nothing found - no further action,False,
Person search,2017-04-21T14:11:00+00:00,,,51.485538,-3.181045,Male,over 34,White - White British (W1),White,Police and Criminal Evidence Act 1984 (section 1),Article for use in theft,Nothing found - no further action,True,
Person search,2017-04-21T14:51:00+00:00,,,51.511340,-3.576118,Male,18-24,White - White British (W1),White,Misuse of Drugs Act 1971 (section 23),Controlled drugs,Nothing found - no further action,False,
Person search,2017-04-21T14:55:00+00:00,,,51.511340,-3.576118,Male,25-34,White - White British (W1),White,Misuse of Drugs Act 1971 (section 23),Controlled drugs,Nothing found - no further action,False,
Person search,2017-04-21T15:07:00+00:00,,,51.511340,-3.576118,Male,18-24,White - White British (W1),White,Misuse of Drugs Act 1971 (section 23),Controlled drugs,Nothing found - no further action,False,
Person search,2017-04-21T15:08:00+00:00,,,,,Male,25-34,White - White British (W1),White,Misuse of Drugs Act 1971 (section 23),Controlled drugs,Suspect arrested,True,
Person search,2017-04-21T15:12:00+00:00,,,51.511340,-3.576118,Male,18-24,White - White British (W1),White,Misuse of Drugs Act 1971 (section 23),Controlled drugs,Nothing found - no further action,False,
Person search,2017-04-21T15:48:00+00:00,,,51.717061,-4.030534,Male,18-24,White - White British (W1),White,Police and Criminal Evidence Act 1984 (section 1),Offensive weapons,Nothing found - no further action,False,
Person search,2017-04-21T15:48:00+00:00,,,51.717061,-4.030534,Male,25-34,White - White British (W1),White,Police and Criminal Evidence Act 1984 (section 1),Offensive weapons,Nothing found - no further action,False,
Person search,2017-04-21T17:00:00+00:00,,,51.745952,-3.621674,Male,25-34,White - White British (W1),White,Misuse of Drugs Act 1971 (section 23),Controlled drugs,Offender given drugs possession warning,True,
Person search,2017-04-21T18:08:00+00:00,,,51.528413,-3.101397,Male,25-34,White - White British (W1),White,Police and Criminal Evidence Act 1984 (section 1),Stolen goods,Nothing found - no further action,False,
Person search,2017-04-21T18:08:00+00:00,,,,,Male,18-24,,,Police and Criminal Evidence Act 1984 (section 1),Article for use in theft,Nothing found - no further action,False,
Person search,2017-04-21T20:44:00+00:00,,,51.475515,-3.252638,Male,,Not Stated (NS),Other,Police and Criminal Evidence Act 1984 (section 1),Fireworks,Nothing found - no further action,False,
Person and Vehicle search,2017-04-21T21:13:00+00:00,,,51.488790,-3.173265,Male,over 34,White - White British (W1),White,Misuse of Drugs Act 1971 (section 23),Controlled drugs,Nothing found - no further action,False,
Person search,2017-04-21T22:32:00+00:00,,,51.478742,-3.177284,Male,over 34,Not Stated (NS),White,Misuse of Drugs Act 1971 (section 23),Controlled drugs,Nothing found - no further action,False,
Person search,2017-04-21T22:51:00+00:00,,,51.475267,-3.174991,Male,,,White,Misuse of Drugs Act 1971 (section 23),Controlled drugs,Nothing found - no further action,False,
Person and Vehicle search,2017-04-22T00:07:00+00:00,,,51.678821,-3.967969,Male,10-17,White - White British (W1),White,Misuse of Drugs Act 1971 (section 23),Controlled drugs,Nothing found - no further action,False,
Person and Vehicle search,2017-04-22T00:07:00+00:00,,,51.678821,-3.967969,Male,10-17,White - White British (W1),White,Misuse of Drugs Act 1971 (section 23),Controlled drugs,Nothing found - no further action,False,
Person and Vehicle search,2017-04-22T00:07:00+00:00,,,51.678821,-3.967969,Male,10-17,White - White British (W1),White,Misuse of Drugs Act 1971 (section 23),Controlled drugs,Nothing found - no further action,False,
Person and Vehicle search,2017-04-22T00:19:00+00:00,,,51.524955,-3.325218,Male,18-24,Not Stated (NS),White,Misuse of Drugs Act 1971 (section 23),Controlled drugs,Nothing found - no further action,False,
Person and Vehicle search,2017-04-22T00:19:00+00:00,,,51.524955,-3.325218,Male,18-24,White - White British (W1),White,Misuse of Drugs Act 1971 (section 23),Controlled drugs,Offender cautioned,False,
Person and Vehicle search,2017-04-22T00:19:00+00:00,,,51.524955,-3.325218,Male,18-24,White - White British (W1),White,Misuse of Drugs Act 1971 (section 23),Controlled drugs,Nothing found - no further action,False,
Person and Vehicle search,2017-04-22T01:24:00+00:00,,,51.504657,-3.605411,Male,18-24,White - White British (W1),White,Police and Criminal Evidence Act 1984 (section 1),Article for use in theft,Nothing found - no further action,False,
Person search,2017-04-22T05:16:00+00:00,,,,,Male,18-24,White - White British (W1),White,,,,False,
Person search,2017-04-22T05:21:00+00:00,,,,,Male,25-34,White - White British (W1),White,,,,False,
Person search,2017-04-22T07:08:00+00:00,,,51.570489,-3.572839,Male,25-34,White - White British (W1),White,Police and Criminal Evidence Act 1984 (section 1),Article for use in theft,Nothing found - no further action,False,
Person search,2017-04-22T20:58:00+00:00,,,51.763164,-3.359977,Male,25-34,White - White British (W1),White,Misuse of Drugs Act 1971 (section 23),Controlled drugs,Nothing found - no further action,False,
Person search,2017-04-22T21:12:00+00:00,,,51.771990,-3.397085,Male,18-24,White - White British (W1),White,Misuse of Drugs Act 1971 (section 23),Controlled drugs,Nothing found - no further action,False,
Person search,2017-04-22T21:25:00+00:00,,,51.771990,-3.397085,Male,18-24,White - White British (W1),White,Misuse of Drugs Act 1971 (section 23),Controlled drugs,Nothing found - no further action,False,
Person and Vehicle search,2017-04-22T22:01:00+00:00,,,51.501674,-3.205263,Male,25-34,Not Stated (NS),,Misuse of Drugs Act 1971 (section 23),Controlled drugs,Offender given drugs possession warning,True,
Person search,2017-04-22T23:23:00+00:00,,,,,Male,25-34,White - White British (W1),White,Misuse of Drugs Act 1971 (section 23),Controlled drugs,Nothing found - no further action,False,
Person search,2017-04-22T23:33:00+00:00,,,51.502667,-3.214554,Female,over 34,Not Stated (NS),White,Police and Criminal Evidence Act 1984 (section 1),Offensive weapons,Nothing found - no further action,False,
Person and Vehicle search,2017-04-22T23:36:00+00:00,,,51.626666,-3.469922,Male,25-34,White - White British (W1),White,Misuse of Drugs Act 1971 (section 23),Controlled drugs,Local resolution,True,
Person and Vehicle search,2017-04-22T23:43:00+00:00,,,51.626666,-3.469922,Male,18-24,White - White British (W1),White,Misuse of Drugs Act 1971 (section 23),Controlled drugs,Nothing found - no further action,False,
Person search,2017-04-23T01:36:00+00:00,,,51.498881,-3.162186,Male,over 34,White - White Irish (W2),White,Police and Criminal Evidence Act 1984 (section 1),Article for use in theft,Nothing found - no further action,False,
Person search,2017-04-23T01:36:00+00:00,,,51.498881,-3.162186,Male,18-24,Mixed - Any other Mixed ethnic background (M9),,Police and Criminal Evidence Act 1984 (section 1),Article for use in theft,Nothing found - no further action,False,
Person search,2017-04-23T03:20:00+00:00,,,51.478575,-3.176819,Male,,,,Misuse of Drugs Act 1971 (section 23),Controlled drugs,Nothing found - no further action,False,
Person and Vehicle search,2017-04-23T04:28:00+00:00,,,51.499041,-3.170546,Male,18-24,Not Stated (NS),Asian,Misuse of Drugs Act 1971 (section 23),Controlled drugs,Nothing found - no further action,False,
Person and Vehicle search,2017-04-23T04:28:00+00:00,,,51.499041,-3.170546,Male,18-24,Asian or Asian British - Bangladeshi (A3),Black,Misuse of Drugs Act 1971 (section 23),Controlled drugs,Suspect arrested,False,
Person and Vehicle search,2017-04-23T04:28:00+00:00,,,51.499041,-3.170546,Male,18-24,Asian or Asian British - Pakistani (A2),Asian,Misuse of Drugs Act 1971 (section 23),Controlled drugs,Nothing found - no further action,False,
Person search,2017-04-23T09:59:00+00:00,,,51.502491,-3.174395,Male,18-24,Asian or Asian British - Any other Asian ethnic background (A9),Asian,Police and Criminal Evidence Act 1984 (section 1),Article for use in theft,Nothing found - no further action,False,
Person search,2017-04-23T14:35:00+00:00,,,,,Male,10-17,,,Police and Criminal Evidence Act 1984 (section 1),Article for use in theft,Nothing found - no further action,False,
Person search,2017-04-23T14:41:00+00:00,,,,,Male,10-17,,,Police and Criminal Evidence Act 1984 (section 1),Article for use in theft,Local resolution,False,
Person search,2017-04-23T14:45:00+00:00,,,51.525243,-3.241433,Male,10-17,,White,Police and Criminal Evidence Act 1984 (section 1),Article for use in theft,Local resolution,True,
Person search,2017-04-23T16:13:00+00:00,,,51.619260,-3.939532,Male,over 34,White - White British (W1),,Police and Criminal Evidence Act 1984 (section 1),Stolen goods,Nothing found - no further action,False,
Person search,2017-04-23T16:22:00+00:00,,,51.615686,-3.949578,Female,25-34,Chinese or other ethnic group - Any other ethnic group (O9),White,Misuse of Drugs Act 1971 (section 23),Controlled drugs,Nothing found - no further action,False,
Person search,2017-04-23T17:21:00+00:00,,,51.472221,-3.241087,Male,18-24,,White,Misuse of Drugs Act 1971 (section 23),Controlled drugs,Nothing found - no further action,False,
Person and Vehicle search,2017-04-23T17:39:00+00:00,,,51.635407,-3.445221,Male,25-34,White - White British (W1),White,Police and Criminal Evidence Act 1984 (section 1),Controlled drugs,Nothing found - no further action,False,
Person search,2017-04-23T23:46:00+00:00,,,51.499899,-3.233281,Male,18-24,White - White British (W1),White,Police and Criminal Evidence Act 1984 (section 1),Article for use in theft,Nothing found - no further action,False,
Person search,2017-04-23T23:46:00+00:00,,,51.499899,-3.233281,Male,18-24,White - White British (W1),White,Police and Criminal Evidence Act 1984 (section 1),Article for use in theft,Nothing found - no further action,False,
Person search,2017-04-24T00:04:00+00:00,,,51.486474,-3.164722,Male,18-24,Mixed - White and Black Caribbean (M1),Black,Misuse of Drugs Act 1971 (section 23),Controlled drugs,Nothing found - no further action,False,
Person and Vehicle search,2017-04-24T00:10:00+00:00,,,51.486474,-3.164722,Male,18-24,,,Misuse of Drugs Act 1971 (section 23),Controlled drugs,Offender given drugs possession warning,False,
Person search,2017-04-24T00:20:00+00:00,,,51.486474,-3.164722,Male,18-24,Asian or Asian British - Pakistani (A2),Asian,Misuse of Drugs Act 1971 (section 23),Controlled drugs,Suspect summonsed to court,True,
Person search,2017-04-24T00:50:00+00:00,,,51.465554,-3.176037,Male,10-17,Black or Black British - African (B2),Black,Police and Criminal Evidence Act 1984 (section 1),Fireworks,Nothing found - no further action,False,
Person search,2017-04-24T00:50:00+00:00,,,51.465554,-3.176037,Male,10-17,,,Police and Criminal Evidence Act 1984 (section 1),Fireworks,Nothing found - no further action,False,
Person search,2017-04-24T01:02:00+00:00,,,51.475854,-3.171104,Male,18-24,Black or Black British - African (B2),Black,Police and Criminal Evidence Act 1984 (section 1),Article for use in theft,Nothing found - no further action,False,
Person search,2017-04-24T01:03:00+00:00,,,51.411262,-3.258976,Male,10-17,,,Police and Criminal Evidence Act 1984 (section 1),Stolen goods,Nothing found - no further action,False,
Person search,2017-04-24T01:13:00+00:00,,,51.491798,-3.165564,Male,over 34,White - White British (W1),White,Police and Criminal Evidence Act 1984 (section 1),Article for use in theft,Nothing found - no further action,False,
Person search,2017-04-24T01:13:00+00:00,,,51.491798,-3.165564,Male,25-34,White - White British (W1),White,Police and Criminal Evidence Act 1984 (section 1),Article for use in theft,Nothing found - no further action,False,
Person search,2017-04-24T01:28:00+00:00,,,51.410563,-3.252012,Male,10-17,,,Police and Criminal Evidence Act 1984 (section 1),Articles for use in criminal damage,Nothing found - no further action,False,
Person search,2017-04-24T01:28:00+00:00,,,51.410563,-3.252012,Male,10-17,,,Police and Criminal Evidence Act 1984 (section 1),Articles for use in criminal damage,Nothing found - no further action,False,
Person search,2017-04-24T02:32:00+00:00,,,51.478786,-3.187192,Male,over 34,White - White British (W1),White,Police and Criminal Evidence Act 1984 (section 1),Evidence of offences under the Act,Nothing found - no further action,False,
Person search,2017-04-24T03:47:00+00:00,,,51.465380,-3.180798,Male,18-24,Not Stated (NS),,Police and Criminal Evidence Act 1984 (section 1),Article for use in theft,Nothing found - no further action,False,
Person search,2017-04-24T12:20:00+00:00,,,,,Male,over 34,White - White British (W1),White,,,,False,
Person search,2017-04-24T12:47:00+00:00,,,51.496052,-3.153658,Male,over 34,White - White British (W1),White,Police and Criminal Evidence Act 1984 (section 1),Article for use in theft,Nothing found - no further action,False,
Person search,2017-04-24T20:03:00+00:00,,,51.602192,-3.337429,Female,18-24,White - White British (W1),White,Misuse of Drugs Act 1971 (section 23),Controlled drugs,Nothing found - no further action,False,
Person search,2017-04-24T21:12:00+00:00,,,51.659489,-3.924420,Male,25-34,White - White British (W1),White,Misuse of Drugs Act 1971 (section 23),Controlled drugs,Suspect arrested,False,
Person search,2017-04-24T21:59:00+00:00,,,51.517229,-3.574131,Male,over 34,White - White British (W1),White,Police and Criminal Evidence Act 1984 (section 1),Article for use in theft,Suspect arrested,True,
Person search,2017-04-25T00:38:00+00:00,,,51.491463,-3.202300,Male,18-24,White - White British (W1),White,Misuse of Drugs Act 1971 (section 23),Controlled drugs,Nothing found - no further action,False,
Person search,2017-04-25T00:42:00+00:00,,,51.489472,-3.201758,Male,18-24,,,Misuse of Drugs Act 1971 (section 23),Controlled drugs,Nothing found - no further action,False,
Person search,2017-04-25T03:57:00+00:00,,,51.481327,-3.160602,Male,10-17,,,Misuse of Drugs Act 1971 (section 23),Controlled drugs,Local resolution,False,
Person search,2017-04-25T03:57:00+00:00,,,51.481327,-3.160602,Male,10-17,Chinese or other ethnic group - Any other ethnic group (O9),,Misuse of Drugs Act 1971 (section 23),Controlled drugs,Local resolution,False,
Person search,2017-04-25T04:29:00+00:00,,,,,Male,25-34,White - White British (W1),White,Police and Criminal Evidence Act 1984 (section 1),Article for use in theft,Nothing found - no further action,False,
Person search,2017-04-25T04:29:00+00:00,,,,,Male,25-34,White - White British (W1),White,Police and Criminal Evidence Act 1984 (section 1),Article for use in theft,Nothing found - no further action,False,
Person search,2017-04-25T04:29:00+00:00,,,,,Male,25-34,White - White British (W1),White,Police and Criminal Evidence Act 1984 (section 1),Article for use in theft,Nothing found - no further action,False,
Person search,2017-04-25T04:30:00+00:00,,,51.502066,-3.159285,Male,10-17,White - White British (W1),White,,,,False,
Person search,2017-04-25T04:32:00+00:00,,,,,Male,over 34,White - White British (W1),,,,,False,
Person search,2017-04-25T14:21:00+00:00,,,51.504959,-3.576503,Male,10-17,Not Stated (NS),,Misuse of Drugs Act 1971 (section 23),Controlled drugs,Offender given drugs possession warning,True,
Person search,2017-04-25T22:08:00+00:00,,,51.411578,-3.257173,Male,18-24,White - White British (W1),White,Misuse of Drugs Act 1971 (section 23),Controlled drugs,Nothing found - no further action,False,
Person and Vehicle search,2017-04-25T22:24:00+00:00,,,51.415742,-3.180122,Male,25-34,White - White British (W1),White,Misuse of Drugs Act 1971 (section 23),Controlled drugs,Nothing found - no further action,False,
Person search,2017-04-25T22:33:00+00:00,,,51.665668,-3.801422,Male,over 34,White - White British (W1),White,Misuse of Drugs Act 1971 (section 23),Controlled drugs,Suspect arrested,True,
Person search,2017-04-25T22:33:00+00:00,,,51.665668,-3.801422,Male,over 34,White - White British (W1),White,Misuse of Drugs Act 1971 (section 23),Controlled drugs,Suspect arrested,True,
Person search,2017-04-26T01:18:00+00:00,,,,,Male,25-34,Not Stated (NS),Asian,Police and Criminal Evidence Act 1984 (section 1),Stolen goods,Nothing found - no further action,False,
Person search,2017-04-26T01:29:00+00:00,,,,,Male,10-17,,Black,Police and Criminal Evidence Act 1984 (section 1),Article for use in theft,Nothing found - no further action,False,
Person search,2017-04-26T04:17:00+00:00,,,51.610638,-3.329301,Male,18-24,White - White British (W1),White,Police and Criminal Evidence Act 1984 (section 1),Article for use in theft,Suspect arrested,True,
Person search,2017-04-26T04:20:00+00:00,,,51.610638,-3.329301,Male,25-34,White - White British (W1),White,Police and Criminal Evidence Act 1984 (section 1),Article for use in theft,Suspect arrested,False,
Person search,2017-04-26T05:26:00+00:00,,,51.400131,-3.276338,Male,over 34,White - White British (W1),White,Police and Criminal Evidence Act 1984 (section 1),Article for use in theft,Nothing found - no further action,False,
Person search,2017-04-26T05:54:00+00:00,,,51.486260,-3.228895,Male,over 34,White - White Irish (W2),White,Police and Criminal Evidence Act 1984 (section 1),Article for use in theft,Nothing found - no further action,False,
Person search,2017-04-26T05:54:00+00:00,,,51.486260,-3.228895,Male,10-17,,,Police and Criminal Evidence Act 1984 (section 1),Article for use in theft,Nothing found - no further action,False,
Person search,2017-04-26T06:41:00+00:00,,,51.482295,-3.205415,Male,25-34,White - White British (W1),White,Police and Criminal Evidence Act 1984 (section 1),Article for use in theft,Suspect arrested,False,
Person search,2017-04-26T06:51:00+00:00,,,51.492125,-3.157059,Male,18-24,Not Stated (NS),,Police and Criminal Evidence Act 1984 (section 1),Article for use in theft,Nothing found - no further action,False,
Person search,2017-04-26T06:51:00+00:00,,,51.492125,-3.157059,Male,18-24,White - White British (W1),White,Police and Criminal Evidence Act 1984 (section 1),Article for use in theft,Nothing found - no further action,False,
Person search,2017-04-26T06:51:00+00:00,,,51.492125,-3.157059,Male,18-24,Asian or Asian British - Any other Asian ethnic background (A9),Asian,Police and Criminal Evidence Act 1984 (section 1),Article for use in theft,Nothing found - no further action,False,
Person search,2017-04-26T06:51:00+00:00,,,51.492125,-3.157059,Male,18-24,Asian or Asian British - Indian (A1),Asian,Police and Criminal Evidence Act 1984 (section 1),Article for use in theft,Nothing found - no further action,False,
Person search,2017-04-26T08:00:00+00:00,,,51.586179,-3.772884,Male,over 34,White - White British (W1),White,,,,False,
Person search,2017-04-26T09:14:00+00:00,,,51.509320,-3.575861,Male,over 34,White - White British (W1),White,Misuse of Drugs Act 1971 (section 23),Controlled drugs,Suspect arrested,True,
Person search,2017-04-26T09:34:00+00:00,,,51.503121,-3.191340,Male,25-34,Mixed - Any other Mixed ethnic background (M9),White,Misuse of Drugs Act 1971 (section 23),Controlled drugs,Nothing found - no further action,False,
Person search,2017-04-26T14:43:00+00:00,,,,,Male,25-34,Asian or Asian British - Indian (A1),Asian,Police and Criminal Evidence Act 1984 (section 1),Offensive weapons,Nothing found - no further action,False,
Person search,2017-04-26T15:37:00+00:00,,,51.488682,-3.165124,Male,10-17,Asian or Asian British - Any other Asian ethnic background (A9),Asian,Misuse of Drugs Act 1971 (section 23),Controlled drugs,Suspect arrested,True,
Person search,2017-04-26T15:47:00+00:00,,,51.609224,-3.642633,Male,over 34,White - White British (W1),White,Misuse of Drugs Act 1971 (section 23),Controlled drugs,Nothing found - no further action,False,
Person search,2017-04-26T19:22:00+00:00,,,51.533286,-3.374884,Male,18-24,White - White British (W1),White,Misuse of Drugs Act 1971 (section 23),,Nothing found - no further action,False,
Person search,2017-04-26T20:04:00+00:00,,,51.600608,-3.340718,Female,over 34,White - White British (W1),White,,Article for use in theft,Suspect arrested,False,
Person search,2017-04-26T22:35:00+00:00,,,51.492088,-3.176144,Male,10-17,White - White British (W1),White,Police and Criminal Evidence Act 1984 (section 1),,Nothing found - no further action,False,
Person search,2017-04-27T01:05:00+00:00,,,51.580049,-3.293756,Male,over 34,White - White British (W1),White,Misuse of Drugs Act 1971 (section 23),Controlled drugs,Nothing found - no further action,False,
Person search,2017-04-27T01:05:00+00:00,,,51.580049,-3.293756,Male,25-34,White - White British (W1),White,Misuse of Drugs Act 1971 (section 23),Controlled drugs,Nothing found - no further action,False,
Person search,2017-04-27T05:03:00+00:00,,,51.481259,-3.198648,Female,25-34,White - White British (W1),White,Police and Criminal Evidence Act 1984 (section 1),Article for use in theft,Nothing found - no further action,False,
Person search,2017-04-27T05:14:00+00:00,,,51.615088,-3.446467,Male,over 34,White - White British (W1),White,Police and Criminal Evidence Act 1984 (section 1),Article for use in theft,Nothing found - no further action,False,
Person search,2017-04-27T05:20:00+00:00,,,51.480529,-3.257196,Male,25-34,White - White British (W1),White,Police and Criminal Evidence Act 1984 (section 1),Stolen goods,Nothing found - no further action,False,
Person search,2017-04-27T05:33:00+00:00,,,51.609493,-3.447358,Male,18-24,White - White British (W1),White,Police and Criminal Evidence Act 1984 (section 1),Offensive weapons,Nothing found - no further action,False,
Person search,2017-04-27T08:22:00+00:00,,,51.483915,-3.191200,Male,25-34,White - White British (W1),White,Misuse of Drugs Act 1971 (section 23),Controlled drugs,Nothing found - no further action,False,
Person search,2017-04-27T08:22:00+00:00,,,51.483915,-3.191200,Male,over 34,White - White British (W1),White,Misuse of Drugs Act 1971 (section 23),Controlled drugs,Nothing found - no further action,False,
Person search,2017-04-27T08:22:00+00:00,,,51.483915,-3.191200,Male,over 34,White - White British (W1),White,Misuse of Drugs Act 1971 (section 23),Controlled drugs,Nothing found - no further action,False,
Person search,2017-04-27T08:22:00+00:00,,,51.483915,-3.191200,Male,over 34,White - White British (W1),White,Misuse of Drugs Act 1971 (section 23),Controlled drugs,Nothing found - no further action,False,
Person search,2017-04-27T08:45:00+00:00,,,51.415604,-3.264876,Male,25-34,White - White British (W1),White,Police and Criminal Evidence Act 1984 (section 1),Article for use in theft,Suspect summonsed to court,False,
Person search,2017-04-27T10:35:00+00:00,,,51.579178,-3.544231,Female,over 34,White - White British (W1),White,Police and Criminal Evidence Act 1984 (section 1),Offensive weapons,Nothing found - no further action,False,
Person search,2017-04-27T14:34:00+00:00,,,51.647998,-3.492481,Male,18-24,White - White British (W1),White,Misuse of Drugs Act 1971 (section 23),Controlled drugs,Nothing found - no further action,False,
Person search,2017-04-27T18:35:00+00:00,,,,,Male,over 34,White - White British (W1),White,Misuse of Drugs Act 1971 (section 23),Controlled drugs,Nothing found - no further action,False,
Person search,2017-04-27T19:20:00+00:00,,,51.508292,-3.166172,Male,18-24,,,Misuse of Drugs Act 1971 (section 23),Controlled drugs,Nothing found - no further action,False,
Person search,2017-04-27T22:09:00+00:00,,,51.620593,-3.947592,Male,10-17,White - White British (W1),White,Misuse of Drugs Act 1971 (section 23),Controlled drugs,Nothing found - no further action,False,
Person search,2017-04-27T22:09:00+00:00,,,51.620593,-3.947592,Male,10-17,,,Misuse of Drugs Act 1971 (section 23),Controlled drugs,Offender given drugs possession warning,True,
Person search,2017-04-27T22:09:00+00:00,,,51.620593,-3.947592,Female,18-24,,,Misuse of Drugs Act 1971 (section 23),Controlled drugs,Nothing found - no further action,False,
Person search,2017-04-27T22:09:00+00:00,,,51.620593,-3.947592,Male,18-24,,,Misuse of Drugs Act 1971 (section 23),Controlled drugs,Nothing found - no further action,False,
Person search,2017-04-28T00:17:00+00:00,,,51.511986,-3.556671,Male,25-34,White - White British (W1),White,Police and Criminal Evidence Act 1984 (section 1),Article for use in theft,Nothing found - no further action,False,
Person search,2017-04-28T02:11:00+00:00,,,51.463077,-3.164789,Male,over 34,Black or Black British - African (B2),Black,Misuse of Drugs Act 1971 (section 23),Controlled drugs,Suspect arrested,True,
Person search,2017-04-28T02:57:00+00:00,,,51.684915,-3.935640,Female,25-34,White - White British (W1),White,Misuse of Drugs Act 1971 (section 23),Controlled drugs,Nothing found - no further action,False,
Person search,2017-04-28T04:09:00+00:00,,,51.491798,-3.165564,Male,25-34,Asian or Asian British - Any other Asian ethnic background (A9),Asian,Misuse of Drugs Act 1971 (section 23),Controlled drugs,Nothing found - no further action,False,
Person search,2017-04-28T04:09:00+00:00,,,51.491798,-3.165564,Female,25-34,White - White British (W1),White,Misuse of Drugs Act 1971 (section 23),Controlled drugs,Nothing found - no further action,False,
Person search,2017-04-28T04:14:00+00:00,,,51.621990,-3.927745,Male,over 34,White - White British (W1),White,Misuse of Drugs Act 1971 (section 23),Controlled drugs,Suspect arrested,True,
Person search,2017-04-28T07:54:00+00:00,,,51.652519,-3.489117,Male,25-34,White - White British (W1),White,Misuse of Drugs Act 1971 (section 23),Controlled drugs,Nothing found - no further action,False,
Person search,2017-04-28T14:00:00+00:00,,,51.591156,-3.779704,Male,over 34,White - White British (W1),White,,,,False,
Person search,2017-04-28T15:54:00+00:00,,,,,Male,18-24,,,Misuse of Drugs Act 1971 (section 23),Controlled drugs,Nothing found - no further action,False,
Person search,2017-04-28T16:12:00+00:00,,,51.477930,-3.188250,Male,25-34,White - White British (W1),White,Misuse of Drugs Act 1971 (section 23),Controlled drugs,Nothing found - no further action,False,
Person search,2017-04-28T16:32:00+00:00,,,,,Male,25-34,White - White British (W1),White,Police and Criminal Evidence Act 1984 (section 1),Offensive weapons,Nothing found - no further action,False,
Person search,2017-04-29T01:09:00+00:00,,,51.600608,-3.340718,Male,18-24,White - White British (W1),White,Misuse of Drugs Act 1971 (section 23),Controlled drugs,Nothing found - no further action,False,
Person and Vehicle search,2017-04-29T01:44:00+00:00,,,51.612122,-3.961615,Male,25-34,White - White British (W1),,Misuse of Drugs Act 1971 (section 23),Controlled drugs,Offender given drugs possession warning,True,
Person and Vehicle search,2017-04-29T01:44:00+00:00,,,51.612122,-3.961615,Male,18-24,White - White British (W1),White,Misuse of Drugs Act 1971 (section 23),Controlled drugs,Nothing found - no further action,False,
Person search,2017-04-29T05:49:00+00:00,,,,,Male,25-34,White - White Irish (W2),White,Police and Criminal Evidence Act 1984 (section 1),Article for use in theft,Nothing found - no further action,False,
Person search,2017-04-29T14:16:00+00:00,,,51.504438,-3.092073,Male,25-34,White - White British (W1),White,Police and Criminal Evidence Act 1984 (section 1),Article for use in theft,Nothing found - no further action,False,
Person search,2017-04-29T14:44:00+00:00,,,,,Male,25-34,White - White British (W1),White,Police and Criminal Evidence Act 1984 (section 1),Article for use in theft,Nothing found - no further action,False,
Person search,2017-04-29T15:25:00+00:00,,,51.520594,-3.119903,Male,18-24,White - White British (W1),White,Misuse of Drugs Act 1971 (section 23),Controlled drugs,Nothing found - no further action,False,
Person search,2017-04-29T15:25:00+00:00,,,51.520594,-3.119903,Male,18-24,White - White British (W1),White,Misuse of Drugs Act 1971 (section 23),Controlled drugs,Nothing found - no further action,False,
Person search,2017-04-29T16:01:00+00:00,,,,,Male,18-24,White - White British (W1),White,Police and Criminal Evidence Act 1984 (section 1),Evidence of offences under the Act,Nothing found - no further action,False,
Person and Vehicle search,2017-04-29T16:16:00+00:00,,,51.710258,-3.441367,Male,over 34,Not Stated (NS),White,Misuse of Drugs Act 1971 (section 23),Controlled drugs,Nothing found - no further action,False,
Person search,2017-04-29T16:19:00+00:00,,,51.711822,-3.442879,Male,over 34,White - White British (W1),White,Misuse of Drugs Act 1971 (section 23),Controlled drugs,Nothing found - no further action,False,
Person search,2017-04-29T16:21:00+00:00,,,,,Male,10-17,White - White British (W1),,Police and Criminal Evidence Act 1984 (section 1),Article for use in theft,Nothing found - no further action,False,
Person search,2017-04-29T18:42:00+00:00,,,51.519904,-3.107404,Male,18-24,White - White British (W1),White,Misuse of Drugs Act 1971 (section 23),Controlled drugs,Nothing found - no further action,False,
Person search,2017-04-29T19:03:00+00:00,,,51.471385,-3.176518,Male,over 34,White - White British (W1),White,Misuse of Drugs Act 1971 (section 23),Controlled drugs,Nothing found - no further action,False,
Person search,2017-04-29T19:03:00+00:00,,,51.471385,-3.176518,Male,25-34,Mixed - White and Black Caribbean (M1),Black,Misuse of Drugs Act 1971 (section 23),Controlled drugs,Nothing found - no further action,False,
Person and Vehicle search,2017-04-29T19:32:00+00:00,,,51.520538,-3.106929,Male,over 34,White - White British (W1),White,Misuse of Drugs Act 1971 (section 23),Controlled drugs,Nothing found - no further action,False,
Person search,2017-04-29T19:51:00+00:00,,,51.479408,-3.192277,Male,25-34,White - White British (W1),White,Police and Criminal Evidence Act 1984 (section 1),Offensive weapons,Nothing found - no further action,False,
Person search,2017-04-29T20:00:00+00:00,,,51.479408,-3.192277,Male,25-34,Chinese or other ethnic group - Any other ethnic group (O9),Other,Police and Criminal Evidence Act 1984 (section 1),Offensive weapons,Suspect arrested,False,
Person search,2017-04-29T20:30:00+00:00,,,51.588101,-3.421619,Male,over 34,White - White British (W1),White,Police and Criminal Evidence Act 1984 (section 1),Offensive weapons,Nothing found - no further action,False,
Person search,2017-04-29T20:42:00+00:00,,,51.487604,-3.227591,Male,10-17,White - White British (W1),White,Police and Criminal Evidence Act 1984 (section 1),Stolen goods,Nothing found - no further action,False,
Person search,2017-04-29T20:42:00+00:00,,,51.487604,-3.227591,Male,18-24,,,Police and Criminal Evidence Act 1984 (section 1),Stolen goods,Nothing found - no further action,False,
Person search,2017-04-29T20:47:00+00:00,,,51.599883,-3.341982,Male,10-17,White - White British (W1),White,Misuse of Drugs Act 1971 (section 23),Controlled drugs,Nothing found - no further action,False,
Person search,2017-04-29T20:47:00+00:00,,,51.599883,-3.341982,Male,18-24,White - White British (W1),White,Misuse of Drugs Act 1971 (section 23),Controlled drugs,Nothing found - no further action,False,
Person search,2017-04-29T22:30:00+00:00,,,51.476336,-3.187546,Male,25-34,White - Any other White ethnic background (W9),White,Police and Criminal Evidence Act 1984 (section 1),Stolen goods,Nothing found - no further action,False,
Person search,2017-04-29T22:49:00+00:00,,,51.477141,-3.178222,Male,25-34,White - White British (W1),White,Misuse of Drugs Act 1971 (section 23),Controlled drugs,Nothing found - no further action,False,
Person search,2017-04-30T00:42:00+00:00,,,51.620387,-3.938844,Male,18-24,White - White British (W1),White,Misuse of Drugs Act 1971 (section 23),Controlled drugs,Nothing found - no further action,False,
Person search,2017-04-30T00:48:00+00:00,,,,,Male,25-34,White - White British (W1),White,,,,False,
Person search,2017-04-30T02:02:00+00:00,,,,,Male,25-34,White - White British (W1),White,Misuse of Drugs Act 1971 (section 23),Controlled drugs,Nothing found - no further action,False,
Person search,2017-04-30T16:26:00+00:00,,,51.661654,-3.803374,Male,25-34,White - White British (W1),White,Police and Criminal Evidence Act 1984 (section 1),Offensive weapons,Nothing found - no further action,False,
Person search,2017-04-30T16:48:00+00:00,,,51.484531,-3.163866,Male,10-17,,,Police and Criminal Evidence Act 1984 (section 1),Article for use in theft,Nothing found - no further action,False,
Person search,2017-04-30T18:06:00+00:00,,,51.494277,-3.160369,Male,18-24,Asian or Asian British - Pakistani (A2),Asian,Police and Criminal Evidence Act 1984 (section 1),Article for use in theft,Nothing found - no further action,False,
Person search,2017-04-30T19:53:00+00:00,,,51.714150,-3.450249,Male,over 34,White - White British (W1),White,Misuse of Drugs Act 1971 (section 23),Controlled drugs,Nothing found - no further action,False,
Person search,2017-04-30T21:04:00+00:00,,,51.479408,-3.192277,Male,25-34,Black or Black British - Any other Black ethnic background (B9),Black,Police and Criminal Evidence Act 1984 (section 1),Offensive weapons,Nothing found - no further action,False,
Person search,2017-04-30T21:11:00+00:00,,,51.609142,-3.396888,Male,18-24,White - White British (W1),White,,Offensive weapons,Suspect arrested,False,
Person search,2017-04-30T21:41:00+00:00,,,51.609241,-3.333521,Male,over 34,White - White British (W1),White,Police and Criminal Evidence Act 1984 (section 1),Controlled drugs,Suspect arrested,False,
Person search,2017-04-30T21:51:00+00:00,,,51.481068,-3.182845,Male,over 34,Not Stated (NS),Black,Misuse of Drugs Act 1971 (section 23),Controlled drugs,Nothing found - no further action,False,
Person search,2017-04-30T21:51:00+00:00,,,51.481068,-3.182845,Male,25-34,White - White British (W1),White,Misuse of Drugs Act 1971 (section 23),Controlled drugs,Nothing found - no further action,False,
Person search,2017-04-30T22:16:00+00:00,,,,,Male,10-17,White - White British (W1),White,Police and Criminal Evidence Act 1984 (section 1),Article for use in theft,Nothing found - no further action,False,
Person search,2017-04-30T22:17:00+00:00,,,,,Male,10-17,,,Police and Criminal Evidence Act 1984 (section 1),Article for use in theft,Nothing found - no further action,False,
