Type,Date,Part of a policing operation,Policing operation,Latitude,Longitude,Gender,Age range,Self-defined ethnicity,Officer-defined ethnicity,Legislation,Object of search,Outcome,Outcome linked to object of search,Removal of more than just outer clothing
Person search,2016-09-30T23:08:00+00:00,,,51.529784,-3.166894,Male,10-17,White - White British (W1),White,Police and Criminal Evidence Act 1984 (section 1),Article for use in theft,Nothing found - no further action,False,
Person search,2016-09-30T23:26:00+00:00,,,51.525550,-3.164062,Male,10-17,White - White British (W1),White,Misuse of Drugs Act 1971 (section 23),Controlled drugs,Nothing found - no further action,False,
Person search,2016-09-30T23:26:00+00:00,,,51.525550,-3.164062,Male,10-17,White - White British (W1),White,Misuse of Drugs Act 1971 (section 23),Controlled drugs,Nothing found - no further action,False,
Person search,2016-09-30T23:27:00+00:00,,,51.617489,-3.944932,Female,10-17,White - White British (W1),White,Misuse of Drugs Act 1971 (section 23),Controlled drugs,Nothing found - no further action,False,
Person search,2016-09-30T23:34:00+00:00,,,51.503733,-3.199137,Male,18-24,White - White British (W1),White,Misuse of Drugs Act 1971 (section 23),Controlled drugs,Nothing found - no further action,False,
Person search,2016-10-01T00:24:00+00:00,,,51.481140,-3.179290,Male,25-34,Mixed - White and Asian (M3),Asian,Police and Criminal Evidence Act 1984 (section 1),,Nothing found - no further action,False,
Person search,2016-10-01T00:25:00+00:00,,,51.673422,-3.369651,Male,18-24,White - White British (W1),White,Misuse of Drugs Act 1971 (section 23),Controlled drugs,Nothing found - no further action,False,
Person search,2016-10-01T00:25:00+00:00,,,51.673422,-3.369651,Male,18-24,White - White British (W1),White,Misuse of Drugs Act 1971 (section 23),Controlled drugs,Nothing found - no further action,False,
Person and Vehicle search,2016-10-01T01:11:00+00:00,,,51.622330,-3.980793,Male,18-24,,Asian,Misuse of Drugs Act 1971 (section 23),Controlled drugs,Nothing found - no further action,False,
Person and Vehicle search,2016-10-01T01:11:00+00:00,,,51.622330,-3.980793,Male,18-24,,Asian,Misuse of Drugs Act 1971 (section 23),Controlled drugs,Nothing found - no further action,False,
Person and Vehicle search,2016-10-01T01:11:00+00:00,,,51.622330,-3.980793,Male,18-24,,Asian,Misuse of Drugs Act 1971 (section 23),Controlled drugs,Nothing found - no further action,False,
Person search,2016-10-01T01:42:00+00:00,,,51.475854,-3.171104,Male,25-34,White - Any other White ethnic background (W9),White,Police and Criminal Evidence Act 1984 (section 1),Article for use in theft,Nothing found - no further action,False,
Person search,2016-10-01T01:50:00+00:00,,,51.476846,-3.168106,Female,over 34,White - White British (W1),White,,,Nothing found - no further action,False,
Person search,2016-10-01T07:38:00+00:00,,,51.517667,-3.571652,Female,over 34,White - White British (W1),White,Misuse of Drugs Act 1971 (section 23),Controlled drugs,Nothing found - no further action,False,
Person search,2016-10-01T08:25:00+00:00,,,51.641366,-3.947023,Male,18-24,White - White British (W1),White,Police and Criminal Evidence Act 1984 (section 1),,Nothing found - no further action,False,
Person search,2016-10-01T14:45:00+00:00,,,51.617508,-3.941668,Male,over 34,White - White British (W1),White,Misuse of Drugs Act 1971 (section 23),Controlled drugs,Nothing found - no further action,False,
Person search,2016-10-01T14:48:00+00:00,,,51.640064,-3.932746,Male,18-24,White - White British (W1),White,Misuse of Drugs Act 1971 (section 23),Controlled drugs,Nothing found - no further action,False,
Person search,2016-10-01T15:31:00+00:00,,,,,,,,,,,,,
Person search,2016-10-01T15:53:00+00:00,,,51.617548,-3.949513,Male,10-17,White - White British (W1),White,Misuse of Drugs Act 1971 (section 23),Controlled drugs,Suspect arrested,True,
Person search,2016-10-01T16:00:00+00:00,,,51.475280,-3.270314,Male,18-24,White - White British (W1),,Misuse of Drugs Act 1971 (section 23),Controlled drugs,Suspect arrested,False,
Person and Vehicle search,2016-10-01T16:08:00+00:00,,,51.640064,-3.932746,Male,25-34,White - White British (W1),White,Misuse of Drugs Act 1971 (section 23),Controlled drugs,Nothing found - no further action,False,
Person search,2016-10-01T17:48:00+00:00,,,,,,,,,,,,,
Person search,2016-10-01T20:55:00+00:00,,,51.661904,-3.322575,Male,25-34,White - White British (W1),White,Misuse of Drugs Act 1971 (section 23),Controlled drugs,Nothing found - no further action,False,
Person search,2016-10-01T22:34:00+00:00,,,51.478945,-3.159548,Male,over 34,White - White British (W1),White,Misuse of Drugs Act 1971 (section 23),Controlled drugs,Nothing found - no further action,False,
Person search,2016-10-01T22:50:00+00:00,,,51.478945,-3.159548,Male,over 34,White - White British (W1),White,Misuse of Drugs Act 1971 (section 23),Controlled drugs,Nothing found - no further action,False,
Person search,2016-10-01T23:31:00+00:00,,,51.657800,-3.809553,Male,over 34,White - White British (W1),White,Police and Criminal Evidence Act 1984 (section 1),Offensive weapons,Nothing found - no further action,False,
Person search,2016-10-02T00:31:00+00:00,,,51.648637,-3.319774,Male,over 34,White - Any other White ethnic background (W9),White,Police and Criminal Evidence Act 1984 (section 1),Stolen goods,Suspect arrested,True,
Person and Vehicle search,2016-10-02T00:40:00+00:00,,,51.483830,-3.160262,Male,18-24,Chinese or other ethnic group - Any other ethnic group (O9),,Misuse of Drugs Act 1971 (section 23),Controlled drugs,Suspect arrested,False,
Person search,2016-10-02T00:50:00+00:00,,,51.477632,-3.153251,Male,over 34,Mixed - White and Asian (M3),Asian,Police and Criminal Evidence Act 1984 (section 1),Article for use in theft,Nothing found - no further action,False,
Person search,2016-10-02T01:05:00+00:00,,,51.485538,-3.174766,Male,over 34,Black or Black British - African (B2),Black,Police and Criminal Evidence Act 1984 (section 1),,Nothing found - no further action,False,
Person search,2016-10-02T02:25:00+00:00,,,51.491831,-3.182029,Male,over 34,White - White British (W1),White,Police and Criminal Evidence Act 1984 (section 1),,Suspect arrested,False,
Person search,2016-10-02T02:46:00+00:00,,,51.475899,-3.157527,Male,over 34,White - White British (W1),White,Misuse of Drugs Act 1971 (section 23),Controlled drugs,Nothing found - no further action,False,
Person search,2016-10-02T03:00:00+00:00,,,51.477069,-3.176377,Male,25-34,Black or Black British - African (B2),Black,Police and Criminal Evidence Act 1984 (section 1),Offensive weapons,Nothing found - no further action,False,
Person search,2016-10-02T11:06:00+00:00,,,51.736902,-3.823690,Male,18-24,White - White British (W1),White,Police and Criminal Evidence Act 1984 (section 1),,Nothing found - no further action,False,
Person search,2016-10-02T16:34:00+00:00,,,,,Male,25-34,White - White British (W1),White,Misuse of Drugs Act 1971 (section 23),Controlled drugs,Nothing found - no further action,False,
Person search,2016-10-02T21:48:00+00:00,,,,,Male,10-17,White - White British (W1),White,Misuse of Drugs Act 1971 (section 23),Controlled drugs,Nothing found - no further action,False,
Person search,2016-10-02T21:48:00+00:00,,,,,Male,10-17,White - White British (W1),White,Misuse of Drugs Act 1971 (section 23),Controlled drugs,Nothing found - no further action,False,
Person search,2016-10-02T22:26:00+00:00,,,51.747817,-3.384489,Female,over 34,White - White British (W1),White,Misuse of Drugs Act 1971 (section 23),Controlled drugs,Nothing found - no further action,False,
Person search,2016-10-02T22:26:00+00:00,,,51.747817,-3.384489,Male,over 34,White - White British (W1),White,Misuse of Drugs Act 1971 (section 23),Controlled drugs,Nothing found - no further action,False,
Person and Vehicle search,2016-10-02T23:28:00+00:00,,,51.504617,-3.138486,Male,over 34,White - White British (W1),White,Misuse of Drugs Act 1971 (section 23),Controlled drugs,Nothing found - no further action,False,
Person search,2016-10-03T02:00:00+00:00,,,51.478931,-3.160988,Male,25-34,Asian or Asian British - Any other Asian ethnic background (A9),Asian,Police and Criminal Evidence Act 1984 (section 1),,Nothing found - no further action,False,
Person search,2016-10-03T02:05:00+00:00,,,51.485676,-3.170866,Male,18-24,White - White British (W1),White,Misuse of Drugs Act 1971 (section 23),Controlled drugs,,,
Person search,2016-10-03T02:16:00+00:00,,,,,Male,25-34,White - White British (W1),White,Police and Criminal Evidence Act 1984 (section 1),Article for use in theft,Nothing found - no further action,False,
Person search,2016-10-03T03:54:00+00:00,,,,,Male,over 34,Not Stated (NS),Black,Police and Criminal Evidence Act 1984 (section 1),Stolen goods,Nothing found - no further action,False,
Person search,2016-10-03T04:05:00+00:00,,,,,Male,over 34,Not Stated (NS),White,Police and Criminal Evidence Act 1984 (section 1),Article for use in theft,Nothing found - no further action,False,
Person search,2016-10-03T04:19:00+00:00,,,,,Male,over 34,White - White British (W1),White,Misuse of Drugs Act 1971 (section 23),Stolen goods,Nothing found - no further action,False,
Person search,2016-10-03T07:21:00+00:00,,,51.746393,-3.379448,Male,25-34,White - White British (W1),White,Misuse of Drugs Act 1971 (section 23),Controlled drugs,Nothing found - no further action,False,
Person search,2016-10-03T10:00:00+00:00,,,51.746942,-3.378625,Male,over 34,White - White British (W1),White,Misuse of Drugs Act 1971 (section 23),Controlled drugs,Nothing found - no further action,False,
Person search,2016-10-03T11:42:00+00:00,,,51.489534,-3.209783,Male,10-17,White - White British (W1),White,Police and Criminal Evidence Act 1984 (section 1),Stolen goods,Nothing found - no further action,False,
Person search,2016-10-03T13:25:00+00:00,,,51.746942,-3.378625,Male,25-34,White - White British (W1),White,Misuse of Drugs Act 1971 (section 23),Controlled drugs,Suspect arrested,True,
Person search,2016-10-03T14:33:00+00:00,,,51.527484,-3.139345,Male,10-17,White - White British (W1),White,Police and Criminal Evidence Act 1984 (section 1),,Nothing found - no further action,False,
Person search,2016-10-03T14:33:00+00:00,,,51.527484,-3.139345,Male,10-17,White - White British (W1),White,Police and Criminal Evidence Act 1984 (section 1),,Nothing found - no further action,False,
Person search,2016-10-03T14:33:00+00:00,,,51.527484,-3.139345,Male,10-17,White - White British (W1),White,Police and Criminal Evidence Act 1984 (section 1),,Nothing found - no further action,False,
Person search,2016-10-03T14:49:00+00:00,,,51.621578,-3.942954,Male,over 34,White - White British (W1),White,Misuse of Drugs Act 1971 (section 23),Controlled drugs,Nothing found - no further action,False,
Person and Vehicle search,2016-10-03T18:25:00+00:00,,,51.583780,-3.419824,Male,10-17,White - White British (W1),White,Misuse of Drugs Act 1971 (section 23),Controlled drugs,Nothing found - no further action,False,
Person search,2016-10-03T18:41:00+00:00,,,51.481046,-3.166283,Female,over 34,White - White British (W1),White,Misuse of Drugs Act 1971 (section 23),Controlled drugs,Suspect arrested,False,
Person search,2016-10-03T19:17:00+00:00,,,51.473895,-3.159233,Male,over 34,White - White British (W1),White,Misuse of Drugs Act 1971 (section 23),Controlled drugs,Nothing found - no further action,False,
Person and Vehicle search,2016-10-03T19:34:00+00:00,,,51.473895,-3.159233,Male,over 34,White - White British (W1),White,Misuse of Drugs Act 1971 (section 23),Controlled drugs,Nothing found - no further action,False,
Person search,2016-10-03T21:01:00+00:00,,,51.614869,-3.936976,Male,25-34,White - White British (W1),White,Misuse of Drugs Act 1971 (section 23),Controlled drugs,Offender given drugs possession warning,True,
Person search,2016-10-03T21:03:00+00:00,,,51.614685,-3.944321,Male,25-34,White - White British (W1),White,Misuse of Drugs Act 1971 (section 23),Controlled drugs,Offender given drugs possession warning,True,
Person search,2016-10-03T21:13:00+00:00,,,51.619817,-3.940654,Male,over 34,White - White British (W1),White,Misuse of Drugs Act 1971 (section 23),Controlled drugs,Nothing found - no further action,False,
Person search,2016-10-04T02:28:00+00:00,,,51.497279,-3.208634,Male,over 34,White - White British (W1),White,Police and Criminal Evidence Act 1984 (section 1),,Nothing found - no further action,False,
Person search,2016-10-04T02:28:00+00:00,,,51.497279,-3.208634,Female,over 34,White - White British (W1),White,Police and Criminal Evidence Act 1984 (section 1),,Nothing found - no further action,False,
Person search,2016-10-04T03:14:00+00:00,,,51.605381,-3.339285,Male,25-34,White - Any other White ethnic background (W9),White,Misuse of Drugs Act 1971 (section 23),Controlled drugs,Suspect arrested,True,
Person search,2016-10-04T14:51:00+00:00,,,51.641427,-3.439039,Male,,White - White British (W1),White,Police and Criminal Evidence Act 1984 (section 1),Article for use in theft,Nothing found - no further action,False,
Person search,2016-10-04T14:51:00+00:00,,,51.641427,-3.439039,Male,,White - White British (W1),White,Police and Criminal Evidence Act 1984 (section 1),Article for use in theft,Nothing found - no further action,False,
Person search,2016-10-04T15:00:00+00:00,,,51.467747,-3.264274,Male,over 34,White - White British (W1),White,Police and Criminal Evidence Act 1984 (section 1),,Nothing found - no further action,False,
Person search,2016-10-04T15:01:00+00:00,,,51.473523,-3.202433,Male,18-24,Not Stated (NS),Other,Misuse of Drugs Act 1971 (section 23),Controlled drugs,Nothing found - no further action,False,
Person search,2016-10-04T16:41:00+00:00,,,,,,,,,,,,,
Person search,2016-10-04T20:44:00+00:00,,,51.410415,-3.474952,Male,25-34,White - White British (W1),White,Police and Criminal Evidence Act 1984 (section 1),,Nothing found - no further action,False,
Person search,2016-10-04T20:53:00+00:00,,,51.409497,-3.279920,Male,over 34,White - White British (W1),White,Police and Criminal Evidence Act 1984 (section 1),,Nothing found - no further action,False,
Person search,2016-10-04T20:56:00+00:00,,,51.620778,-3.949955,Male,25-34,White - White British (W1),White,Misuse of Drugs Act 1971 (section 23),Controlled drugs,Suspect arrested,True,
Person search,2016-10-04T23:13:00+00:00,,,51.489899,-3.181057,Male,25-34,White - White British (W1),White,Police and Criminal Evidence Act 1984 (section 1),Article for use in theft,Nothing found - no further action,False,
Person search,2016-10-05T00:38:00+00:00,,,51.640064,-3.932746,Male,25-34,White - White British (W1),White,Police and Criminal Evidence Act 1984 (section 1),Controlled drugs,Nothing found - no further action,False,
Person search,2016-10-05T03:42:00+00:00,,,51.634478,-3.656435,Male,25-34,White - White British (W1),White,Misuse of Drugs Act 1971 (section 23),Controlled drugs,Nothing found - no further action,False,
Person search,2016-10-05T05:14:00+00:00,,,51.652712,-3.990069,Male,over 34,White - White British (W1),White,Misuse of Drugs Act 1971 (section 23),Controlled drugs,Suspect arrested,True,
Person search,2016-10-05T10:26:00+00:00,,,51.764169,-3.348458,Male,10-17,White - White British (W1),White,Misuse of Drugs Act 1971 (section 23),Controlled drugs,Nothing found - no further action,False,
Person search,2016-10-05T10:48:00+00:00,,,51.622045,-3.917288,Male,25-34,White - White British (W1),White,Police and Criminal Evidence Act 1984 (section 1),Controlled drugs,Nothing found - no further action,False,
Person search,2016-10-05T12:42:00+00:00,,,51.602495,-3.346347,Male,18-24,,White,Misuse of Drugs Act 1971 (section 23),Controlled drugs,Suspect arrested,True,
Person and Vehicle search,2016-10-05T15:49:00+00:00,,,,,Male,18-24,Asian or Asian British - Pakistani (A2),Asian,Misuse of Drugs Act 1971 (section 23),Controlled drugs,Nothing found - no further action,False,
Person search,2016-10-05T15:49:00+00:00,,,51.461143,-3.357110,Male,18-24,Asian or Asian British - Any other Asian ethnic background (A9),Asian,Misuse of Drugs Act 1971 (section 23),Controlled drugs,Nothing found - no further action,False,
Person search,2016-10-05T22:10:00+00:00,,,51.483130,-3.157379,Male,18-24,White - White British (W1),White,Police and Criminal Evidence Act 1984 (section 1),Stolen goods,Offender given penalty notice,False,
Person search,2016-10-06T00:07:00+00:00,,,51.483130,-3.157379,Male,18-24,White - White British (W1),White,Police and Criminal Evidence Act 1984 (section 1),Article for use in theft,Nothing found - no further action,False,
Person search,2016-10-06T01:21:00+00:00,,,51.627006,-3.939372,Male,25-34,Black or Black British - Any other Black ethnic background (B9),Black,Misuse of Drugs Act 1971 (section 23),Controlled drugs,Offender given drugs possession warning,True,
Person search,2016-10-06T01:21:00+00:00,,,51.627006,-3.939372,Male,25-34,Black or Black British - Any other Black ethnic background (B9),Black,Misuse of Drugs Act 1971 (section 23),Controlled drugs,Nothing found - no further action,False,
Person search,2016-10-06T01:21:00+00:00,,,51.627006,-3.939372,Male,25-34,Black or Black British - Any other Black ethnic background (B9),Black,Misuse of Drugs Act 1971 (section 23),Controlled drugs,Nothing found - no further action,False,
Person and Vehicle search,2016-10-06T03:14:00+00:00,,,51.484624,-3.159923,Male,18-24,White - White Irish (W2),Asian,Misuse of Drugs Act 1971 (section 23),Controlled drugs,Nothing found - no further action,False,
Person search,2016-10-06T04:06:00+00:00,,,51.593568,-3.799044,Male,over 34,White - White British (W1),White,Police and Criminal Evidence Act 1984 (section 1),Article for use in theft,Nothing found - no further action,False,
Person search,2016-10-06T04:26:00+00:00,,,51.711597,-3.443581,Female,25-34,White - White British (W1),White,Police and Criminal Evidence Act 1984 (section 1),Article for use in theft,Nothing found - no further action,False,
Person search,2016-10-06T05:20:00+00:00,,,51.483830,-3.160262,Male,over 34,White - White British (W1),White,Misuse of Drugs Act 1971 (section 23),Controlled drugs,Nothing found - no further action,False,
Person search,2016-10-06T05:28:00+00:00,,,51.484531,-3.163866,Male,over 34,Black or Black British - Any other Black ethnic background (B9),Black,Police and Criminal Evidence Act 1984 (section 1),Article for use in theft,Nothing found - no further action,False,
Person search,2016-10-06T05:33:00+00:00,,,51.652283,-3.813945,Male,over 34,White - White British (W1),White,Police and Criminal Evidence Act 1984 (section 1),,Nothing found - no further action,False,
Person search,2016-10-06T09:56:00+00:00,,,51.656167,-3.492880,Female,over 34,White - White British (W1),White,Police and Criminal Evidence Act 1984 (section 1),Articles for use in criminal damage,Nothing found - no further action,False,
Person search,2016-10-06T11:41:00+00:00,,,51.618957,-3.937728,Male,18-24,White - White British (W1),White,Police and Criminal Evidence Act 1984 (section 1),Offensive weapons,Nothing found - no further action,False,
Person search,2016-10-06T11:49:00+00:00,,,51.499229,-3.577314,Male,25-34,White - White British (W1),White,Misuse of Drugs Act 1971 (section 23),Controlled drugs,Nothing found - no further action,False,
Person search,2016-10-06T12:28:00+00:00,,,51.745152,-3.380207,Female,25-34,White - White British (W1),White,Misuse of Drugs Act 1971 (section 23),Controlled drugs,Suspect arrested,True,
Person search,2016-10-06T13:48:00+00:00,,,51.619990,-3.954616,Male,over 34,White - White British (W1),White,Misuse of Drugs Act 1971 (section 23),Controlled drugs,Nothing found - no further action,False,
Person search,2016-10-06T14:53:00+00:00,,,51.521473,-3.144370,Male,over 34,White - White British (W1),White,Police and Criminal Evidence Act 1984 (section 1),Stolen goods,Nothing found - no further action,False,
Person search,2016-10-06T16:21:00+00:00,,,,,Male,over 34,White - White British (W1),White,Misuse of Drugs Act 1971 (section 23),Controlled drugs,Nothing found - no further action,False,
Person search,2016-10-06T16:26:00+00:00,,,51.599939,-3.421974,Male,18-24,White - White British (W1),White,Misuse of Drugs Act 1971 (section 23),Controlled drugs,Nothing found - no further action,False,
Person search,2016-10-06T17:44:00+00:00,,,51.622101,-3.947758,Female,25-34,White - White British (W1),White,Misuse of Drugs Act 1971 (section 23),Controlled drugs,Nothing found - no further action,False,
Person search,2016-10-06T23:21:00+00:00,,,51.763945,-3.385504,Male,over 34,White - White British (W1),White,Misuse of Drugs Act 1971 (section 23),Controlled drugs,Nothing found - no further action,False,
Person search,2016-10-06T23:56:00+00:00,,,51.602178,-3.340201,Female,25-34,White - White British (W1),White,Police and Criminal Evidence Act 1984 (section 1),Article for use in theft,Nothing found - no further action,False,
Person search,2016-10-06T23:56:00+00:00,,,51.602178,-3.340201,Male,25-34,White - White British (W1),White,Police and Criminal Evidence Act 1984 (section 1),Article for use in theft,Nothing found - no further action,False,
Person search,2016-10-07T01:31:00+00:00,,,51.591828,-3.780496,Male,over 34,White - White British (W1),White,Police and Criminal Evidence Act 1984 (section 1),Stolen goods,Nothing found - no further action,False,
Person search,2016-10-07T02:30:00+00:00,,,51.631660,-3.819393,Male,18-24,White - White British (W1),White,Misuse of Drugs Act 1971 (section 23),Controlled drugs,Nothing found - no further action,False,
Person search,2016-10-07T03:46:00+00:00,,,51.670089,-4.013551,Female,25-34,White - White British (W1),White,Police and Criminal Evidence Act 1984 (section 1),,Suspect arrested,False,
Person search,2016-10-07T10:33:00+00:00,,,,,Male,over 34,White - White British (W1),White,Misuse of Drugs Act 1971 (section 23),Controlled drugs,Nothing found - no further action,False,
Person search,2016-10-07T15:20:00+00:00,,,51.599883,-3.341982,Male,25-34,White - White British (W1),White,Misuse of Drugs Act 1971 (section 23),Controlled drugs,Nothing found - no further action,False,
Person search,2016-10-07T16:50:00+00:00,,,51.473626,-3.179009,Male,over 34,White - White British (W1),White,Police and Criminal Evidence Act 1984 (section 1),Article for use in theft,Nothing found - no further action,False,
Person search,2016-10-07T22:20:00+00:00,,,50.796353,-3.794075,Male,25-34,White - White British (W1),White,Police and Criminal Evidence Act 1984 (section 1),Controlled drugs,Nothing found - no further action,False,
Person search,2016-10-07T22:20:00+00:00,,,51.595058,-3.817915,Male,25-34,White - White British (W1),White,Police and Criminal Evidence Act 1984 (section 1),Controlled drugs,Offender given drugs possession warning,True,
Person and Vehicle search,2016-10-07T22:51:00+00:00,,,51.393099,-3.399926,Male,25-34,White - White British (W1),White,Misuse of Drugs Act 1971 (section 23),Controlled drugs,Offender given drugs possession warning,True,
Person search,2016-10-08T00:05:00+00:00,,,51.744898,-3.378084,Male,over 34,White - White British (W1),White,Police and Criminal Evidence Act 1984 (section 1),Stolen goods,Nothing found - no further action,False,
Person search,2016-10-08T01:06:00+00:00,,,51.485538,-3.181045,Male,18-24,Black or Black British - Any other Black ethnic background (B9),Black,Misuse of Drugs Act 1971 (section 23),Controlled drugs,Nothing found - no further action,False,
Person search,2016-10-08T02:21:00+00:00,,,,,Male,over 34,White - White British (W1),White,Misuse of Drugs Act 1971 (section 23),Controlled drugs,Nothing found - no further action,False,
Person search,2016-10-08T04:26:00+00:00,,,51.481068,-3.182845,Male,25-34,White - White British (W1),White,Police and Criminal Evidence Act 1984 (section 1),,Nothing found - no further action,False,
Person search,2016-10-08T04:54:00+00:00,,,,,Male,over 34,Black or Black British - Any other Black ethnic background (B9),Black,Police and Criminal Evidence Act 1984 (section 1),Offensive weapons,Nothing found - no further action,False,
Person search,2016-10-08T05:49:00+00:00,,,51.661880,-3.350724,Male,18-24,White - White British (W1),White,Misuse of Drugs Act 1971 (section 23),Controlled drugs,Offender given drugs possession warning,True,
Person and Vehicle search,2016-10-08T09:27:00+00:00,,,51.576755,-3.565594,Male,18-24,White - White British (W1),White,Misuse of Drugs Act 1971 (section 23),Controlled drugs,Suspect arrested,True,
Person and Vehicle search,2016-10-08T09:27:00+00:00,,,51.576755,-3.565594,Male,18-24,White - White British (W1),White,Misuse of Drugs Act 1971 (section 23),Controlled drugs,Nothing found - no further action,False,
Person and Vehicle search,2016-10-08T09:27:00+00:00,,,51.576755,-3.565594,Male,18-24,White - White British (W1),White,Misuse of Drugs Act 1971 (section 23),Controlled drugs,Nothing found - no further action,False,
Person search,2016-10-08T12:48:00+00:00,,,51.489510,-3.148653,Male,over 34,White - White British (W1),White,Police and Criminal Evidence Act 1984 (section 1),,Nothing found - no further action,False,
Person search,2016-10-08T13:29:00+00:00,,,51.621578,-3.942954,Male,18-24,White - White British (W1),White,Misuse of Drugs Act 1971 (section 23),Controlled drugs,Suspect arrested,True,
Person search,2016-10-08T14:23:00+00:00,,,51.655351,-3.816149,Female,18-24,White - White British (W1),White,Misuse of Drugs Act 1971 (section 23),Controlled drugs,Nothing found - no further action,False,
Person search,2016-10-08T14:23:00+00:00,,,51.655351,-3.816149,Male,18-24,White - White British (W1),White,Misuse of Drugs Act 1971 (section 23),Controlled drugs,Nothing found - no further action,False,
Person search,2016-10-08T16:57:00+00:00,,,51.609023,-3.658858,Female,25-34,White - White British (W1),White,Misuse of Drugs Act 1971 (section 23),Controlled drugs,Nothing found - no further action,False,
Person search,2016-10-08T17:06:00+00:00,,,51.745152,-3.380207,Male,25-34,White - White British (W1),White,Police and Criminal Evidence Act 1984 (section 1),Stolen goods,Suspect arrested,True,
Person search,2016-10-08T17:13:00+00:00,,,51.604373,-3.438892,Male,over 34,White - White British (W1),White,Misuse of Drugs Act 1971 (section 23),Controlled drugs,Suspect arrested,True,
Person search,2016-10-08T17:13:00+00:00,,,51.634478,-3.656435,Male,25-34,White - White British (W1),White,Misuse of Drugs Act 1971 (section 23),Controlled drugs,Nothing found - no further action,False,
Person search,2016-10-08T23:15:00+00:00,,,51.605381,-3.339285,Male,18-24,White - White British (W1),White,Misuse of Drugs Act 1971 (section 23),Controlled drugs,Nothing found - no further action,False,
Person search,2016-10-08T23:15:00+00:00,,,51.605381,-3.339285,Male,18-24,White - White British (W1),White,Misuse of Drugs Act 1971 (section 23),Controlled drugs,Nothing found - no further action,False,
Person and Vehicle search,2016-10-09T01:23:00+00:00,,,51.663430,-3.306772,Male,25-34,White - White British (W1),White,Misuse of Drugs Act 1971 (section 23),Controlled drugs,Nothing found - no further action,False,
Person search,2016-10-09T01:29:00+00:00,,,51.742812,-3.370431,Male,,Not Stated (NS),Black,Misuse of Drugs Act 1971 (section 23),Controlled drugs,Nothing found - no further action,False,
Person search,2016-10-09T05:20:00+00:00,,,51.483168,-3.242421,Male,25-34,White - White British (W1),White,Misuse of Drugs Act 1971 (section 23),Controlled drugs,Nothing found - no further action,False,
Person search,2016-10-09T12:12:00+00:00,,,,,Male,18-24,White - White British (W1),White,Misuse of Drugs Act 1971 (section 23),Controlled drugs,Nothing found - no further action,False,
Person search,2016-10-09T12:12:00+00:00,,,,,Male,18-24,White - White British (W1),White,Misuse of Drugs Act 1971 (section 23),Controlled drugs,Suspect arrested,True,
Person search,2016-10-09T15:35:00+00:00,,,51.463077,-3.164789,Male,25-34,,White,Misuse of Drugs Act 1971 (section 23),Controlled drugs,Suspect arrested,True,
Person search,2016-10-09T16:38:00+00:00,,,51.500409,-3.227546,Male,10-17,White - White British (W1),White,Police and Criminal Evidence Act 1984 (section 1),Articles for use in criminal damage,Nothing found - no further action,False,
Person search,2016-10-09T16:42:00+00:00,,,51.500409,-3.227546,Male,10-17,White - White British (W1),White,Police and Criminal Evidence Act 1984 (section 1),Articles for use in criminal damage,Nothing found - no further action,False,
Person search,2016-10-09T17:17:00+00:00,,,51.500409,-3.227546,Male,18-24,White - White British (W1),White,Misuse of Drugs Act 1971 (section 23),Controlled drugs,Nothing found - no further action,False,
Person search,2016-10-09T17:23:00+00:00,,,51.500409,-3.227546,Male,18-24,White - White British (W1),White,Misuse of Drugs Act 1971 (section 23),Controlled drugs,Nothing found - no further action,False,
Person search,2016-10-09T17:56:00+00:00,,,51.574653,-4.006111,Male,18-24,White - White British (W1),White,Misuse of Drugs Act 1971 (section 23),Controlled drugs,Offender given drugs possession warning,True,
Person search,2016-10-09T18:04:00+00:00,,,,,Male,18-24,White - White British (W1),White,Misuse of Drugs Act 1971 (section 23),Controlled drugs,Nothing found - no further action,False,
Person search,2016-10-09T18:22:00+00:00,,,,,,,,,,,,,
Person search,2016-10-09T23:39:00+00:00,,,51.467826,-3.164607,Male,18-24,White - White British (W1),White,Police and Criminal Evidence Act 1984 (section 1),,Nothing found - no further action,False,
Person search,2016-10-10T00:26:00+00:00,,,51.595739,-3.797628,Male,18-24,White - White British (W1),White,Police and Criminal Evidence Act 1984 (section 1),Offensive weapons,Nothing found - no further action,False,
Person search,2016-10-10T02:05:00+00:00,,,51.643392,-3.929939,Male,18-24,Not Stated (NS),,Police and Criminal Evidence Act 1984 (section 1),,Nothing found - no further action,,
Person search,2016-10-10T02:05:00+00:00,,,51.643392,-3.929939,Male,18-24,Not Stated (NS),,Police and Criminal Evidence Act 1984 (section 1),Stolen goods,Suspect arrested,True,
Person search,2016-10-10T05:54:00+00:00,,,51.714678,-3.441682,Male,over 34,White - White British (W1),White,Misuse of Drugs Act 1971 (section 23),Controlled drugs,Suspect arrested,True,
Person search,2016-10-10T10:15:00+00:00,,,51.506547,-3.561975,Male,25-34,White - White British (W1),White,Misuse of Drugs Act 1971 (section 23),Controlled drugs,Nothing found - no further action,False,
Person search,2016-10-10T14:35:00+00:00,,,51.763354,-3.381472,Male,18-24,White - White British (W1),White,Misuse of Drugs Act 1971 (section 23),Controlled drugs,Nothing found - no further action,False,
Person search,2016-10-10T14:50:00+00:00,,,51.483130,-3.157379,Male,18-24,Black or Black British - Any other Black ethnic background (B9),Black,Misuse of Drugs Act 1971 (section 23),Controlled drugs,Offender given drugs possession warning,True,
Person search,2016-10-10T14:50:00+00:00,,,51.483130,-3.157379,Male,18-24,Black or Black British - Any other Black ethnic background (B9),Black,Misuse of Drugs Act 1971 (section 23),Controlled drugs,Nothing found - no further action,False,
Person search,2016-10-10T14:50:00+00:00,,,51.483130,-3.157379,Male,18-24,Black or Black British - Any other Black ethnic background (B9),Black,Misuse of Drugs Act 1971 (section 23),Controlled drugs,Nothing found - no further action,False,
Person search,2016-10-10T18:13:00+00:00,,,,,Male,over 34,White - White British (W1),White,Police and Criminal Evidence Act 1984 (section 1),Controlled drugs,Nothing found - no further action,False,
Person search,2016-10-10T22:05:00+00:00,,,51.488700,-3.202530,Male,25-34,White - White British (W1),White,Police and Criminal Evidence Act 1984 (section 1),Article for use in theft,Nothing found - no further action,False,
Person search,2016-10-10T23:09:00+00:00,,,51.485571,-3.227652,Male,18-24,Mixed - Any other Mixed ethnic background (M9),White,Police and Criminal Evidence Act 1984 (section 1),,Suspect arrested,False,
Person search,2016-10-11T01:13:00+00:00,,,,,Male,10-17,White - White British (W1),White,Misuse of Drugs Act 1971 (section 23),Controlled drugs,Nothing found - no further action,False,
Person search,2016-10-11T01:13:00+00:00,,,,,Male,10-17,White - White British (W1),White,Misuse of Drugs Act 1971 (section 23),Controlled drugs,Nothing found - no further action,False,
Person search,2016-10-11T03:47:00+00:00,,,51.516963,-3.222385,Male,10-17,White - White British (W1),White,Police and Criminal Evidence Act 1984 (section 1),Offensive weapons,Nothing found - no further action,False,
Person search,2016-10-11T05:19:00+00:00,,,,,Male,10-17,White - White British (W1),White,Misuse of Drugs Act 1971 (section 23),Controlled drugs,Nothing found - no further action,False,
Person search,2016-10-11T05:19:00+00:00,,,,,Male,10-17,White - White British (W1),White,Misuse of Drugs Act 1971 (section 23),Controlled drugs,Nothing found - no further action,False,
Person search,2016-10-11T05:59:00+00:00,,,52.601165,-3.210035,Male,25-34,White - Any other White ethnic background (W9),White,Misuse of Drugs Act 1971 (section 23),Controlled drugs,Suspect arrested,True,
Person search,2016-10-11T06:02:00+00:00,,,51.481140,-3.179290,Male,18-24,White - Any other White ethnic background (W9),White,Misuse of Drugs Act 1971 (section 23),Controlled drugs,Suspect arrested,True,
Person search,2016-10-11T11:19:00+00:00,,,51.626666,-3.469922,Male,18-24,White - White British (W1),White,Police and Criminal Evidence Act 1984 (section 1),Stolen goods,Nothing found - no further action,False,
Person search,2016-10-11T12:42:00+00:00,,,51.515255,-3.195332,Male,over 34,White - White British (W1),White,Police and Criminal Evidence Act 1984 (section 1),,Nothing found - no further action,False,
Person search,2016-10-11T12:45:00+00:00,,,,,Male,18-24,Not Stated (NS),White,Police and Criminal Evidence Act 1984 (section 1),,Suspect arrested,False,
Person search,2016-10-11T14:30:00+00:00,,,51.520648,-3.584021,Male,18-24,White - White British (W1),White,Police and Criminal Evidence Act 1984 (section 1),,Nothing found - no further action,False,
Person search,2016-10-11T14:44:00+00:00,,,,,Male,18-24,White - White British (W1),White,Misuse of Drugs Act 1971 (section 23),Controlled drugs,Nothing found - no further action,False,
Person search,2016-10-11T20:57:00+00:00,,,,,Male,25-34,Asian or Asian British - Any other Asian ethnic background (A9),Other,,,Nothing found - no further action,False,
Person and Vehicle search,2016-10-11T22:01:00+00:00,,,51.651753,-3.787513,Male,over 34,White - White Irish (W2),White,Police and Criminal Evidence Act 1984 (section 1),Stolen goods,Nothing found - no further action,False,
Person and Vehicle search,2016-10-11T22:01:00+00:00,,,51.651753,-3.787513,Male,over 34,White - White Irish (W2),White,Police and Criminal Evidence Act 1984 (section 1),Stolen goods,Nothing found - no further action,False,
Person and Vehicle search,2016-10-11T22:01:00+00:00,,,51.651753,-3.787513,Male,over 34,White - White Irish (W2),White,Police and Criminal Evidence Act 1984 (section 1),Stolen goods,Nothing found - no further action,False,
Person search,2016-10-12T01:44:00+00:00,,,51.574418,-3.590263,Male,18-24,,White,Misuse of Drugs Act 1971 (section 23),Controlled drugs,Suspect arrested,True,
Person search,2016-10-12T02:16:00+00:00,,,51.654005,-3.809012,Male,18-24,White - White British (W1),White,Police and Criminal Evidence Act 1984 (section 1),Stolen goods,Nothing found - no further action,False,
Person search,2016-10-12T02:28:00+00:00,,,51.654005,-3.809012,Male,25-34,White - White British (W1),White,Police and Criminal Evidence Act 1984 (section 1),Stolen goods,Nothing found - no further action,False,
Person search,2016-10-12T10:38:00+00:00,,,51.637562,-3.647530,Male,25-34,White - White British (W1),White,Misuse of Drugs Act 1971 (section 23),Controlled drugs,Suspect arrested,True,
Person search,2016-10-12T11:19:00+00:00,,,51.478822,-3.173758,Male,over 34,White - White British (W1),White,Misuse of Drugs Act 1971 (section 23),Controlled drugs,Nothing found - no further action,False,
Person search,2016-10-12T14:38:00+00:00,,,51.596977,-3.801893,Male,25-34,White - White British (W1),White,Police and Criminal Evidence Act 1984 (section 1),,Nothing found - no further action,False,
Person search,2016-10-12T14:47:00+00:00,,,51.594937,-3.783577,Male,over 34,White - White British (W1),White,Misuse of Drugs Act 1971 (section 23),Controlled drugs,Nothing found - no further action,False,
Person search,2016-10-12T16:26:00+00:00,,,51.653292,-3.495445,Male,over 34,White - White British (W1),White,Police and Criminal Evidence Act 1984 (section 1),Article for use in theft,Nothing found - no further action,False,
Person search,2016-10-12T20:39:00+00:00,,,51.618015,-3.947915,Male,over 34,White - White British (W1),White,Police and Criminal Evidence Act 1984 (section 1),Articles for use in criminal damage,Nothing found - no further action,False,
Person search,2016-10-12T21:56:00+00:00,,,51.537854,-3.378626,Male,over 34,White - White British (W1),White,Police and Criminal Evidence Act 1984 (section 1),Article for use in theft,Suspect arrested,False,
Person search,2016-10-12T22:39:00+00:00,,,51.597621,-3.331390,Male,18-24,White - White British (W1),White,Police and Criminal Evidence Act 1984 (section 1),Stolen goods,Nothing found - no further action,False,
Person search,2016-10-12T23:09:00+00:00,,,51.473523,-3.202433,Male,18-24,White - White British (W1),White,Police and Criminal Evidence Act 1984 (section 1),Stolen goods,Offender cautioned,True,
Person search,2016-10-12T23:14:00+00:00,,,51.473523,-3.202433,Male,18-24,White - White British (W1),White,Police and Criminal Evidence Act 1984 (section 1),Stolen goods,Nothing found - no further action,False,
Person search,2016-10-12T23:14:00+00:00,,,51.473523,-3.202433,Male,18-24,White - White British (W1),White,Police and Criminal Evidence Act 1984 (section 1),Stolen goods,Nothing found - no further action,False,
Person and Vehicle search,2016-10-13T00:36:00+00:00,,,51.484048,-3.161838,Male,25-34,Black or Black British - African (B2),Black,Misuse of Drugs Act 1971 (section 23),Controlled drugs,Nothing found - no further action,False,
Person search,2016-10-13T01:11:00+00:00,,,51.482497,-3.174054,Male,25-34,Not Stated (NS),,Police and Criminal Evidence Act 1984 (section 1),Stolen goods,Suspect arrested,True,
Person search,2016-10-13T01:42:00+00:00,,,51.488774,-3.154065,Male,over 34,White - White British (W1),White,Police and Criminal Evidence Act 1984 (section 1),Article for use in theft,Nothing found - no further action,False,
Person search,2016-10-13T01:57:00+00:00,,,51.488774,-3.154065,Male,over 34,White - White British (W1),White,Police and Criminal Evidence Act 1984 (section 1),,Nothing found - no further action,False,
Person search,2016-10-13T02:05:00+00:00,,,51.482497,-3.174054,Male,over 34,White - White British (W1),White,Police and Criminal Evidence Act 1984 (section 1),Article for use in theft,Nothing found - no further action,False,
Person search,2016-10-13T02:36:00+00:00,,,51.480314,-3.179139,Male,18-24,White - White British (W1),White,Misuse of Drugs Act 1971 (section 23),Controlled drugs,Nothing found - no further action,False,
Person search,2016-10-13T03:09:00+00:00,,,51.595040,-3.791594,Male,18-24,White - White British (W1),White,Misuse of Drugs Act 1971 (section 23),Controlled drugs,Nothing found - no further action,False,
Person search,2016-10-13T03:09:00+00:00,,,51.595040,-3.791594,Male,18-24,White - White British (W1),White,Misuse of Drugs Act 1971 (section 23),Controlled drugs,Nothing found - no further action,False,
Person search,2016-10-13T04:03:00+00:00,,,51.650212,-3.486657,Male,over 34,White - White British (W1),White,Misuse of Drugs Act 1971 (section 23),Controlled drugs,Nothing found - no further action,False,
Person search,2016-10-13T04:03:00+00:00,,,51.650212,-3.486657,Male,over 34,White - White British (W1),White,Misuse of Drugs Act 1971 (section 23),Controlled drugs,Nothing found - no further action,False,
Person search,2016-10-13T14:05:00+00:00,,,51.599883,-3.341982,Female,10-17,White - White British (W1),White,Misuse of Drugs Act 1971 (section 23),Controlled drugs,Nothing found - no further action,False,
Person search,2016-10-13T15:22:00+00:00,,,,,Male,over 34,White - White British (W1),White,Misuse of Drugs Act 1971 (section 23),Controlled drugs,Nothing found - no further action,False,
Person search,2016-10-13T15:24:00+00:00,,,51.599883,-3.341982,Male,18-24,White - White British (W1),White,Police and Criminal Evidence Act 1984 (section 1),Stolen goods,Nothing found - no further action,False,
Person search,2016-10-13T19:30:00+00:00,,,51.484531,-3.163866,Male,over 34,White - White British (W1),White,Police and Criminal Evidence Act 1984 (section 1),Article for use in theft,Nothing found - no further action,False,
Person search,2016-10-13T20:00:00+00:00,,,51.605381,-3.339285,Male,over 34,,,,,,,
Person search,2016-10-13T23:19:00+00:00,,,51.485571,-3.227652,Male,25-34,White - White British (W1),White,Police and Criminal Evidence Act 1984 (section 1),,Nothing found - no further action,False,
Person search,2016-10-14T00:05:00+00:00,,,51.476545,-3.184715,Male,over 34,Black or Black British - Any other Black ethnic background (B9),Black,Misuse of Drugs Act 1971 (section 23),Controlled drugs,Suspect arrested,False,
Person search,2016-10-14T00:05:00+00:00,,,51.476545,-3.184715,Male,over 34,Black or Black British - Any other Black ethnic background (B9),Black,Misuse of Drugs Act 1971 (section 23),Controlled drugs,Nothing found - no further action,False,
Person search,2016-10-14T11:20:00+00:00,,,51.618868,-3.940960,Male,over 34,White - White British (W1),White,Misuse of Drugs Act 1971 (section 23),Controlled drugs,Nothing found - no further action,False,
Person and Vehicle search,2016-10-14T12:27:00+00:00,,,51.463935,-3.182287,Male,18-24,White - White British (W1),White,Misuse of Drugs Act 1971 (section 23),Controlled drugs,Nothing found - no further action,False,
Person and Vehicle search,2016-10-14T12:27:00+00:00,,,51.463935,-3.182287,Male,18-24,White - White British (W1),White,Misuse of Drugs Act 1971 (section 23),Controlled drugs,Nothing found - no further action,False,
Person search,2016-10-14T13:54:00+00:00,,,51.618196,-3.965662,Male,25-34,White - White British (W1),White,Misuse of Drugs Act 1971 (section 23),Controlled drugs,Nothing found - no further action,False,
Person search,2016-10-14T15:17:00+00:00,,,51.644328,-3.926062,Female,over 34,White - Any other White ethnic background (W9),White,Police and Criminal Evidence Act 1984 (section 1),Stolen goods,Suspect arrested,True,
Person and Vehicle search,2016-10-14T15:31:00+00:00,,,51.658797,-3.905118,Female,over 34,White - White British (W1),White,Police and Criminal Evidence Act 1984 (section 1),Stolen goods,Suspect arrested,True,
Person search,2016-10-14T17:10:00+00:00,,,51.483314,-3.165146,Male,25-34,White - White British (W1),White,Police and Criminal Evidence Act 1984 (section 1),Article for use in theft,Nothing found - no further action,False,
Person search,2016-10-14T17:21:00+00:00,,,51.490778,-3.139424,Male,over 34,White - White British (W1),White,Misuse of Drugs Act 1971 (section 23),Controlled drugs,Nothing found - no further action,False,
Person search,2016-10-14T17:32:00+00:00,,,51.484531,-3.163866,Male,over 34,Not Stated (NS),Black,Misuse of Drugs Act 1971 (section 23),Controlled drugs,Nothing found - no further action,False,
Person search,2016-10-14T19:34:00+00:00,,,51.509591,-3.546026,Male,over 34,White - White British (W1),White,Misuse of Drugs Act 1971 (section 23),Controlled drugs,Nothing found - no further action,False,
Person search,2016-10-14T22:20:00+00:00,,,51.619929,-3.942046,Male,18-24,Black or Black British - Any other Black ethnic background (B9),,Misuse of Drugs Act 1971 (section 23),Controlled drugs,Nothing found - no further action,False,
Person search,2016-10-14T22:20:00+00:00,,,51.619929,-3.942046,Male,18-24,Black or Black British - Any other Black ethnic background (B9),,Misuse of Drugs Act 1971 (section 23),Controlled drugs,Nothing found - no further action,False,
Person search,2016-10-15T00:48:00+00:00,,,,,Female,over 34,White - White British (W1),White,Police and Criminal Evidence Act 1984 (section 1),Stolen goods,Nothing found - no further action,False,
Person search,2016-10-15T00:53:00+00:00,,,51.662036,-3.924890,Male,over 34,White - White British (W1),White,Police and Criminal Evidence Act 1984 (section 1),,Nothing found - no further action,False,
Person search,2016-10-15T02:29:00+00:00,,,,,Male,25-34,White - White British (W1),White,Misuse of Drugs Act 1971 (section 23),Controlled drugs,Offender given drugs possession warning,True,
Person search,2016-10-15T06:49:00+00:00,,,51.484434,-3.174564,Male,10-17,,,,,,,
Person search,2016-10-15T07:19:00+00:00,,,51.506627,-3.579500,Male,over 34,White - White British (W1),White,Police and Criminal Evidence Act 1984 (section 1),,Nothing found - no further action,False,
Person search,2016-10-15T12:47:00+00:00,,,51.664824,-3.827489,Male,over 34,White - White British (W1),White,Misuse of Drugs Act 1971 (section 23),Controlled drugs,,,
Person search,2016-10-15T19:28:00+00:00,,,51.621124,-3.941562,Male,over 34,White - White British (W1),White,Misuse of Drugs Act 1971 (section 23),Controlled drugs,Nothing found - no further action,False,
Person search,2016-10-15T19:31:00+00:00,,,51.481895,-3.178431,Male,,Not Stated (NS),White,Police and Criminal Evidence Act 1984 (section 1),,Nothing found - no further action,False,
Person search,2016-10-15T21:24:00+00:00,,,,,Male,25-34,White - White British (W1),White,Misuse of Drugs Act 1971 (section 23),Controlled drugs,Nothing found - no further action,False,
Person search,2016-10-15T22:57:00+00:00,,,51.488700,-3.202530,Male,over 34,White - White British (W1),White,Police and Criminal Evidence Act 1984 (section 1),Stolen goods,Suspect arrested,True,
Person search,2016-10-15T23:25:00+00:00,,,51.591828,-3.780496,Male,over 34,White - White British (W1),White,Police and Criminal Evidence Act 1984 (section 1),Stolen goods,Nothing found - no further action,False,
Person search,2016-10-16T00:51:00+00:00,,,,,Male,25-34,White - Any other White ethnic background (W9),White,Police and Criminal Evidence Act 1984 (section 1),Article for use in theft,Nothing found - no further action,False,
Person search,2016-10-16T01:06:00+00:00,,,51.591828,-3.780496,Female,10-17,White - White British (W1),White,Misuse of Drugs Act 1971 (section 23),Controlled drugs,Nothing found - no further action,False,
Person search,2016-10-16T01:06:00+00:00,,,51.591828,-3.780496,Male,10-17,White - White British (W1),White,Misuse of Drugs Act 1971 (section 23),Controlled drugs,Nothing found - no further action,False,
Person search,2016-10-16T01:10:00+00:00,,,51.596457,-3.782987,Male,18-24,White - White British (W1),White,Misuse of Drugs Act 1971 (section 23),Controlled drugs,Suspect arrested,True,
Person and Vehicle search,2016-10-16T04:43:00+00:00,,,51.468693,-3.160627,Male,25-34,White - Any other White ethnic background (W9),White,Misuse of Drugs Act 1971 (section 23),Controlled drugs,Nothing found - no further action,False,
Person and Vehicle search,2016-10-16T04:43:00+00:00,,,51.468693,-3.160627,Male,25-34,White - Any other White ethnic background (W9),White,Misuse of Drugs Act 1971 (section 23),Controlled drugs,Nothing found - no further action,False,
Person and Vehicle search,2016-10-16T04:43:00+00:00,,,51.468693,-3.160627,Male,25-34,White - Any other White ethnic background (W9),White,Misuse of Drugs Act 1971 (section 23),Controlled drugs,Nothing found - no further action,False,
Person and Vehicle search,2016-10-16T04:43:00+00:00,,,51.468693,-3.160627,Male,25-34,White - Any other White ethnic background (W9),White,Misuse of Drugs Act 1971 (section 23),Controlled drugs,Nothing found - no further action,False,
Person search,2016-10-16T16:00:00+00:00,,,51.483192,-3.171004,Male,18-24,White - White British (W1),White,Police and Criminal Evidence Act 1984 (section 1),,Nothing found - no further action,False,
Person search,2016-10-16T21:46:00+00:00,,,51.505328,-3.578461,Male,18-24,White - White British (W1),White,Misuse of Drugs Act 1971 (section 23),Controlled drugs,Nothing found - no further action,False,
Person search,2016-10-16T21:58:00+00:00,,,,,Female,over 34,White - White British (W1),White,Misuse of Drugs Act 1971 (section 23),Controlled drugs,Offender given drugs possession warning,True,
Person search,2016-10-16T23:19:00+00:00,,,51.654005,-3.809012,Male,25-34,White - White British (W1),White,Police and Criminal Evidence Act 1984 (section 1),Article for use in theft,Nothing found - no further action,False,
Person search,2016-10-16T23:46:00+00:00,,,51.670167,-3.786474,Male,25-34,White - White British (W1),White,Misuse of Drugs Act 1971 (section 23),Controlled drugs,Nothing found - no further action,False,
Person search,2016-10-17T00:13:00+00:00,,,51.712806,-3.444734,Female,18-24,White - White British (W1),White,Misuse of Drugs Act 1971 (section 23),Controlled drugs,Nothing found - no further action,False,
Person search,2016-10-17T05:11:00+00:00,,,51.650682,-3.976580,Male,over 34,White - White British (W1),White,Police and Criminal Evidence Act 1984 (section 1),,Nothing found - no further action,False,
Person search,2016-10-17T05:20:00+00:00,,,51.617733,-3.946517,Male,10-17,White - White British (W1),White,Police and Criminal Evidence Act 1984 (section 1),Articles for use in criminal damage,Nothing found - no further action,False,
Person search,2016-10-17T07:10:00+00:00,,,51.490195,-3.236937,Male,over 34,White - White British (W1),White,Police and Criminal Evidence Act 1984 (section 1),Article for use in theft,Suspect arrested,False,
Person search,2016-10-17T07:34:00+00:00,,,51.472745,-3.179894,Male,18-24,,,,,,,
Person search,2016-10-17T12:49:00+00:00,,,51.506484,-3.576095,Male,25-34,White - White British (W1),White,Police and Criminal Evidence Act 1984 (section 1),,Suspect arrested,False,
Person and Vehicle search,2016-10-17T14:21:00+00:00,,,51.522786,-3.572794,Male,18-24,White - White British (W1),White,Misuse of Drugs Act 1971 (section 23),Controlled drugs,Nothing found - no further action,False,
Person and Vehicle search,2016-10-17T14:21:00+00:00,,,51.522786,-3.572794,Male,18-24,White - White British (W1),White,Misuse of Drugs Act 1971 (section 23),Controlled drugs,Nothing found - no further action,False,
Person and Vehicle search,2016-10-17T19:25:00+00:00,,,,,Male,18-24,White - White British (W1),White,Misuse of Drugs Act 1971 (section 23),Controlled drugs,Offender given drugs possession warning,True,
Person and Vehicle search,2016-10-17T19:25:00+00:00,,,,,Male,18-24,White - White British (W1),White,Misuse of Drugs Act 1971 (section 23),Controlled drugs,Offender given drugs possession warning,True,
Person search,2016-10-17T20:12:00+00:00,,,51.609618,-3.406015,Male,over 34,White - White British (W1),White,Police and Criminal Evidence Act 1984 (section 1),Stolen goods,Suspect arrested,True,
Person and Vehicle search,2016-10-17T22:37:00+00:00,,,51.614324,-3.447194,Male,25-34,White - White British (W1),White,Misuse of Drugs Act 1971 (section 23),Controlled drugs,Nothing found - no further action,False,
Person and Vehicle search,2016-10-17T22:42:00+00:00,,,51.485676,-3.170866,Male,25-34,Asian or Asian British - Any other Asian ethnic background (A9),Other,Misuse of Drugs Act 1971 (section 23),Controlled drugs,Nothing found - no further action,False,
Person search,2016-10-18T00:26:00+00:00,,,51.505603,-3.577447,Male,over 34,White - White British (W1),White,Police and Criminal Evidence Act 1984 (section 1),,Nothing found - no further action,False,
Person search,2016-10-18T02:01:00+00:00,,,51.476931,-3.192717,Male,over 34,White - White British (W1),White,Misuse of Drugs Act 1971 (section 23),Controlled drugs,Nothing found - no further action,False,
Person search,2016-10-18T04:24:00+00:00,,,51.617733,-3.946517,Male,10-17,,,,,,,
Person search,2016-10-18T05:27:00+00:00,,,,,Male,10-17,White - White British (W1),White,Misuse of Drugs Act 1971 (section 23),Controlled drugs,Nothing found - no further action,False,
Person search,2016-10-18T10:20:00+00:00,,,51.621718,-3.943697,Male,over 34,White - White British (W1),White,Misuse of Drugs Act 1971 (section 23),Controlled drugs,Nothing found - no further action,False,
Person search,2016-10-18T10:43:00+00:00,,,51.621718,-3.943697,Female,over 34,Not Stated (NS),White,Misuse of Drugs Act 1971 (section 23),Controlled drugs,Nothing found - no further action,False,
Person search,2016-10-18T16:14:00+00:00,,,,,Male,25-34,White - White British (W1),White,Misuse of Drugs Act 1971 (section 23),Controlled drugs,Nothing found - no further action,False,
Person search,2016-10-18T16:17:00+00:00,,,51.634478,-3.656435,Male,25-34,White - White British (W1),White,Misuse of Drugs Act 1971 (section 23),Controlled drugs,Nothing found - no further action,False,
Person search,2016-10-18T18:44:00+00:00,,,51.654005,-3.809012,Male,25-34,White - White British (W1),White,Police and Criminal Evidence Act 1984 (section 1),,Nothing found - no further action,False,
Person search,2016-10-18T22:40:00+00:00,,,51.655201,-3.810751,Male,over 34,White - White British (W1),White,Police and Criminal Evidence Act 1984 (section 1),Article for use in theft,Nothing found - no further action,False,
Person search,2016-10-18T22:40:00+00:00,,,51.655201,-3.810751,Male,over 34,White - White British (W1),White,Police and Criminal Evidence Act 1984 (section 1),Article for use in theft,Nothing found - no further action,False,
Person search,2016-10-18T22:40:00+00:00,,,51.655201,-3.810751,Male,over 34,White - White British (W1),White,Police and Criminal Evidence Act 1984 (section 1),Article for use in theft,Nothing found - no further action,False,
Person search,2016-10-18T22:40:00+00:00,,,51.655201,-3.810751,Male,over 34,White - White British (W1),White,Police and Criminal Evidence Act 1984 (section 1),Article for use in theft,Nothing found - no further action,False,
Person search,2016-10-18T23:27:00+00:00,,,,,Female,25-34,White - White British (W1),White,Police and Criminal Evidence Act 1984 (section 1),Stolen goods,Nothing found - no further action,False,
Person and Vehicle search,2016-10-19T01:06:00+00:00,,,51.498579,-3.184249,Male,over 34,Asian or Asian British - Any other Asian ethnic background (A9),Other,Police and Criminal Evidence Act 1984 (section 1),Offensive weapons,Nothing found - no further action,False,
Person search,2016-10-19T05:33:00+00:00,,,51.605381,-3.339285,Male,10-17,White - White British (W1),White,Police and Criminal Evidence Act 1984 (section 1),Article for use in theft,Suspect arrested,False,
Person search,2016-10-19T13:21:00+00:00,,,51.484463,-3.231266,Male,over 34,White - White British (W1),,Misuse of Drugs Act 1971 (section 23),Controlled drugs,Nothing found - no further action,False,
Person search,2016-10-19T13:42:00+00:00,,,51.605381,-3.339285,Male,25-34,White - White British (W1),White,Misuse of Drugs Act 1971 (section 23),Controlled drugs,Nothing found - no further action,False,
Person search,2016-10-19T13:47:00+00:00,,,51.604544,-3.340170,Male,over 34,White - White British (W1),White,Police and Criminal Evidence Act 1984 (section 1),Stolen goods,Nothing found - no further action,False,
Person search,2016-10-19T14:28:00+00:00,,,51.586179,-3.772884,Male,over 34,White - White British (W1),White,Misuse of Drugs Act 1971 (section 23),Controlled drugs,Nothing found - no further action,False,
Person search,2016-10-19T14:34:00+00:00,,,51.586179,-3.772884,Female,25-34,White - White British (W1),White,Misuse of Drugs Act 1971 (section 23),Controlled drugs,Nothing found - no further action,False,
Person search,2016-10-19T14:48:00+00:00,,,51.476705,-3.202546,Male,25-34,White - White British (W1),White,Misuse of Drugs Act 1971 (section 23),Controlled drugs,Offender given drugs possession warning,True,
Person search,2016-10-19T21:22:00+00:00,,,51.605381,-3.339285,Male,18-24,White - White British (W1),White,Police and Criminal Evidence Act 1984 (section 1),Article for use in theft,Suspect arrested,True,
Person and Vehicle search,2016-10-20T00:34:00+00:00,,,51.493748,-3.175639,Male,over 34,Black or Black British - Caribbean (B1),Black,Misuse of Drugs Act 1971 (section 23),Controlled drugs,Nothing found - no further action,False,
Person search,2016-10-20T00:43:00+00:00,,,,,Male,25-34,White - White British (W1),White,Police and Criminal Evidence Act 1984 (section 1),Article for use in theft,Suspect arrested,False,
Person search,2016-10-20T00:58:00+00:00,,,51.622949,-3.944862,Male,18-24,White - White British (W1),White,Police and Criminal Evidence Act 1984 (section 1),Article for use in theft,Nothing found - no further action,False,
Person search,2016-10-20T02:54:00+00:00,,,,,Male,10-17,Black or Black British - Any other Black ethnic background (B9),Black,Misuse of Drugs Act 1971 (section 23),Controlled drugs,Nothing found - no further action,False,
Person and Vehicle search,2016-10-20T06:02:00+00:00,,,51.496230,-3.164784,Male,18-24,Asian or Asian British - Any other Asian ethnic background (A9),Asian,Misuse of Drugs Act 1971 (section 23),Controlled drugs,Nothing found - no further action,False,
Person and Vehicle search,2016-10-20T06:02:00+00:00,,,51.496230,-3.164784,Male,18-24,Asian or Asian British - Any other Asian ethnic background (A9),Asian,Misuse of Drugs Act 1971 (section 23),Controlled drugs,Nothing found - no further action,False,
Person search,2016-10-20T07:34:00+00:00,,,51.481046,-3.166283,Male,25-34,White - White British (W1),White,Misuse of Drugs Act 1971 (section 23),Controlled drugs,Suspect arrested,False,
Person search,2016-10-20T07:58:00+00:00,,,51.505699,-3.194174,Male,25-34,White - White British (W1),White,Police and Criminal Evidence Act 1984 (section 1),,Suspect arrested,False,
Person search,2016-10-20T08:17:00+00:00,,,51.475904,-3.164323,Male,18-24,White - White British (W1),White,Misuse of Drugs Act 1971 (section 23),Controlled drugs,Nothing found - no further action,False,
Person search,2016-10-20T08:17:00+00:00,,,51.475904,-3.164323,Male,25-34,Mixed - Any other Mixed ethnic background (M9),,Misuse of Drugs Act 1971 (section 23),Controlled drugs,Nothing found - no further action,False,
Person search,2016-10-20T12:26:00+00:00,,,51.463077,-3.164789,Male,over 34,White - White British (W1),White,Police and Criminal Evidence Act 1984 (section 1),,Suspect arrested,False,
Person search,2016-10-20T12:27:00+00:00,,,51.579557,-4.174506,Male,over 34,White - White British (W1),White,Police and Criminal Evidence Act 1984 (section 1),Article for use in theft,Suspect arrested,False,
Person search,2016-10-20T15:07:00+00:00,,,51.621066,-3.946731,Male,over 34,White - White British (W1),White,Police and Criminal Evidence Act 1984 (section 1),Offensive weapons,,,
Person search,2016-10-20T15:39:00+00:00,,,51.619771,-3.951573,Male,over 34,White - White British (W1),White,Misuse of Drugs Act 1971 (section 23),Controlled drugs,Nothing found - no further action,False,
Person search,2016-10-20T15:39:00+00:00,,,51.619771,-3.951573,Male,over 34,White - White British (W1),White,Misuse of Drugs Act 1971 (section 23),Controlled drugs,Nothing found - no further action,False,
Person search,2016-10-20T17:19:00+00:00,,,51.627715,-3.962144,Male,over 34,White - White British (W1),White,Misuse of Drugs Act 1971 (section 23),Controlled drugs,Nothing found - no further action,False,
Person search,2016-10-20T17:19:00+00:00,,,51.627715,-3.962144,Female,over 34,White - White British (W1),White,Misuse of Drugs Act 1971 (section 23),Controlled drugs,Nothing found - no further action,False,
Person search,2016-10-20T17:51:00+00:00,,,51.525517,-3.693143,Male,10-17,White - White British (W1),White,Police and Criminal Evidence Act 1984 (section 1),,Nothing found - no further action,False,
Person search,2016-10-20T21:08:00+00:00,,,51.605637,-3.821125,Male,18-24,White - White British (W1),White,Police and Criminal Evidence Act 1984 (section 1),Articles for use in criminal damage,Nothing found - no further action,False,
Person search,2016-10-20T21:51:00+00:00,,,51.486756,-3.173443,Male,25-34,White - White British (W1),White,Police and Criminal Evidence Act 1984 (section 1),,Suspect arrested,False,
Person search,2016-10-20T22:07:00+00:00,,,51.605637,-3.821125,Male,18-24,White - White British (W1),White,Police and Criminal Evidence Act 1984 (section 1),Articles for use in criminal damage,Nothing found - no further action,False,
Person search,2016-10-20T23:27:00+00:00,,,51.501851,-3.189751,Male,over 34,White - White British (W1),White,,,Nothing found - no further action,False,
Person and Vehicle search,2016-10-20T23:30:00+00:00,,,51.496961,-3.302091,Male,25-34,White - White British (W1),White,Misuse of Drugs Act 1971 (section 23),Controlled drugs,Nothing found - no further action,False,
Person and Vehicle search,2016-10-20T23:30:00+00:00,,,51.496961,-3.302091,Male,25-34,White - White British (W1),White,Misuse of Drugs Act 1971 (section 23),Controlled drugs,Nothing found - no further action,False,
Person and Vehicle search,2016-10-20T23:30:00+00:00,,,51.496961,-3.302091,Male,25-34,White - White British (W1),White,Misuse of Drugs Act 1971 (section 23),Controlled drugs,Nothing found - no further action,False,
Person search,2016-10-21T00:34:00+00:00,,,51.497118,-3.192711,Male,18-24,White - White British (W1),White,Misuse of Drugs Act 1971 (section 23),Controlled drugs,Nothing found - no further action,False,
Person search,2016-10-21T10:14:00+00:00,,,51.517945,-3.156661,Male,over 34,White - White British (W1),White,Misuse of Drugs Act 1971 (section 23),Controlled drugs,Nothing found - no further action,False,
Person search,2016-10-21T10:40:00+00:00,,,51.517945,-3.156661,Male,25-34,White - White British (W1),White,Misuse of Drugs Act 1971 (section 23),Controlled drugs,Nothing found - no further action,False,
Person search,2016-10-21T13:22:00+00:00,,,,,Male,25-34,White - White British (W1),White,Misuse of Drugs Act 1971 (section 23),Controlled drugs,,,
Person search,2016-10-21T17:08:00+00:00,,,51.637640,-3.937397,Male,25-34,White - White British (W1),White,Misuse of Drugs Act 1971 (section 23),Controlled drugs,Nothing found - no further action,False,
Person search,2016-10-21T17:08:00+00:00,,,51.637640,-3.937397,Male,25-34,White - White British (W1),White,Misuse of Drugs Act 1971 (section 23),Controlled drugs,Nothing found - no further action,False,
Person search,2016-10-21T17:14:00+00:00,,,51.605381,-3.339285,Male,25-34,White - White British (W1),White,Misuse of Drugs Act 1971 (section 23),Controlled drugs,Nothing found - no further action,False,
Person search,2016-10-21T19:30:00+00:00,,,51.465279,-3.187216,Male,18-24,Asian or Asian British - Pakistani (A2),Asian,Misuse of Drugs Act 1971 (section 23),Controlled drugs,Offender given drugs possession warning,True,
Person search,2016-10-21T19:36:00+00:00,,,51.630914,-3.940087,Male,18-24,Black or Black British - Any other Black ethnic background (B9),Black,Misuse of Drugs Act 1971 (section 23),Controlled drugs,Nothing found - no further action,False,
Person search,2016-10-21T20:43:00+00:00,,,51.488790,-3.173265,Male,25-34,Asian or Asian British - Pakistani (A2),Asian,Misuse of Drugs Act 1971 (section 23),Controlled drugs,Nothing found - no further action,False,
Person search,2016-10-21T22:40:00+00:00,,,,,Male,over 34,White - White British (W1),White,Misuse of Drugs Act 1971 (section 23),Controlled drugs,Nothing found - no further action,False,
Person search,2016-10-21T23:57:00+00:00,,,51.654974,-3.906302,Male,18-24,White - White British (W1),White,Misuse of Drugs Act 1971 (section 23),Controlled drugs,Nothing found - no further action,False,
Person search,2016-10-22T00:35:00+00:00,,,51.472115,-3.183520,Male,10-17,Not Stated (NS),Black,Police and Criminal Evidence Act 1984 (section 1),,Nothing found - no further action,False,
Person search,2016-10-22T00:53:00+00:00,,,51.478312,-3.187742,Male,10-17,Not Stated (NS),Asian,Police and Criminal Evidence Act 1984 (section 1),,Nothing found - no further action,False,
Person search,2016-10-22T01:53:00+00:00,,,51.475267,-3.174991,Female,18-24,Not Stated (NS),White,Police and Criminal Evidence Act 1984 (section 1),,Nothing found - no further action,False,
Person search,2016-10-22T14:05:00+00:00,,,51.583126,-3.432187,Male,25-34,White - White British (W1),White,Police and Criminal Evidence Act 1984 (section 1),Controlled drugs,Nothing found - no further action,False,
Person search,2016-10-22T19:07:00+00:00,,,51.468291,-3.181060,,,,,,,,,
Person search,2016-10-22T20:03:00+00:00,,,51.488528,-3.140534,Male,10-17,White - White British (W1),White,Police and Criminal Evidence Act 1984 (section 1),,Nothing found - no further action,False,
Person search,2016-10-22T20:08:00+00:00,,,51.488528,-3.140534,Male,10-17,White - White British (W1),White,Police and Criminal Evidence Act 1984 (section 1),Articles for use in criminal damage,Nothing found - no further action,False,
Person search,2016-10-22T22:44:00+00:00,,,,,Male,10-17,White - White British (W1),White,Misuse of Drugs Act 1971 (section 23),Controlled drugs,Nothing found - no further action,False,
Person search,2016-10-22T23:30:00+00:00,,,,,Male,18-24,White - White British (W1),White,Misuse of Drugs Act 1971 (section 23),Controlled drugs,Nothing found - no further action,False,
Person search,2016-10-23T01:41:00+00:00,,,,,Male,over 34,White - White British (W1),White,Misuse of Drugs Act 1971 (section 23),Controlled drugs,Suspect arrested,True,
Person search,2016-10-23T04:22:00+00:00,,,,,Male,10-17,White - White British (W1),White,Police and Criminal Evidence Act 1984 (section 1),,Nothing found - no further action,False,
Person search,2016-10-23T04:34:00+00:00,,,,,,,,,,,,,
Person search,2016-10-23T13:46:00+00:00,,,51.493479,-3.154731,Male,25-34,Mixed - Any other Mixed ethnic background (M9),Other,Police and Criminal Evidence Act 1984 (section 1),,Nothing found - no further action,False,
Person search,2016-10-23T16:36:00+00:00,,,51.520648,-3.584021,Male,18-24,White - White British (W1),White,Misuse of Drugs Act 1971 (section 23),Controlled drugs,Suspect arrested,True,
Person search,2016-10-23T16:39:00+00:00,,,51.619817,-3.940654,Male,over 34,White - White British (W1),White,Misuse of Drugs Act 1971 (section 23),Controlled drugs,Nothing found - no further action,False,
Person search,2016-10-23T16:45:00+00:00,,,,,Male,over 34,White - White British (W1),White,Police and Criminal Evidence Act 1984 (section 1),,Suspect arrested,False,
Person search,2016-10-23T17:33:00+00:00,,,51.650911,-3.991768,Male,over 34,White - White British (W1),White,Police and Criminal Evidence Act 1984 (section 1),Stolen goods,Nothing found - no further action,False,
Person search,2016-10-23T18:18:00+00:00,,,,,Male,18-24,White - White British (W1),White,Misuse of Drugs Act 1971 (section 23),Controlled drugs,Nothing found - no further action,False,
Person search,2016-10-23T18:34:00+00:00,,,,,,,,,,,,,
Person search,2016-10-23T18:53:00+00:00,,,,,Male,18-24,White - White British (W1),White,Misuse of Drugs Act 1971 (section 23),Controlled drugs,Nothing found - no further action,False,
Person search,2016-10-23T21:57:00+00:00,,,51.520985,-3.107200,Male,18-24,White - White British (W1),White,Misuse of Drugs Act 1971 (section 23),Controlled drugs,Nothing found - no further action,False,
Person search,2016-10-23T21:57:00+00:00,,,51.520985,-3.107200,Male,18-24,White - White British (W1),White,Misuse of Drugs Act 1971 (section 23),Controlled drugs,Nothing found - no further action,False,
Person search,2016-10-23T22:20:00+00:00,,,,,Male,18-24,White - White British (W1),White,Police and Criminal Evidence Act 1984 (section 1),,Nothing found - no further action,False,
Person search,2016-10-23T22:29:00+00:00,,,,,Male,over 34,White - White British (W1),White,Misuse of Drugs Act 1971 (section 23),Controlled drugs,Suspect arrested,True,
Person and Vehicle search,2016-10-24T00:06:00+00:00,,,51.498579,-3.184249,Male,25-34,Not Stated (NS),Black,Misuse of Drugs Act 1971 (section 23),Controlled drugs,Nothing found - no further action,False,
Person search,2016-10-24T00:12:00+00:00,,,51.591156,-3.779704,Male,10-17,White - White British (W1),White,Police and Criminal Evidence Act 1984 (section 1),Article for use in theft,Suspect arrested,False,
Person search,2016-10-24T02:12:00+00:00,,,51.431654,-3.187682,Male,over 34,White - White British (W1),White,Misuse of Drugs Act 1971 (section 23),Controlled drugs,Nothing found - no further action,False,
Person search,2016-10-24T02:28:00+00:00,,,51.592082,-3.778528,Male,10-17,White - White British (W1),White,Police and Criminal Evidence Act 1984 (section 1),Articles for use in criminal damage,Suspect arrested,False,
Person search,2016-10-24T04:27:00+00:00,,,,,Female,25-34,White - White British (W1),White,Police and Criminal Evidence Act 1984 (section 1),,Nothing found - no further action,False,
Person search,2016-10-24T13:56:00+00:00,,,51.504419,-3.213765,Male,10-17,White - White British (W1),White,Misuse of Drugs Act 1971 (section 23),Controlled drugs,Nothing found - no further action,False,
Person search,2016-10-24T14:59:00+00:00,,,51.602789,-3.340306,Male,18-24,White - White British (W1),White,,Controlled drugs,Nothing found - no further action,False,
Person search,2016-10-24T15:57:00+00:00,,,51.618716,-3.956613,Male,over 34,White - White British (W1),White,Misuse of Drugs Act 1971 (section 23),Controlled drugs,Nothing found - no further action,False,
Person search,2016-10-24T16:49:00+00:00,,,51.485297,-3.144515,Male,18-24,White - White British (W1),White,Misuse of Drugs Act 1971 (section 23),Controlled drugs,Suspect summonsed to court,False,
Person search,2016-10-24T16:49:00+00:00,,,51.485297,-3.144515,Male,18-24,White - White British (W1),White,Misuse of Drugs Act 1971 (section 23),Controlled drugs,Nothing found - no further action,False,
Person search,2016-10-24T18:25:00+00:00,,,51.601954,-3.344887,Male,18-24,Not Stated (NS),White,Police and Criminal Evidence Act 1984 (section 1),Stolen goods,Suspect arrested,False,
Person search,2016-10-25T00:51:00+00:00,,,51.483169,-3.175166,Male,10-17,Mixed - Any other Mixed ethnic background (M9),Black,Misuse of Drugs Act 1971 (section 23),Controlled drugs,Nothing found - no further action,False,
Person search,2016-10-25T00:57:00+00:00,,,51.482498,-3.176574,Male,18-24,White - White British (W1),White,Misuse of Drugs Act 1971 (section 23),Controlled drugs,Nothing found - no further action,False,
Person search,2016-10-25T01:35:00+00:00,,,51.489054,-3.163895,Male,25-34,Mixed - Any other Mixed ethnic background (M9),Asian,Police and Criminal Evidence Act 1984 (section 1),Articles for use in criminal damage,Nothing found - no further action,False,
Person search,2016-10-25T05:31:00+00:00,,,51.483169,-3.175166,Male,25-34,White - White British (W1),White,Misuse of Drugs Act 1971 (section 23),Controlled drugs,Nothing found - no further action,False,
Person search,2016-10-25T05:40:00+00:00,,,51.481895,-3.178431,Male,25-34,,White,Misuse of Drugs Act 1971 (section 23),Controlled drugs,Nothing found - no further action,False,
Person search,2016-10-25T05:42:00+00:00,,,51.472643,-3.178365,Male,over 34,White - White British (W1),White,Police and Criminal Evidence Act 1984 (section 1),Article for use in theft,Nothing found - no further action,False,
Person search,2016-10-25T06:32:00+00:00,,,51.476931,-3.192717,Female,over 34,,,,,,,
Person search,2016-10-25T07:13:00+00:00,,,,,Male,over 34,White - White British (W1),White,Police and Criminal Evidence Act 1984 (section 1),,Nothing found - no further action,False,
Person search,2016-10-25T10:41:00+00:00,,,51.477634,-3.248707,Male,25-34,White - White British (W1),White,Police and Criminal Evidence Act 1984 (section 1),,Nothing found - no further action,False,
Person search,2016-10-25T11:53:00+00:00,,,,,Female,25-34,White - White British (W1),White,Misuse of Drugs Act 1971 (section 23),Controlled drugs,Nothing found - no further action,False,
Person search,2016-10-25T13:15:00+00:00,,,,,Male,25-34,White - White British (W1),White,Misuse of Drugs Act 1971 (section 23),Controlled drugs,Nothing found - no further action,False,
Person search,2016-10-25T16:30:00+00:00,,,,,Male,25-34,White - White British (W1),White,Misuse of Drugs Act 1971 (section 23),Controlled drugs,Nothing found - no further action,False,
Person search,2016-10-26T01:43:00+00:00,,,51.602495,-3.346347,Male,over 34,White - White British (W1),White,Police and Criminal Evidence Act 1984 (section 1),Offensive weapons,Nothing found - no further action,False,
Person search,2016-10-26T02:27:00+00:00,,,,,Male,over 34,White - White British (W1),White,Misuse of Drugs Act 1971 (section 23),Controlled drugs,Nothing found - no further action,False,
Person search,2016-10-26T02:56:00+00:00,,,51.712290,-3.447164,Male,18-24,White - White British (W1),White,Police and Criminal Evidence Act 1984 (section 1),Article for use in theft,Nothing found - no further action,False,
Person and Vehicle search,2016-10-26T03:41:00+00:00,,,51.485137,-3.148961,Male,25-34,Not Stated (NS),Black,Misuse of Drugs Act 1971 (section 23),Controlled drugs,Nothing found - no further action,False,
Person search,2016-10-26T04:41:00+00:00,,,,,,,,,,,,,
Person and Vehicle search,2016-10-26T05:32:00+00:00,,,,,Male,18-24,Black or Black British - Caribbean (B1),Black,Misuse of Drugs Act 1971 (section 23),Controlled drugs,Nothing found - no further action,,
Person and Vehicle search,2016-10-26T05:32:00+00:00,,,,,Male,18-24,Black or Black British - Caribbean (B1),Black,Misuse of Drugs Act 1971 (section 23),Controlled drugs,Nothing found - no further action,,
Person search,2016-10-26T12:23:00+00:00,,,,,Male,18-24,White - White British (W1),White,Police and Criminal Evidence Act 1984 (section 1),Article for use in theft,Suspect arrested,True,
Person search,2016-10-26T15:34:00+00:00,,,51.597161,-3.774525,Male,over 34,White - White British (W1),White,Misuse of Drugs Act 1971 (section 23),Controlled drugs,Nothing found - no further action,False,
Person search,2016-10-26T15:43:00+00:00,,,51.617489,-3.944932,Male,25-34,White - White British (W1),White,Misuse of Drugs Act 1971 (section 23),Controlled drugs,Suspect arrested,True,
Person search,2016-10-26T15:57:00+00:00,,,51.484811,-3.169188,Male,18-24,White - White British (W1),White,Misuse of Drugs Act 1971 (section 23),Controlled drugs,Offender given penalty notice,False,
Person search,2016-10-26T17:06:00+00:00,,,51.566571,-3.984847,,,,,,,,,
Person and Vehicle search,2016-10-26T17:12:00+00:00,,,51.493854,-3.555621,Male,over 34,White - White British (W1),White,Misuse of Drugs Act 1971 (section 23),Controlled drugs,Nothing found - no further action,False,
Person search,2016-10-26T17:21:00+00:00,,,51.483514,-3.235215,Female,over 34,White - White British (W1),White,Misuse of Drugs Act 1971 (section 23),Controlled drugs,Nothing found - no further action,False,
Person search,2016-10-26T17:25:00+00:00,,,51.483514,-3.235215,Female,over 34,White - White British (W1),White,Misuse of Drugs Act 1971 (section 23),Controlled drugs,Nothing found - no further action,False,
Person search,2016-10-26T17:36:00+00:00,,,51.483514,-3.235215,Male,over 34,Mixed - White and Black Caribbean (M1),,Misuse of Drugs Act 1971 (section 23),Controlled drugs,Nothing found - no further action,False,
Person search,2016-10-26T22:30:00+00:00,,,,,Male,25-34,White - White British (W1),White,Misuse of Drugs Act 1971 (section 23),Controlled drugs,Nothing found - no further action,False,
Person search,2016-10-26T22:47:00+00:00,,,51.686270,-3.924876,Female,18-24,White - White British (W1),White,Misuse of Drugs Act 1971 (section 23),Controlled drugs,Nothing found - no further action,False,
Person search,2016-10-26T23:06:00+00:00,,,51.508557,-3.576440,Male,over 34,White - White British (W1),White,Misuse of Drugs Act 1971 (section 23),Controlled drugs,Nothing found - no further action,False,
Person search,2016-10-27T01:07:00+00:00,,,51.522786,-3.572794,Male,over 34,White - White British (W1),White,Misuse of Drugs Act 1971 (section 23),Controlled drugs,Nothing found - no further action,False,
Person search,2016-10-27T02:06:00+00:00,,,51.531819,-3.098668,Male,18-24,White - White British (W1),White,Misuse of Drugs Act 1971 (section 23),Controlled drugs,Nothing found - no further action,False,
Person search,2016-10-27T02:16:00+00:00,,,,,Female,18-24,White - White British (W1),White,Police and Criminal Evidence Act 1984 (section 1),,Nothing found - no further action,False,
Person search,2016-10-27T02:30:00+00:00,,,51.531819,-3.098668,Male,10-17,White - White British (W1),White,Misuse of Drugs Act 1971 (section 23),Controlled drugs,Nothing found - no further action,False,
Person search,2016-10-27T02:40:00+00:00,,,51.522932,-3.100977,Female,10-17,White - White British (W1),White,Misuse of Drugs Act 1971 (section 23),Controlled drugs,Nothing found - no further action,False,
Person search,2016-10-27T02:40:00+00:00,,,51.522932,-3.100977,Female,10-17,White - White British (W1),White,Misuse of Drugs Act 1971 (section 23),Controlled drugs,Nothing found - no further action,False,
Person search,2016-10-27T02:40:00+00:00,,,51.522932,-3.100977,Female,10-17,White - White British (W1),White,Misuse of Drugs Act 1971 (section 23),Controlled drugs,Nothing found - no further action,False,
Person search,2016-10-27T04:17:00+00:00,,,51.622939,-3.922570,Male,over 34,White - White British (W1),White,Police and Criminal Evidence Act 1984 (section 1),Article for use in theft,Nothing found - no further action,False,
Person search,2016-10-27T16:01:00+00:00,,,51.502660,-3.580977,Male,10-17,White - White British (W1),White,Police and Criminal Evidence Act 1984 (section 1),,Nothing found - no further action,False,
Person search,2016-10-27T18:02:00+00:00,,,,,Female,over 34,White - White British (W1),White,Misuse of Drugs Act 1971 (section 23),Controlled drugs,Nothing found - no further action,False,
Person search,2016-10-27T18:38:00+00:00,,,51.617286,-3.957144,Male,18-24,Asian or Asian British - Any other Asian ethnic background (A9),Asian,Misuse of Drugs Act 1971 (section 23),Controlled drugs,Nothing found - no further action,False,
Person search,2016-10-27T18:38:00+00:00,,,51.617892,-3.955364,Male,18-24,Asian or Asian British - Any other Asian ethnic background (A9),Asian,Misuse of Drugs Act 1971 (section 23),Controlled drugs,Nothing found - no further action,False,
Person search,2016-10-27T19:05:00+00:00,,,,,Male,18-24,White - White British (W1),White,Misuse of Drugs Act 1971 (section 23),Controlled drugs,Suspect arrested,False,
Person search,2016-10-27T19:17:00+00:00,,,51.467668,-3.185737,Male,10-17,Asian or Asian British - Pakistani (A2),Asian,Police and Criminal Evidence Act 1984 (section 1),,Nothing found - no further action,False,
Person and Vehicle search,2016-10-27T22:39:00+00:00,,,51.622939,-3.922570,Male,over 34,White - White British (W1),White,Police and Criminal Evidence Act 1984 (section 1),,Suspect arrested,False,
Person search,2016-10-27T23:07:00+00:00,,,,,Male,25-34,Asian or Asian British - Bangladeshi (A3),Asian,Misuse of Drugs Act 1971 (section 23),Controlled drugs,Nothing found - no further action,False,
Person search,2016-10-27T23:07:00+00:00,,,,,Male,25-34,Asian or Asian British - Bangladeshi (A3),Asian,Misuse of Drugs Act 1971 (section 23),Controlled drugs,Nothing found - no further action,False,
Person search,2016-10-27T23:45:00+00:00,,,51.493706,-3.163596,Male,25-34,White - White British (W1),White,Misuse of Drugs Act 1971 (section 23),Controlled drugs,Nothing found - no further action,False,
Person search,2016-10-28T00:34:00+00:00,,,,,Male,18-24,White - White British (W1),White,Misuse of Drugs Act 1971 (section 23),Controlled drugs,Offender given drugs possession warning,True,
Person search,2016-10-28T00:34:00+00:00,,,,,Male,18-24,White - White British (W1),White,Misuse of Drugs Act 1971 (section 23),Controlled drugs,Offender given drugs possession warning,True,
Person search,2016-10-28T01:02:00+00:00,,,,,,,,,,,,,
Person search,2016-10-28T01:40:00+00:00,,,51.535073,-3.147623,Male,18-24,White - White British (W1),White,Police and Criminal Evidence Act 1984 (section 1),Article for use in theft,Nothing found - no further action,False,
Person search,2016-10-28T03:50:00+00:00,,,51.620085,-3.413445,Male,25-34,White - White British (W1),White,Police and Criminal Evidence Act 1984 (section 1),,Nothing found - no further action,False,
Person search,2016-10-28T03:55:00+00:00,,,,,Male,over 34,White - White British (W1),White,Police and Criminal Evidence Act 1984 (section 1),Article for use in theft,Nothing found - no further action,False,
Person search,2016-10-28T03:55:00+00:00,,,,,Male,over 34,White - White British (W1),White,Police and Criminal Evidence Act 1984 (section 1),Article for use in theft,Nothing found - no further action,False,
Person search,2016-10-28T12:48:00+00:00,,,51.602192,-3.337429,Female,25-34,White - White British (W1),White,Misuse of Drugs Act 1971 (section 23),Controlled drugs,Nothing found - no further action,False,
Person search,2016-10-28T14:41:00+00:00,,,,,Male,25-34,White - White British (W1),White,Misuse of Drugs Act 1971 (section 23),Controlled drugs,Suspect arrested,True,
Person search,2016-10-28T17:42:00+00:00,,,51.602192,-3.337429,Male,over 34,White - White British (W1),White,Misuse of Drugs Act 1971 (section 23),Controlled drugs,Nothing found - no further action,False,
Person search,2016-10-28T17:48:00+00:00,,,51.668199,-3.807582,Male,over 34,White - White British (W1),White,Misuse of Drugs Act 1971 (section 23),Controlled drugs,Nothing found - no further action,False,
Person search,2016-10-28T19:52:00+00:00,,,,,Male,over 34,White - White British (W1),White,Police and Criminal Evidence Act 1984 (section 1),,Nothing found - no further action,False,
Person search,2016-10-28T23:42:00+00:00,,,51.480671,-3.164114,Male,18-24,White - White British (W1),White,Misuse of Drugs Act 1971 (section 23),Controlled drugs,Offender given drugs possession warning,True,
Person search,2016-10-29T01:13:00+00:00,,,,,Male,18-24,Asian or Asian British - Bangladeshi (A3),Asian,Misuse of Drugs Act 1971 (section 23),Controlled drugs,Nothing found - no further action,False,
Person search,2016-10-29T01:45:00+00:00,,,,,Male,18-24,Asian or Asian British - Pakistani (A2),Asian,Misuse of Drugs Act 1971 (section 23),Controlled drugs,Nothing found - no further action,False,
Person and Vehicle search,2016-10-29T03:04:00+00:00,,,51.485676,-3.170866,Male,25-34,White - White British (W1),White,Misuse of Drugs Act 1971 (section 23),Controlled drugs,Nothing found - no further action,False,
Person search,2016-10-29T03:32:00+00:00,,,51.479981,-3.193387,Male,18-24,White - White British (W1),White,Police and Criminal Evidence Act 1984 (section 1),Article for use in theft,Nothing found - no further action,False,
Person search,2016-10-29T04:32:00+00:00,,,51.482497,-3.174054,Male,25-34,Asian or Asian British - Pakistani (A2),Asian,Police and Criminal Evidence Act 1984 (section 1),Offensive weapons,Nothing found - no further action,False,
Person search,2016-10-29T05:20:00+00:00,,,,,Male,18-24,White - White British (W1),White,Police and Criminal Evidence Act 1984 (section 1),Article for use in theft,Nothing found - no further action,False,
Person search,2016-10-29T06:02:00+00:00,,,51.622949,-3.944862,Male,25-34,White - White British (W1),White,Police and Criminal Evidence Act 1984 (section 1),,Nothing found - no further action,False,
Person search,2016-10-29T06:54:00+00:00,,,,,Male,18-24,White - White British (W1),White,Misuse of Drugs Act 1971 (section 23),Controlled drugs,Offender given drugs possession warning,True,
Person search,2016-10-29T07:26:00+00:00,,,,,Male,18-24,White - White British (W1),White,Misuse of Drugs Act 1971 (section 23),Controlled drugs,Offender given drugs possession warning,True,
Person search,2016-10-29T17:51:00+00:00,,,51.477307,-3.148793,Male,over 34,White - White British (W1),White,Police and Criminal Evidence Act 1984 (section 1),,Suspect arrested,False,
Person search,2016-10-29T18:13:00+00:00,,,51.758563,-3.379805,Male,25-34,White - White British (W1),White,Police and Criminal Evidence Act 1984 (section 1),,Suspect arrested,False,
Person search,2016-10-29T21:10:00+00:00,,,51.480913,-3.181286,Male,18-24,Asian or Asian British - Any other Asian ethnic background (A9),Asian,Misuse of Drugs Act 1971 (section 23),Controlled drugs,Nothing found - no further action,False,
Person search,2016-10-30T02:51:00+00:00,,,51.526195,-3.696642,Male,25-34,White - White British (W1),White,Police and Criminal Evidence Act 1984 (section 1),Stolen goods,Nothing found - no further action,False,
Person and Vehicle search,2016-10-30T02:51:00+00:00,,,51.525423,-3.202488,Male,18-24,Asian or Asian British - Any other Asian ethnic background (A9),Other,Misuse of Drugs Act 1971 (section 23),Controlled drugs,Nothing found - no further action,False,
Person search,2016-10-30T04:25:00+00:00,,,51.486797,-3.157515,Male,10-17,White - White British (W1),White,Police and Criminal Evidence Act 1984 (section 1),,Nothing found - no further action,False,
Person search,2016-10-30T04:25:00+00:00,,,51.486797,-3.157515,Male,10-17,White - White British (W1),White,Police and Criminal Evidence Act 1984 (section 1),,Nothing found - no further action,False,
Person search,2016-10-30T04:42:00+00:00,,,,,Male,18-24,White - White British (W1),White,Police and Criminal Evidence Act 1984 (section 1),Stolen goods,Nothing found - no further action,False,
Person search,2016-10-30T05:09:00+00:00,,,51.619817,-3.940654,Male,,White - White British (W1),White,Misuse of Drugs Act 1971 (section 23),Controlled drugs,Nothing found - no further action,False,
Person search,2016-10-30T06:25:00+00:00,,,51.495389,-3.174299,Male,25-34,White - White British (W1),White,Police and Criminal Evidence Act 1984 (section 1),Article for use in theft,Nothing found - no further action,False,
Person search,2016-10-30T15:44:00+00:00,,,51.481280,-3.200909,Male,25-34,Not Stated (NS),,Misuse of Drugs Act 1971 (section 23),Controlled drugs,Nothing found - no further action,False,
Person search,2016-10-30T16:29:00+00:00,,,51.517229,-3.574131,Male,18-24,White - White British (W1),White,Misuse of Drugs Act 1971 (section 23),Controlled drugs,Nothing found - no further action,False,
Person and Vehicle search,2016-10-31T01:51:00+00:00,,,51.535073,-3.147623,Male,25-34,White - White British (W1),White,Misuse of Drugs Act 1971 (section 23),Controlled drugs,Nothing found - no further action,False,
Person search,2016-10-31T02:02:00+00:00,,,51.523845,-3.146447,Male,18-24,Black or Black British - Caribbean (B1),Black,Police and Criminal Evidence Act 1984 (section 1),Offensive weapons,Nothing found - no further action,False,
Person search,2016-10-31T05:52:00+00:00,,,51.535073,-3.147623,Male,over 34,White - White British (W1),White,Misuse of Drugs Act 1971 (section 23),Controlled drugs,Nothing found - no further action,False,
Person search,2016-10-31T09:01:00+00:00,,,51.599883,-3.341982,Male,25-34,White - White British (W1),White,Misuse of Drugs Act 1971 (section 23),Controlled drugs,Nothing found - no further action,False,
Person search,2016-10-31T13:19:00+00:00,,,,,Male,over 34,White - White British (W1),White,Misuse of Drugs Act 1971 (section 23),Controlled drugs,Suspect arrested,True,
Person search,2016-10-31T14:56:00+00:00,,,51.617508,-3.941668,,,,,,,,,
Person search,2016-10-31T15:14:00+00:00,,,51.617508,-3.941668,Male,25-34,White - White British (W1),White,Misuse of Drugs Act 1971 (section 23),Controlled drugs,Nothing found - no further action,False,
Person search,2016-10-31T15:14:00+00:00,,,51.617508,-3.941668,Male,25-34,White - White British (W1),White,Misuse of Drugs Act 1971 (section 23),Controlled drugs,Nothing found - no further action,False,
Person search,2016-10-31T15:14:00+00:00,,,51.617508,-3.941668,Male,25-34,White - White British (W1),White,Misuse of Drugs Act 1971 (section 23),Controlled drugs,Nothing found - no further action,False,
Person search,2016-10-31T15:14:00+00:00,,,51.617508,-3.941668,Male,25-34,White - White British (W1),White,Misuse of Drugs Act 1971 (section 23),Controlled drugs,Suspect arrested,True,
Person search,2016-10-31T15:25:00+00:00,,,,,Male,25-34,White - White British (W1),White,Misuse of Drugs Act 1971 (section 23),Controlled drugs,Nothing found - no further action,False,
Person and Vehicle search,2016-10-31T19:29:00+00:00,,,51.721127,-3.461880,Male,,Asian or Asian British - Any other Asian ethnic background (A9),Asian,Misuse of Drugs Act 1971 (section 23),Controlled drugs,Suspect arrested,False,
Person and Vehicle search,2016-10-31T19:29:00+00:00,,,51.721127,-3.461880,Male,,Asian or Asian British - Any other Asian ethnic background (A9),Asian,Misuse of Drugs Act 1971 (section 23),Controlled drugs,Nothing found - no further action,False,
Person search,2016-10-31T20:59:00+00:00,,,,,Male,25-34,White - White British (W1),White,Misuse of Drugs Act 1971 (section 23),Controlled drugs,Nothing found - no further action,False,
Person search,2016-10-31T22:17:00+00:00,,,51.550719,-3.213727,Male,25-34,White - White British (W1),White,Misuse of Drugs Act 1971 (section 23),Controlled drugs,Offender given penalty notice,False,
Person search,2016-10-31T22:40:00+00:00,,,,,Male,18-24,Mixed - White and Black Caribbean (M1),White,Misuse of Drugs Act 1971 (section 23),Controlled drugs,Nothing found - no further action,False,
Person search,2016-10-31T23:41:00+00:00,,,51.487210,-3.160348,Male,over 34,White - White British (W1),White,Misuse of Drugs Act 1971 (section 23),Controlled drugs,Offender given penalty notice,False,
Person search,2016-10-31T23:59:00+00:00,,,,,Male,10-17,White - White British (W1),White,Police and Criminal Evidence Act 1984 (section 1),,Nothing found - no further action,False,
