Type,Date,Part of a policing operation,Policing operation,Latitude,Longitude,Gender,Age range,Self-defined ethnicity,Officer-defined ethnicity,Legislation,Object of search,Outcome,Outcome linked to object of search,Removal of more than just outer clothing
Person search,2016-09-01T00:49:00+00:00,,,51.524320,-3.163929,Male,10-17,White - White British (W1),White,Police and Criminal Evidence Act 1984 (section 1),Article for use in theft,Nothing found - no further action,False,
Person search,2016-09-01T00:55:00+00:00,,,51.529784,-3.166894,Male,10-17,White - White British (W1),White,Police and Criminal Evidence Act 1984 (section 1),Article for use in theft,Nothing found - no further action,False,
Person search,2016-09-01T01:04:00+00:00,,,51.476797,-3.173965,Male,10-17,White - White British (W1),White,Misuse of Drugs Act 1971 (section 23),Controlled drugs,Nothing found - no further action,False,
Person search,2016-09-01T11:17:00+00:00,,,51.418076,-3.262485,Male,over 34,White - White British (W1),White,Misuse of Drugs Act 1971 (section 23),Controlled drugs,Nothing found - no further action,False,
Person and Vehicle search,2016-09-01T15:18:00+00:00,,,51.476615,-3.186646,Male,18-24,Asian or Asian British - Pakistani (A2),Asian,Misuse of Drugs Act 1971 (section 23),Controlled drugs,Nothing found - no further action,False,
Person search,2016-09-01T15:26:00+00:00,,,51.472034,-3.191480,Male,18-24,Asian or Asian British - Any other Asian ethnic background (A9),Asian,Police and Criminal Evidence Act 1984 (section 1),Offensive weapons,Suspect arrested,True,
Person search,2016-09-01T15:31:00+00:00,,,51.618374,-3.946920,Male,over 34,White - White British (W1),White,Police and Criminal Evidence Act 1984 (section 1),Stolen goods,Nothing found - no further action,False,
Person search,2016-09-01T15:32:00+00:00,,,51.472034,-3.191480,Male,18-24,Black or Black British - Any other Black ethnic background (B9),Black,Police and Criminal Evidence Act 1984 (section 1),Offensive weapons,Nothing found - no further action,False,
Person search,2016-09-01T17:26:00+00:00,,,51.684915,-3.935640,Male,18-24,White - White British (W1),White,Police and Criminal Evidence Act 1984 (section 1),Article for use in theft,Nothing found - no further action,False,
Person and Vehicle search,2016-09-01T22:05:00+00:00,,,51.485297,-3.144515,Male,18-24,White - White British (W1),White,Misuse of Drugs Act 1971 (section 23),Controlled drugs,Nothing found - no further action,False,
Person search,2016-09-01T23:52:00+00:00,,,51.597951,-3.789384,Male,over 34,White - White British (W1),White,Police and Criminal Evidence Act 1984 (section 1),Stolen goods,Nothing found - no further action,False,
Person search,2016-09-02T00:11:00+00:00,,,,,,,,,,,,,
Person search,2016-09-02T00:25:00+00:00,,,51.637593,-3.820729,Male,over 34,White - White British (W1),White,Police and Criminal Evidence Act 1984 (section 1),Stolen goods,Nothing found - no further action,False,
Person search,2016-09-02T00:37:00+00:00,,,51.712663,-3.824553,Male,25-34,White - White British (W1),White,Police and Criminal Evidence Act 1984 (section 1),Controlled drugs,Nothing found - no further action,False,
Person search,2016-09-02T05:11:00+00:00,,,51.632733,-3.936668,Male,18-24,Black or Black British - African (B2),Black,Misuse of Drugs Act 1971 (section 23),Controlled drugs,Nothing found - no further action,False,
Person and Vehicle search,2016-09-02T07:48:00+00:00,,,51.655523,-3.910171,Male,25-34,White - White British (W1),White,Misuse of Drugs Act 1971 (section 23),Controlled drugs,Suspect arrested,False,
Person and Vehicle search,2016-09-02T10:15:00+00:00,,,51.603951,-3.351834,Male,25-34,White - White British (W1),White,Misuse of Drugs Act 1971 (section 23),Controlled drugs,Suspect arrested,True,
Person search,2016-09-02T11:44:00+00:00,,,51.631773,-3.938173,Male,over 34,White - White British (W1),White,Misuse of Drugs Act 1971 (section 23),Controlled drugs,Nothing found - no further action,False,
Person search,2016-09-02T12:14:00+00:00,,,51.652469,-3.847013,Male,18-24,White - White British (W1),White,Misuse of Drugs Act 1971 (section 23),Controlled drugs,Offender given drugs possession warning,True,
Person search,2016-09-02T12:33:00+00:00,,,51.484048,-3.161838,Male,18-24,White - White British (W1),White,Misuse of Drugs Act 1971 (section 23),Controlled drugs,Nothing found - no further action,False,
Person search,2016-09-02T12:44:00+00:00,,,51.612122,-3.961615,Male,18-24,Black or Black British - Any other Black ethnic background (B9),Black,Police and Criminal Evidence Act 1984 (section 1),Stolen goods,Nothing found - no further action,False,
Person search,2016-09-02T13:04:00+00:00,,,51.710258,-3.441367,Male,25-34,White - White British (W1),White,Misuse of Drugs Act 1971 (section 23),Controlled drugs,Nothing found - no further action,False,
Person search,2016-09-02T14:05:00+00:00,,,51.605381,-3.339285,Male,25-34,White - White British (W1),White,Misuse of Drugs Act 1971 (section 23),Controlled drugs,Nothing found - no further action,False,
Person search,2016-09-02T15:43:00+00:00,,,51.713560,-3.447784,Male,18-24,White - White British (W1),White,Misuse of Drugs Act 1971 (section 23),Controlled drugs,Nothing found - no further action,False,
Person search,2016-09-02T20:25:00+00:00,,,51.611068,-3.990038,Female,over 34,White - White British (W1),White,Misuse of Drugs Act 1971 (section 23),Controlled drugs,Nothing found - no further action,False,
Person search,2016-09-02T21:04:00+00:00,,,51.414700,-3.249393,Male,10-17,White - White British (W1),White,Misuse of Drugs Act 1971 (section 23),Controlled drugs,Nothing found - no further action,False,
Person search,2016-09-02T21:27:00+00:00,,,,,Male,25-34,,,,,,,
Person search,2016-09-03T00:26:00+00:00,,,51.662124,-3.806747,Male,10-17,White - White British (W1),White,Police and Criminal Evidence Act 1984 (section 1),Articles for use in criminal damage,Suspect arrested,False,
Person search,2016-09-03T00:35:00+00:00,,,,,Male,25-34,White - White British (W1),White,,Controlled drugs,Nothing found - no further action,False,
Person search,2016-09-03T01:31:00+00:00,,,51.414700,-3.249393,Male,10-17,White - White British (W1),White,Police and Criminal Evidence Act 1984 (section 1),Offensive weapons,Nothing found - no further action,False,
Person search,2016-09-03T01:34:00+00:00,,,51.410563,-3.252012,Male,10-17,White - White British (W1),White,Police and Criminal Evidence Act 1984 (section 1),Offensive weapons,Nothing found - no further action,False,
Person search,2016-09-03T01:36:00+00:00,,,51.392214,-3.347293,Male,10-17,White - White British (W1),White,Police and Criminal Evidence Act 1984 (section 1),Offensive weapons,Nothing found - no further action,False,
Person search,2016-09-03T02:12:00+00:00,,,51.488189,-3.174906,Male,25-34,White - White British (W1),White,Police and Criminal Evidence Act 1984 (section 1),Article for use in theft,Nothing found - no further action,False,
Person and Vehicle search,2016-09-03T06:17:00+00:00,,,51.630983,-3.820767,Male,18-24,White - White British (W1),White,Police and Criminal Evidence Act 1984 (section 1),Stolen goods,Nothing found - no further action,False,
Person search,2016-09-03T07:24:00+00:00,,,51.525026,-3.099081,Male,18-24,Not Stated (NS),Black,Police and Criminal Evidence Act 1984 (section 1),Offensive weapons,Suspect arrested,False,
Person search,2016-09-03T07:24:00+00:00,,,51.525026,-3.099081,Male,18-24,Not Stated (NS),Black,Police and Criminal Evidence Act 1984 (section 1),Offensive weapons,Suspect arrested,False,
Person search,2016-09-03T07:24:00+00:00,,,51.525026,-3.099081,Male,25-34,Asian or Asian British - Any other Asian ethnic background (A9),Other,Police and Criminal Evidence Act 1984 (section 1),Offensive weapons,Suspect arrested,True,
Person search,2016-09-03T08:41:00+00:00,,,51.607641,-3.333445,Male,25-34,White - White British (W1),White,Misuse of Drugs Act 1971 (section 23),Controlled drugs,Nothing found - no further action,False,
Person search,2016-09-03T12:13:00+00:00,,,51.586491,-3.415751,Male,10-17,Not Stated (NS),Black,Misuse of Drugs Act 1971 (section 23),Controlled drugs,Suspect arrested,True,
Person search,2016-09-03T12:37:00+00:00,,,,,Male,over 34,White - White British (W1),White,Misuse of Drugs Act 1971 (section 23),Controlled drugs,Nothing found - no further action,False,
Person search,2016-09-03T18:15:00+00:00,,,51.413404,-3.249573,Male,over 34,White - White British (W1),White,Misuse of Drugs Act 1971 (section 23),Controlled drugs,Nothing found - no further action,False,
Person search,2016-09-03T18:17:00+00:00,,,51.411920,-3.251215,Female,18-24,White - White British (W1),White,Police and Criminal Evidence Act 1984 (section 1),Controlled drugs,Nothing found - no further action,False,
Person and Vehicle search,2016-09-03T20:14:00+00:00,,,51.473121,-3.173712,Male,18-24,Black or Black British - African (B2),Black,Misuse of Drugs Act 1971 (section 23),Controlled drugs,Nothing found - no further action,False,
Person and Vehicle search,2016-09-03T20:14:00+00:00,,,51.473121,-3.173712,Male,18-24,Black or Black British - African (B2),Black,Misuse of Drugs Act 1971 (section 23),Controlled drugs,Nothing found - no further action,False,
Person search,2016-09-03T23:13:00+00:00,,,51.605381,-3.339285,Male,18-24,,,Misuse of Drugs Act 1971 (section 23),Controlled drugs,Suspect arrested,True,
Person search,2016-09-03T23:19:00+00:00,,,51.599883,-3.341982,Male,18-24,White - White British (W1),White,Misuse of Drugs Act 1971 (section 23),Controlled drugs,Nothing found - no further action,False,
Person search,2016-09-03T23:21:00+00:00,,,,,,,,,,,,,
Person search,2016-09-04T01:49:00+00:00,,,51.485571,-3.227652,Male,25-34,White - White British (W1),White,Police and Criminal Evidence Act 1984 (section 1),Stolen goods,Nothing found - no further action,False,
Person search,2016-09-04T02:24:00+00:00,,,51.653004,-3.283517,Male,18-24,,,,,,,
Person search,2016-09-04T04:04:00+00:00,,,51.483701,-3.231072,Male,18-24,Asian or Asian British - Any other Asian ethnic background (A9),Asian,Firearms Act 1968 (section 47),Firearms,Nothing found - no further action,False,
Person search,2016-09-04T04:06:00+00:00,,,51.477990,-3.184954,Male,10-17,Asian or Asian British - Any other Asian ethnic background (A9),Asian,Firearms Act 1968 (section 47),Firearms,Nothing found - no further action,False,
Person search,2016-09-04T04:17:00+00:00,,,51.477990,-3.184954,Male,18-24,Asian or Asian British - Any other Asian ethnic background (A9),Asian,Firearms Act 1968 (section 47),Firearms,Nothing found - no further action,False,
Person and Vehicle search,2016-09-04T04:27:00+00:00,,,51.639329,-4.010208,Male,10-17,White - White British (W1),White,Misuse of Drugs Act 1971 (section 23),Controlled drugs,Nothing found - no further action,False,
Person and Vehicle search,2016-09-04T04:27:00+00:00,,,51.639329,-4.010208,Male,18-24,White - White British (W1),White,Misuse of Drugs Act 1971 (section 23),Controlled drugs,Nothing found - no further action,False,
Person and Vehicle search,2016-09-04T04:27:00+00:00,,,51.639329,-4.010208,Male,10-17,White - White British (W1),White,Misuse of Drugs Act 1971 (section 23),Controlled drugs,Nothing found - no further action,False,
Person search,2016-09-04T13:43:00+00:00,,,51.479192,-3.188830,Male,18-24,Black or Black British - African (B2),Black,Misuse of Drugs Act 1971 (section 23),Controlled drugs,Nothing found - no further action,False,
Person search,2016-09-04T13:46:00+00:00,,,51.479408,-3.192277,Male,10-17,Black or Black British - African (B2),Black,Misuse of Drugs Act 1971 (section 23),Controlled drugs,Nothing found - no further action,False,
Person search,2016-09-04T13:48:00+00:00,,,51.479192,-3.188830,Male,10-17,Mixed - Any other Mixed ethnic background (M9),White,Misuse of Drugs Act 1971 (section 23),Controlled drugs,Nothing found - no further action,False,
Person search,2016-09-04T13:50:00+00:00,,,51.479408,-3.192277,Male,10-17,Black or Black British - Any other Black ethnic background (B9),Black,Misuse of Drugs Act 1971 (section 23),Controlled drugs,Nothing found - no further action,False,
Person search,2016-09-04T13:55:00+00:00,,,51.479408,-3.192277,Male,10-17,Black or Black British - Any other Black ethnic background (B9),Black,Misuse of Drugs Act 1971 (section 23),Controlled drugs,Nothing found - no further action,False,
Person search,2016-09-04T17:10:00+00:00,,,51.479605,-3.177277,Male,25-34,Black or Black British - African (B2),Black,Police and Criminal Evidence Act 1984 (section 1),Stolen goods,Offender given penalty notice,False,
Person and Vehicle search,2016-09-04T17:20:00+00:00,,,51.506547,-3.561975,Male,25-34,White - Any other White ethnic background (W9),White,Misuse of Drugs Act 1971 (section 23),Controlled drugs,Offender given drugs possession warning,True,
Person search,2016-09-04T21:30:00+00:00,,,51.629779,-3.821283,Male,25-34,White - White British (W1),White,,Article for use in theft,Nothing found - no further action,False,
Person and Vehicle search,2016-09-04T23:05:00+00:00,,,,,Male,10-17,White - White British (W1),White,Misuse of Drugs Act 1971 (section 23),Controlled drugs,Nothing found - no further action,False,
Person search,2016-09-05T04:00:00+00:00,,,51.486567,-3.683460,Male,10-17,White - White British (W1),White,Misuse of Drugs Act 1971 (section 23),Controlled drugs,Nothing found - no further action,False,
Person search,2016-09-05T04:46:00+00:00,,,,,Male,10-17,White - White British (W1),White,Misuse of Drugs Act 1971 (section 23),Controlled drugs,Nothing found - no further action,False,
Person search,2016-09-05T07:37:00+00:00,,,51.397370,-3.285418,Male,over 34,White - White British (W1),White,Misuse of Drugs Act 1971 (section 23),Controlled drugs,Nothing found - no further action,False,
Person search,2016-09-05T13:47:00+00:00,,,51.622101,-3.947758,Male,18-24,Black or Black British - African (B2),Black,Firearms Act 1968 (section 47),Firearms,Nothing found - no further action,False,
Person search,2016-09-05T14:35:00+00:00,,,51.622101,-3.947758,Male,25-34,White - White British (W1),White,Misuse of Drugs Act 1971 (section 23),Controlled drugs,Nothing found - no further action,False,
Person search,2016-09-05T14:42:00+00:00,,,51.622101,-3.947758,Female,18-24,White - White British (W1),White,Misuse of Drugs Act 1971 (section 23),Controlled drugs,Nothing found - no further action,False,
Person search,2016-09-05T18:44:00+00:00,,,51.481806,-3.156683,Male,over 34,White - White British (W1),White,Police and Criminal Evidence Act 1984 (section 1),Stolen goods,Nothing found - no further action,False,
Person and Vehicle search,2016-09-05T20:32:00+00:00,,,51.665578,-3.510729,Male,18-24,White - White British (W1),White,Misuse of Drugs Act 1971 (section 23),Controlled drugs,Nothing found - no further action,False,
Person search,2016-09-05T20:33:00+00:00,,,51.465439,-3.170478,Male,over 34,White - White British (W1),White,Police and Criminal Evidence Act 1984 (section 1),Stolen goods,Nothing found - no further action,False,
Person search,2016-09-06T01:13:00+00:00,,,51.594937,-3.783577,Male,18-24,White - White British (W1),White,Misuse of Drugs Act 1971 (section 23),Controlled drugs,Nothing found - no further action,False,
Person search,2016-09-06T10:37:00+00:00,,,51.575135,-3.432672,Female,25-34,White - White British (W1),White,Misuse of Drugs Act 1971 (section 23),Controlled drugs,Nothing found - no further action,False,
Person search,2016-09-06T16:07:00+00:00,,,51.476545,-3.184715,Female,18-24,White - White British (W1),White,Police and Criminal Evidence Act 1984 (section 1),Offensive weapons,Nothing found - no further action,False,
Person and Vehicle search,2016-09-06T20:43:00+00:00,,,51.647984,-3.977170,Male,over 34,White - White British (W1),White,Misuse of Drugs Act 1971 (section 23),Controlled drugs,Nothing found - no further action,False,
Person search,2016-09-07T00:53:00+00:00,,,51.570237,-3.416920,Male,over 34,White - White British (W1),White,Police and Criminal Evidence Act 1984 (section 1),,Nothing found - no further action,False,
Person search,2016-09-07T03:10:00+00:00,,,51.485297,-3.144515,Male,over 34,Mixed - Any other Mixed ethnic background (M9),White,Police and Criminal Evidence Act 1984 (section 1),Article for use in theft,Nothing found - no further action,False,
Person search,2016-09-07T05:09:00+00:00,,,51.658065,-3.805819,Male,over 34,White - White British (W1),White,Police and Criminal Evidence Act 1984 (section 1),Article for use in theft,Suspect arrested,False,
Person search,2016-09-07T09:52:00+00:00,,,51.619929,-3.942046,Male,over 34,White - White British (W1),White,Police and Criminal Evidence Act 1984 (section 1),Offensive weapons,Nothing found - no further action,False,
Person and Vehicle search,2016-09-07T15:19:00+00:00,,,52.411241,-3.836582,Female,over 34,,,,,,,
Person search,2016-09-07T17:03:00+00:00,,,51.660297,-3.922315,Male,over 34,White - White British (W1),White,Misuse of Drugs Act 1971 (section 23),Controlled drugs,Nothing found - no further action,False,
Person search,2016-09-07T20:44:00+00:00,,,51.592082,-3.778528,Male,over 34,White - White British (W1),White,Misuse of Drugs Act 1971 (section 23),Controlled drugs,Nothing found - no further action,False,
Person search,2016-09-07T21:02:00+00:00,,,51.592082,-3.778528,Male,18-24,White - White British (W1),White,Police and Criminal Evidence Act 1984 (section 1),,Nothing found - no further action,False,
Person search,2016-09-07T22:18:00+00:00,,,51.412711,-3.267198,Male,18-24,White - White British (W1),White,Police and Criminal Evidence Act 1984 (section 1),,Nothing found - no further action,False,
Person search,2016-09-08T00:34:00+00:00,,,51.485094,-3.167870,Male,18-24,Black or Black British - Any other Black ethnic background (B9),Black,Misuse of Drugs Act 1971 (section 23),Controlled drugs,Nothing found - no further action,False,
Person search,2016-09-08T00:34:00+00:00,,,51.485094,-3.167870,Male,25-34,Black or Black British - Any other Black ethnic background (B9),Black,Misuse of Drugs Act 1971 (section 23),Controlled drugs,Nothing found - no further action,False,
Person search,2016-09-08T00:43:00+00:00,,,51.492666,-3.176807,Male,18-24,,,Misuse of Drugs Act 1971 (section 23),Controlled drugs,Nothing found - no further action,False,
Person search,2016-09-08T02:54:00+00:00,,,51.569422,-3.321057,Male,25-34,White - White British (W1),White,Police and Criminal Evidence Act 1984 (section 1),Article for use in theft,Nothing found - no further action,False,
Person search,2016-09-08T03:47:00+00:00,,,51.531505,-3.681918,Male,18-24,White - White British (W1),White,Misuse of Drugs Act 1971 (section 23),Controlled drugs,Nothing found - no further action,False,
Person search,2016-09-08T06:26:00+00:00,,,51.599883,-3.341982,Male,25-34,,White,Misuse of Drugs Act 1971 (section 23),Controlled drugs,Nothing found - no further action,False,
Person search,2016-09-08T09:27:00+00:00,,,51.666620,-3.467557,Male,25-34,White - White British (W1),White,Misuse of Drugs Act 1971 (section 23),Controlled drugs,Nothing found - no further action,False,
Person search,2016-09-08T15:26:00+00:00,,,51.489957,-3.178811,Male,over 34,White - White British (W1),White,Misuse of Drugs Act 1971 (section 23),Controlled drugs,Nothing found - no further action,False,
Person search,2016-09-08T15:26:00+00:00,,,51.488790,-3.173265,Male,over 34,White - White British (W1),White,Misuse of Drugs Act 1971 (section 23),Controlled drugs,Nothing found - no further action,False,
Person search,2016-09-08T16:51:00+00:00,,,51.674843,-4.161437,Male,18-24,White - White British (W1),White,Firearms Act 1968 (section 47),Offensive weapons,Suspect arrested,True,
Person search,2016-09-08T21:33:00+00:00,,,51.519771,-3.177362,Male,18-24,Mixed - White and Black Caribbean (M1),,Police and Criminal Evidence Act 1984 (section 1),Article for use in theft,Nothing found - no further action,False,
Person search,2016-09-08T21:34:00+00:00,,,51.481259,-3.198648,Female,over 34,White - White British (W1),White,Misuse of Drugs Act 1971 (section 23),Controlled drugs,Nothing found - no further action,False,
Person search,2016-09-08T21:43:00+00:00,,,51.519771,-3.177362,Male,18-24,Mixed - White and Asian (M3),Asian,Police and Criminal Evidence Act 1984 (section 1),Article for use in theft,Nothing found - no further action,False,
Person search,2016-09-08T21:47:00+00:00,,,51.483607,-3.247589,Male,18-24,White - White British (W1),White,Misuse of Drugs Act 1971 (section 23),Controlled drugs,Suspect arrested,True,
Person search,2016-09-08T21:54:00+00:00,,,51.479270,-3.246174,Female,25-34,White - White British (W1),White,Police and Criminal Evidence Act 1984 (section 1),,Suspect arrested,False,
Person search,2016-09-08T22:31:00+00:00,,,51.480329,-3.242171,Male,18-24,White - White British (W1),White,Misuse of Drugs Act 1971 (section 23),Controlled drugs,Nothing found - no further action,False,
Person search,2016-09-08T23:13:00+00:00,,,51.480799,-3.179266,Male,18-24,White - White British (W1),White,Misuse of Drugs Act 1971 (section 23),Controlled drugs,Nothing found - no further action,False,
Person search,2016-09-08T23:24:00+00:00,,,51.519771,-3.177362,Male,10-17,Not Stated (NS),Asian,Police and Criminal Evidence Act 1984 (section 1),Article for use in theft,Nothing found - no further action,False,
Person search,2016-09-08T23:41:00+00:00,,,51.501851,-3.189751,Male,18-24,White - White British (W1),White,Police and Criminal Evidence Act 1984 (section 1),,Nothing found - no further action,False,
Person search,2016-09-08T23:42:00+00:00,,,51.497498,-3.183602,Male,18-24,Not Stated (NS),Black,Police and Criminal Evidence Act 1984 (section 1),,Nothing found - no further action,False,
Person search,2016-09-08T23:42:00+00:00,,,51.497498,-3.183602,Male,10-17,White - White British (W1),,Police and Criminal Evidence Act 1984 (section 1),,Nothing found - no further action,False,
Person search,2016-09-08T23:42:00+00:00,,,51.497498,-3.183602,Male,10-17,White - White British (W1),,Police and Criminal Evidence Act 1984 (section 1),,Nothing found - no further action,False,
Person search,2016-09-09T01:52:00+00:00,,,51.652469,-3.847013,Female,25-34,White - White British (W1),White,Misuse of Drugs Act 1971 (section 23),Controlled drugs,Nothing found - no further action,False,
Person search,2016-09-09T02:56:00+00:00,,,51.532790,-3.062635,Male,18-24,White - White British (W1),White,Police and Criminal Evidence Act 1984 (section 1),,Nothing found - no further action,False,
Person search,2016-09-09T02:56:00+00:00,,,51.532790,-3.062635,Male,18-24,White - White British (W1),White,Police and Criminal Evidence Act 1984 (section 1),,Nothing found - no further action,False,
Person search,2016-09-09T02:56:00+00:00,,,51.532790,-3.062635,Male,10-17,White - White British (W1),White,Police and Criminal Evidence Act 1984 (section 1),,Nothing found - no further action,False,
Person search,2016-09-09T02:56:00+00:00,,,51.532790,-3.062635,Male,18-24,White - White British (W1),White,Police and Criminal Evidence Act 1984 (section 1),,Nothing found - no further action,False,
Person search,2016-09-09T10:45:00+00:00,,,51.625070,-3.941153,Male,25-34,Black or Black British - African (B2),Black,Misuse of Drugs Act 1971 (section 23),Controlled drugs,Nothing found - no further action,False,
Person search,2016-09-09T13:14:00+00:00,,,51.622570,-3.957400,Female,over 34,White - White British (W1),White,Misuse of Drugs Act 1971 (section 23),Controlled drugs,Nothing found - no further action,False,
Person search,2016-09-09T20:39:00+00:00,,,51.602882,-3.827700,Male,25-34,White - White British (W1),White,Police and Criminal Evidence Act 1984 (section 1),Stolen goods,Suspect arrested,False,
Person search,2016-09-09T23:54:00+00:00,,,51.464709,-3.170632,Male,over 34,Asian or Asian British - Pakistani (A2),Asian,Misuse of Drugs Act 1971 (section 23),Controlled drugs,Nothing found - no further action,False,
Person and Vehicle search,2016-09-10T01:15:00+00:00,,,51.627965,-3.957979,Male,25-34,White - White British (W1),White,Misuse of Drugs Act 1971 (section 23),Controlled drugs,Nothing found - no further action,False,
Person and Vehicle search,2016-09-10T01:15:00+00:00,,,51.627965,-3.957979,Male,over 34,White - White British (W1),White,Misuse of Drugs Act 1971 (section 23),Controlled drugs,Nothing found - no further action,False,
Person search,2016-09-10T12:49:00+00:00,,,51.621795,-4.005402,Male,25-34,White - White British (W1),White,Misuse of Drugs Act 1971 (section 23),Controlled drugs,Offender given drugs possession warning,True,
Person search,2016-09-10T15:42:00+00:00,,,51.488332,-3.176767,Female,25-34,White - White British (W1),White,Misuse of Drugs Act 1971 (section 23),Controlled drugs,Offender given drugs possession warning,True,
Person search,2016-09-10T15:43:00+00:00,,,51.484170,-3.178461,Male,25-34,White - White British (W1),White,Misuse of Drugs Act 1971 (section 23),Controlled drugs,Nothing found - no further action,False,
Person search,2016-09-10T16:55:00+00:00,,,51.713560,-3.447784,Female,18-24,White - White British (W1),White,Misuse of Drugs Act 1971 (section 23),Controlled drugs,Offender given drugs possession warning,True,
Person search,2016-09-10T17:49:00+00:00,,,51.600575,-3.810627,Male,10-17,White - White British (W1),White,Police and Criminal Evidence Act 1984 (section 1),,Nothing found - no further action,False,
Person search,2016-09-10T17:57:00+00:00,,,51.600575,-3.810627,Male,10-17,White - White British (W1),White,Police and Criminal Evidence Act 1984 (section 1),,Nothing found - no further action,False,
Person search,2016-09-10T20:37:00+00:00,,,,,Male,10-17,Asian or Asian British - Pakistani (A2),Asian,Misuse of Drugs Act 1971 (section 23),Controlled drugs,Nothing found - no further action,False,
Person search,2016-09-10T22:16:00+00:00,,,51.508730,-3.583593,Male,18-24,White - White British (W1),White,Misuse of Drugs Act 1971 (section 23),Controlled drugs,Nothing found - no further action,False,
Person search,2016-09-10T22:17:00+00:00,,,51.531804,-3.643059,Male,18-24,White - White British (W1),White,Misuse of Drugs Act 1971 (section 23),Controlled drugs,Nothing found - no further action,False,
Person and Vehicle search,2016-09-10T22:27:00+00:00,,,51.695112,-3.905978,Male,25-34,White - White British (W1),White,Misuse of Drugs Act 1971 (section 23),Controlled drugs,Nothing found - no further action,False,
Person and Vehicle search,2016-09-10T22:27:00+00:00,,,51.695112,-3.905978,Female,25-34,White - White British (W1),White,Misuse of Drugs Act 1971 (section 23),Controlled drugs,Nothing found - no further action,False,
Person search,2016-09-10T22:33:00+00:00,,,51.477069,-3.176377,Male,18-24,Not Stated (NS),White,Misuse of Drugs Act 1971 (section 23),Controlled drugs,Nothing found - no further action,False,
Person search,2016-09-10T22:33:00+00:00,,,51.623692,-3.949401,Male,25-34,White - White British (W1),White,Misuse of Drugs Act 1971 (section 23),Controlled drugs,Nothing found - no further action,False,
Person search,2016-09-10T22:33:00+00:00,,,51.623692,-3.949401,Male,over 34,White - White British (W1),White,Misuse of Drugs Act 1971 (section 23),Controlled drugs,Nothing found - no further action,False,
Person search,2016-09-10T22:33:00+00:00,,,51.623692,-3.949401,Male,over 34,White - White British (W1),White,Misuse of Drugs Act 1971 (section 23),Controlled drugs,Nothing found - no further action,False,
Person search,2016-09-11T00:21:00+00:00,,,51.509129,-3.189393,Male,over 34,White - White British (W1),White,,,Nothing found - no further action,False,
Person search,2016-09-11T04:37:00+00:00,,,51.631555,-3.950793,Male,over 34,White - White British (W1),White,Police and Criminal Evidence Act 1984 (section 1),Stolen goods,Nothing found - no further action,False,
Person search,2016-09-11T09:48:00+00:00,,,51.481140,-3.179290,Male,18-24,White - White British (W1),White,Misuse of Drugs Act 1971 (section 23),Controlled drugs,Nothing found - no further action,False,
Person search,2016-09-11T09:48:00+00:00,,,51.481140,-3.179290,Male,25-34,Not Stated (NS),,Misuse of Drugs Act 1971 (section 23),Controlled drugs,Nothing found - no further action,False,
Person search,2016-09-11T13:13:00+00:00,,,,,Male,25-34,White - White British (W1),White,Misuse of Drugs Act 1971 (section 23),Controlled drugs,Nothing found - no further action,False,
Person search,2016-09-11T18:51:00+00:00,,,51.655560,-3.889528,Male,10-17,White - White British (W1),White,Police and Criminal Evidence Act 1984 (section 1),Article for use in theft,Nothing found - no further action,False,
Person search,2016-09-11T18:51:00+00:00,,,51.655560,-3.889528,Male,10-17,White - White British (W1),White,Police and Criminal Evidence Act 1984 (section 1),Article for use in theft,Nothing found - no further action,False,
Person search,2016-09-11T21:56:00+00:00,,,51.617698,-3.756663,Female,10-17,White - White British (W1),White,Misuse of Drugs Act 1971 (section 23),Controlled drugs,Nothing found - no further action,False,
Person search,2016-09-11T21:56:00+00:00,,,51.617698,-3.756663,Female,10-17,White - White British (W1),White,Misuse of Drugs Act 1971 (section 23),Controlled drugs,Nothing found - no further action,False,
Person search,2016-09-11T23:02:00+00:00,,,51.640789,-3.943269,Male,over 34,White - White British (W1),White,Police and Criminal Evidence Act 1984 (section 1),Offensive weapons,Nothing found - no further action,False,
Person search,2016-09-12T00:37:00+00:00,,,51.464709,-3.170632,Male,10-17,White - White British (W1),White,Misuse of Drugs Act 1971 (section 23),Controlled drugs,Nothing found - no further action,False,
Person search,2016-09-12T00:44:00+00:00,,,51.481876,-3.213828,Male,18-24,White - White British (W1),White,Misuse of Drugs Act 1971 (section 23),Controlled drugs,Nothing found - no further action,False,
Person search,2016-09-12T05:19:00+00:00,,,51.468269,-3.204455,Male,over 34,White - White British (W1),White,Police and Criminal Evidence Act 1984 (section 1),,Nothing found - no further action,False,
Person search,2016-09-12T05:30:00+00:00,,,51.486633,-3.235328,Female,25-34,White - White British (W1),White,Police and Criminal Evidence Act 1984 (section 1),,Nothing found - no further action,False,
Person search,2016-09-12T14:11:00+00:00,,,,,,,,,,,,,
Person search,2016-09-12T18:46:00+00:00,,,51.636130,-3.655989,Male,over 34,White - White British (W1),,Police and Criminal Evidence Act 1984 (section 1),,Suspect arrested,False,
Person search,2016-09-12T21:31:00+00:00,,,51.508593,-3.227478,Male,25-34,White - White British (W1),White,Police and Criminal Evidence Act 1984 (section 1),,Nothing found - no further action,False,
Person and Vehicle search,2016-09-13T01:19:00+00:00,,,51.469838,-3.169309,Male,25-34,White - White British (W1),White,Misuse of Drugs Act 1971 (section 23),Controlled drugs,Nothing found - no further action,False,
Person search,2016-09-13T01:32:00+00:00,,,51.463077,-3.164789,Male,over 34,Asian or Asian British - Any other Asian ethnic background (A9),,Misuse of Drugs Act 1971 (section 23),Controlled drugs,Nothing found - no further action,False,
Person search,2016-09-13T02:47:00+00:00,,,51.647758,-3.485868,Male,25-34,White - White British (W1),White,Misuse of Drugs Act 1971 (section 23),Controlled drugs,Suspect arrested,True,
Person search,2016-09-13T14:48:00+00:00,,,51.621578,-3.942954,Female,10-17,White - White British (W1),,Police and Criminal Evidence Act 1984 (section 1),,Nothing found - no further action,False,
Person search,2016-09-13T14:53:00+00:00,,,51.625288,-3.943199,Male,25-34,White - White British (W1),White,Misuse of Drugs Act 1971 (section 23),Controlled drugs,Nothing found - no further action,False,
Person search,2016-09-13T15:21:00+00:00,,,51.517945,-3.156661,Male,over 34,White - White British (W1),White,Police and Criminal Evidence Act 1984 (section 1),,Nothing found - no further action,False,
Person search,2016-09-13T18:13:00+00:00,,,51.619929,-3.942046,Female,10-17,White - White British (W1),White,Misuse of Drugs Act 1971 (section 23),Controlled drugs,Nothing found - no further action,False,
Person search,2016-09-13T18:13:00+00:00,,,51.619929,-3.942046,Female,10-17,White - White British (W1),White,Misuse of Drugs Act 1971 (section 23),Controlled drugs,Nothing found - no further action,False,
Person search,2016-09-13T18:13:00+00:00,,,51.619929,-3.942046,Female,10-17,White - White British (W1),White,Misuse of Drugs Act 1971 (section 23),Controlled drugs,Nothing found - no further action,False,
Person search,2016-09-13T18:13:00+00:00,,,51.619929,-3.942046,Female,10-17,White - White British (W1),White,Misuse of Drugs Act 1971 (section 23),Controlled drugs,Nothing found - no further action,False,
Person search,2016-09-13T18:13:00+00:00,,,51.619929,-3.942046,Female,10-17,White - White British (W1),White,Misuse of Drugs Act 1971 (section 23),Controlled drugs,Nothing found - no further action,False,
Person search,2016-09-13T23:48:00+00:00,,,51.507647,-3.542056,Female,18-24,White - White British (W1),White,Police and Criminal Evidence Act 1984 (section 1),Offensive weapons,Nothing found - no further action,False,
Person search,2016-09-13T23:48:00+00:00,,,51.507647,-3.542056,Male,18-24,White - White British (W1),White,Police and Criminal Evidence Act 1984 (section 1),Offensive weapons,Nothing found - no further action,False,
Person search,2016-09-14T01:10:00+00:00,,,51.490665,-3.133472,Male,18-24,White - White British (W1),White,Police and Criminal Evidence Act 1984 (section 1),,Nothing found - no further action,False,
Person search,2016-09-14T01:10:00+00:00,,,51.490665,-3.133472,Male,10-17,White - White British (W1),White,Police and Criminal Evidence Act 1984 (section 1),,Nothing found - no further action,False,
Person search,2016-09-14T03:08:00+00:00,,,51.598932,-3.778680,Male,25-34,White - White British (W1),White,Misuse of Drugs Act 1971 (section 23),Controlled drugs,Suspect arrested,True,
Person search,2016-09-14T11:44:00+00:00,,,51.530192,-3.111056,Male,,Asian or Asian British - Any other Asian ethnic background (A9),Other,Misuse of Drugs Act 1971 (section 23),Controlled drugs,Nothing found - no further action,False,
Person search,2016-09-14T15:57:00+00:00,,,51.596421,-3.788891,Male,over 34,White - White British (W1),White,Police and Criminal Evidence Act 1984 (section 1),Stolen goods,Nothing found - no further action,False,
Person search,2016-09-14T17:44:00+00:00,,,51.509224,-3.584302,Male,25-34,White - White British (W1),White,Misuse of Drugs Act 1971 (section 23),Controlled drugs,Suspect arrested,True,
Person search,2016-09-14T22:44:00+00:00,,,51.597023,-3.539754,Male,25-34,White - White British (W1),White,Misuse of Drugs Act 1971 (section 23),Controlled drugs,Nothing found - no further action,False,
Person search,2016-09-14T22:44:00+00:00,,,51.597023,-3.539754,Male,25-34,White - White British (W1),White,Misuse of Drugs Act 1971 (section 23),Controlled drugs,Nothing found - no further action,False,
Person search,2016-09-15T00:34:00+00:00,,,51.713560,-3.447784,Male,25-34,White - White British (W1),White,Misuse of Drugs Act 1971 (section 23),Controlled drugs,Nothing found - no further action,False,
Person search,2016-09-15T01:45:00+00:00,,,51.477810,-3.201696,Male,over 34,Asian or Asian British - Pakistani (A2),Asian,Police and Criminal Evidence Act 1984 (section 1),,Nothing found - no further action,False,
Person and Vehicle search,2016-09-15T03:10:00+00:00,,,51.615088,-3.446467,Male,10-17,White - White British (W1),White,Misuse of Drugs Act 1971 (section 23),Controlled drugs,Nothing found - no further action,False,
Person search,2016-09-15T10:52:00+00:00,,,51.516298,-3.581867,Male,over 34,White - White British (W1),White,Misuse of Drugs Act 1971 (section 23),Controlled drugs,Nothing found - no further action,False,
Person search,2016-09-15T11:05:00+00:00,,,51.516298,-3.581867,Male,over 34,White - White British (W1),White,Misuse of Drugs Act 1971 (section 23),Controlled drugs,Nothing found - no further action,False,
Person search,2016-09-15T11:05:00+00:00,,,51.516298,-3.581867,Male,over 34,White - White British (W1),White,Misuse of Drugs Act 1971 (section 23),Controlled drugs,Nothing found - no further action,False,
Person search,2016-09-15T14:00:00+00:00,,,51.520648,-3.584021,Male,25-34,White - White British (W1),White,Misuse of Drugs Act 1971 (section 23),Controlled drugs,Nothing found - no further action,False,
Person search,2016-09-15T16:53:00+00:00,,,51.479883,-3.180870,Male,25-34,Asian or Asian British - Bangladeshi (A3),Asian,Misuse of Drugs Act 1971 (section 23),Controlled drugs,Nothing found - no further action,False,
Person search,2016-09-15T18:55:00+00:00,,,51.415221,-3.282798,Male,10-17,White - White British (W1),White,Misuse of Drugs Act 1971 (section 23),Controlled drugs,Nothing found - no further action,False,
Person and Vehicle search,2016-09-15T21:48:00+00:00,,,51.560984,-3.271734,Male,25-34,White - White British (W1),White,Misuse of Drugs Act 1971 (section 23),Controlled drugs,Nothing found - no further action,False,
Person search,2016-09-15T23:11:00+00:00,,,51.597371,-3.792624,Male,18-24,White - White British (W1),White,Police and Criminal Evidence Act 1984 (section 1),Stolen goods,Nothing found - no further action,False,
Person search,2016-09-16T02:07:00+00:00,,,51.481550,-3.197402,Male,18-24,White - White British (W1),White,Police and Criminal Evidence Act 1984 (section 1),Article for use in theft,Nothing found - no further action,False,
Person search,2016-09-16T04:54:00+00:00,,,51.615245,-3.411374,Male,over 34,White - White British (W1),White,Police and Criminal Evidence Act 1984 (section 1),Stolen goods,Nothing found - no further action,False,
Person search,2016-09-16T08:40:00+00:00,,,51.645228,-3.637560,Female,over 34,White - White British (W1),White,Police and Criminal Evidence Act 1984 (section 1),Controlled drugs,Nothing found - no further action,False,
Person search,2016-09-16T15:57:00+00:00,,,51.497498,-3.183602,Male,25-34,White - White British (W1),White,Police and Criminal Evidence Act 1984 (section 1),Article for use in theft,Nothing found - no further action,False,
Person search,2016-09-16T16:11:00+00:00,,,51.481140,-3.179290,Male,25-34,White - Any other White ethnic background (W9),White,Misuse of Drugs Act 1971 (section 23),Controlled drugs,Nothing found - no further action,False,
Person search,2016-09-16T16:22:00+00:00,,,51.481140,-3.179290,Female,25-34,White - White British (W1),White,Misuse of Drugs Act 1971 (section 23),Controlled drugs,Suspect arrested,False,
Person search,2016-09-16T22:55:00+00:00,,,51.713901,-3.444176,Male,18-24,White - White British (W1),White,Misuse of Drugs Act 1971 (section 23),Controlled drugs,Nothing found - no further action,False,
Person search,2016-09-16T23:02:00+00:00,,,51.712290,-3.447164,Female,18-24,White - White British (W1),White,Misuse of Drugs Act 1971 (section 23),Controlled drugs,Nothing found - no further action,False,
Person search,2016-09-17T00:08:00+00:00,,,51.481068,-3.182845,Male,over 34,White - White Irish (W2),White,Police and Criminal Evidence Act 1984 (section 1),,Nothing found - no further action,False,
Person search,2016-09-17T00:14:00+00:00,,,51.515229,-3.124325,Female,25-34,White - White British (W1),White,Misuse of Drugs Act 1971 (section 23),Controlled drugs,Nothing found - no further action,False,
Person search,2016-09-17T00:17:00+00:00,,,51.659489,-3.924420,Female,over 34,White - White British (W1),White,Misuse of Drugs Act 1971 (section 23),Controlled drugs,Nothing found - no further action,False,
Person search,2016-09-17T00:19:00+00:00,,,51.477069,-3.176377,Male,18-24,White - White Irish (W2),White,Misuse of Drugs Act 1971 (section 23),Controlled drugs,Nothing found - no further action,False,
Person search,2016-09-17T00:27:00+00:00,,,51.508557,-3.576440,Female,25-34,White - White British (W1),White,Misuse of Drugs Act 1971 (section 23),Controlled drugs,Nothing found - no further action,False,
Person search,2016-09-17T01:59:00+00:00,,,51.459179,-3.331531,Male,18-24,Asian or Asian British - Pakistani (A2),Asian,Misuse of Drugs Act 1971 (section 23),Controlled drugs,Suspect arrested,False,
Person search,2016-09-17T04:49:00+00:00,,,51.413107,-3.230872,Male,10-17,White - White British (W1),White,Misuse of Drugs Act 1971 (section 23),Controlled drugs,Nothing found - no further action,False,
Person search,2016-09-17T04:49:00+00:00,,,51.413107,-3.230872,Male,10-17,White - White British (W1),White,Misuse of Drugs Act 1971 (section 23),Controlled drugs,Nothing found - no further action,False,
Person search,2016-09-17T04:57:00+00:00,,,51.526935,-3.506134,Male,25-34,White - White British (W1),White,Police and Criminal Evidence Act 1984 (section 1),,Nothing found - no further action,False,
Person search,2016-09-17T05:05:00+00:00,,,51.413107,-3.230872,Male,10-17,Not Stated (NS),White,Misuse of Drugs Act 1971 (section 23),Controlled drugs,Nothing found - no further action,False,
Person search,2016-09-17T05:16:00+00:00,,,51.413107,-3.230872,Male,10-17,Not Stated (NS),Black,Misuse of Drugs Act 1971 (section 23),Controlled drugs,Nothing found - no further action,False,
Person search,2016-09-17T05:19:00+00:00,,,51.505603,-3.577447,Male,25-34,White - White British (W1),White,Police and Criminal Evidence Act 1984 (section 1),,Nothing found - no further action,False,
Person search,2016-09-17T05:25:00+00:00,,,51.506759,-3.582372,Male,over 34,White - White British (W1),White,Misuse of Drugs Act 1971 (section 23),Controlled drugs,Suspect arrested,True,
Person search,2016-09-17T08:35:00+00:00,,,51.626172,-3.953856,Male,over 34,White - White British (W1),White,Police and Criminal Evidence Act 1984 (section 1),Offensive weapons,Suspect arrested,False,
Person search,2016-09-17T09:49:00+00:00,,,,,Male,25-34,White - White British (W1),White,Police and Criminal Evidence Act 1984 (section 1),,Nothing found - no further action,False,
Person search,2016-09-17T21:42:00+00:00,,,51.619817,-3.940654,Male,18-24,White - White British (W1),White,Misuse of Drugs Act 1971 (section 23),Controlled drugs,Nothing found - no further action,False,
Person and Vehicle search,2016-09-17T22:41:00+00:00,,,51.669471,-4.042086,Male,10-17,Not Stated (NS),Asian,Misuse of Drugs Act 1971 (section 23),Controlled drugs,Offender given drugs possession warning,True,
Person and Vehicle search,2016-09-18T00:16:00+00:00,,,51.662310,-3.939390,Male,25-34,White - White British (W1),White,Misuse of Drugs Act 1971 (section 23),Controlled drugs,Offender given drugs possession warning,True,
Person search,2016-09-18T01:10:00+00:00,,,51.478601,-3.204396,Female,25-34,White - White British (W1),White,Police and Criminal Evidence Act 1984 (section 1),Stolen goods,Nothing found - no further action,False,
Person search,2016-09-18T02:56:00+00:00,,,51.662710,-3.806626,Male,18-24,White - White British (W1),White,Police and Criminal Evidence Act 1984 (section 1),,Suspect arrested,False,
Person search,2016-09-18T03:35:00+00:00,,,51.479241,-3.677560,Female,over 34,White - White British (W1),White,Misuse of Drugs Act 1971 (section 23),Controlled drugs,Nothing found - no further action,False,
Person search,2016-09-18T04:29:00+00:00,,,51.024023,-2.860534,,18-24,White - White British (W1),White,Misuse of Drugs Act 1971 (section 23),Controlled drugs,Nothing found - no further action,False,
Person search,2016-09-18T04:39:00+00:00,,,51.619817,-3.940654,Male,25-34,White - White British (W1),White,Misuse of Drugs Act 1971 (section 23),Controlled drugs,Nothing found - no further action,False,
Person search,2016-09-18T07:22:00+00:00,,,51.473121,-3.173712,Male,over 34,White - White British (W1),White,Misuse of Drugs Act 1971 (section 23),Controlled drugs,Suspect arrested,True,
Person search,2016-09-18T13:13:00+00:00,,,51.627213,-3.942039,Male,25-34,White - White British (W1),White,Misuse of Drugs Act 1971 (section 23),Controlled drugs,Nothing found - no further action,False,
Person search,2016-09-18T14:21:00+00:00,,,51.503583,-3.559713,Male,25-34,White - White British (W1),White,Misuse of Drugs Act 1971 (section 23),Controlled drugs,Nothing found - no further action,False,
Person search,2016-09-18T14:41:00+00:00,,,51.506547,-3.561975,Male,25-34,White - White British (W1),White,Misuse of Drugs Act 1971 (section 23),Controlled drugs,Suspect arrested,True,
Person search,2016-09-18T14:41:00+00:00,,,51.506547,-3.561975,Male,25-34,White - White British (W1),White,Misuse of Drugs Act 1971 (section 23),Controlled drugs,Nothing found - no further action,False,
Person search,2016-09-18T14:41:00+00:00,,,51.506547,-3.561975,Male,25-34,White - White British (W1),White,Misuse of Drugs Act 1971 (section 23),Controlled drugs,Suspect arrested,True,
Person and Vehicle search,2016-09-18T14:41:00+00:00,,,51.631555,-3.950793,Male,over 34,White - White British (W1),White,Misuse of Drugs Act 1971 (section 23),Controlled drugs,Nothing found - no further action,False,
Person and Vehicle search,2016-09-18T14:41:00+00:00,,,51.631555,-3.950793,Male,25-34,White - White British (W1),Black,Misuse of Drugs Act 1971 (section 23),Controlled drugs,Nothing found - no further action,False,
Person search,2016-09-18T14:58:00+00:00,,,51.506547,-3.561975,Male,over 34,White - White British (W1),White,Misuse of Drugs Act 1971 (section 23),Controlled drugs,Nothing found - no further action,False,
Person search,2016-09-18T15:42:00+00:00,,,51.471145,-3.170840,Male,over 34,White - White British (W1),White,Police and Criminal Evidence Act 1984 (section 1),Stolen goods,Suspect arrested,False,
Person search,2016-09-18T21:29:00+00:00,,,51.483169,-3.175166,Male,over 34,White - Any other White ethnic background (W9),White,Police and Criminal Evidence Act 1984 (section 1),Stolen goods,Nothing found - no further action,False,
Person search,2016-09-18T22:41:00+00:00,,,51.413255,-3.260900,Male,10-17,White - White British (W1),,Police and Criminal Evidence Act 1984 (section 1),,Nothing found - no further action,False,
Person search,2016-09-18T23:12:00+00:00,,,51.410563,-3.252012,Male,18-24,White - White British (W1),,Police and Criminal Evidence Act 1984 (section 1),,Nothing found - no further action,False,
Person search,2016-09-18T23:13:00+00:00,,,51.653466,-3.798437,Female,over 34,White - White British (W1),White,Misuse of Drugs Act 1971 (section 23),Controlled drugs,Nothing found - no further action,False,
Person and Vehicle search,2016-09-18T23:23:00+00:00,,,51.565246,-3.584244,Male,18-24,White - White British (W1),White,Misuse of Drugs Act 1971 (section 23),Controlled drugs,Suspect arrested,True,
Person search,2016-09-19T03:17:00+00:00,,,51.472888,-3.189688,Female,over 34,White - White British (W1),White,Misuse of Drugs Act 1971 (section 23),Controlled drugs,Nothing found - no further action,False,
Person search,2016-09-19T05:54:00+00:00,,,51.722753,-3.461267,Male,18-24,White - White British (W1),White,Misuse of Drugs Act 1971 (section 23),Controlled drugs,Offender given drugs possession warning,True,
Person and Vehicle search,2016-09-19T07:24:00+00:00,,,51.513676,-3.152778,Male,18-24,Chinese or other ethnic group - Any other ethnic group (O9),,Misuse of Drugs Act 1971 (section 23),Controlled drugs,Nothing found - no further action,False,
Person and Vehicle search,2016-09-19T07:24:00+00:00,,,51.513676,-3.152778,Male,10-17,White - White British (W1),White,Misuse of Drugs Act 1971 (section 23),Controlled drugs,Nothing found - no further action,False,
Person and Vehicle search,2016-09-19T07:24:00+00:00,,,51.513676,-3.152778,Male,18-24,White - White British (W1),White,Misuse of Drugs Act 1971 (section 23),Controlled drugs,Nothing found - no further action,False,
Person search,2016-09-19T14:25:00+00:00,,,,,Male,25-34,White - White British (W1),White,Police and Criminal Evidence Act 1984 (section 1),,Nothing found - no further action,False,
Person search,2016-09-19T14:45:00+00:00,,,51.599424,-3.343614,Male,18-24,White - White British (W1),White,Misuse of Drugs Act 1971 (section 23),Controlled drugs,Nothing found - no further action,False,
Person search,2016-09-19T14:45:00+00:00,,,51.599424,-3.343614,Male,10-17,White - White British (W1),White,Misuse of Drugs Act 1971 (section 23),Controlled drugs,Nothing found - no further action,False,
Person search,2016-09-19T15:44:00+00:00,,,,,,,,,,,,,
Person search,2016-09-19T16:08:00+00:00,,,51.620573,-4.028390,Male,10-17,White - White British (W1),White,,Offensive weapons,Suspect arrested,False,
Person search,2016-09-19T18:12:00+00:00,,,51.519970,-3.232396,Male,18-24,White - White British (W1),White,Misuse of Drugs Act 1971 (section 23),Controlled drugs,Nothing found - no further action,False,
Person search,2016-09-20T01:17:00+00:00,,,51.605381,-3.339285,Female,over 34,White - White British (W1),White,Police and Criminal Evidence Act 1984 (section 1),Article for use in theft,Nothing found - no further action,False,
Person search,2016-09-20T01:17:00+00:00,,,51.605381,-3.339285,Male,25-34,White - White British (W1),White,Police and Criminal Evidence Act 1984 (section 1),Article for use in theft,Nothing found - no further action,False,
Person search,2016-09-20T01:29:00+00:00,,,,,,,,,,,,,
Person search,2016-09-20T01:29:00+00:00,,,,,,,,,,,,,
Person search,2016-09-20T02:23:00+00:00,,,51.495657,-3.176236,Male,25-34,White - White British (W1),White,Misuse of Drugs Act 1971 (section 23),Controlled drugs,Nothing found - no further action,False,
Person search,2016-09-20T02:36:00+00:00,,,51.483333,-3.176711,Male,18-24,White - White British (W1),White,Misuse of Drugs Act 1971 (section 23),Controlled drugs,Nothing found - no further action,False,
Person search,2016-09-20T02:36:00+00:00,,,51.669471,-4.042086,Male,25-34,White - Any other White ethnic background (W9),White,Misuse of Drugs Act 1971 (section 23),Controlled drugs,Nothing found - no further action,False,
Person search,2016-09-20T04:19:00+00:00,,,51.650872,-3.997245,Male,over 34,White - White British (W1),White,Police and Criminal Evidence Act 1984 (section 1),,Nothing found - no further action,False,
Person search,2016-09-20T10:46:00+00:00,,,51.490495,-3.244219,Male,10-17,Black or Black British - African (B2),Black,Police and Criminal Evidence Act 1984 (section 1),Articles for use in criminal damage,Nothing found - no further action,,
Person search,2016-09-20T10:48:00+00:00,,,51.479883,-3.180870,Female,18-24,White - White British (W1),White,Misuse of Drugs Act 1971 (section 23),Controlled drugs,Offender given drugs possession warning,True,
Person search,2016-09-20T11:13:00+00:00,,,51.609023,-3.658858,Male,25-34,White - White British (W1),,Police and Criminal Evidence Act 1984 (section 1),Stolen goods,Nothing found - no further action,False,
Person search,2016-09-20T15:26:00+00:00,,,51.620248,-3.943417,Male,18-24,White - White British (W1),White,Misuse of Drugs Act 1971 (section 23),Controlled drugs,Suspect arrested,True,
Person search,2016-09-20T17:55:00+00:00,,,51.604940,-3.340138,Male,25-34,White - White British (W1),White,Police and Criminal Evidence Act 1984 (section 1),Stolen goods,Suspect arrested,False,
Person search,2016-09-20T18:49:00+00:00,,,51.636835,-3.419573,Male,over 34,White - White British (W1),White,Misuse of Drugs Act 1971 (section 23),Controlled drugs,Nothing found - no further action,False,
Person search,2016-09-20T22:35:00+00:00,,,,,Male,25-34,White - White British (W1),White,Police and Criminal Evidence Act 1984 (section 1),,Suspect arrested,False,
Person search,2016-09-20T22:57:00+00:00,,,51.651877,-3.958402,Male,18-24,White - White British (W1),White,Misuse of Drugs Act 1971 (section 23),Controlled drugs,Offender given drugs possession warning,True,
Person search,2016-09-20T23:32:00+00:00,,,51.482782,-3.163476,Female,over 34,White - White British (W1),White,Misuse of Drugs Act 1971 (section 23),Controlled drugs,Suspect arrested,True,
Person search,2016-09-20T23:51:00+00:00,,,51.485562,-3.718639,Male,25-34,White - White British (W1),White,Police and Criminal Evidence Act 1984 (section 1),,Suspect arrested,False,
Person search,2016-09-20T23:57:00+00:00,,,51.485562,-3.718639,Male,18-24,White - White British (W1),White,Police and Criminal Evidence Act 1984 (section 1),Article for use in theft,Suspect arrested,True,
Person and Vehicle search,2016-09-21T01:29:00+00:00,,,51.474798,-3.232863,Male,18-24,White - White British (W1),White,Misuse of Drugs Act 1971 (section 23),Controlled drugs,Nothing found - no further action,False,
Person and Vehicle search,2016-09-21T01:29:00+00:00,,,51.474798,-3.232863,Male,18-24,White - White British (W1),White,Misuse of Drugs Act 1971 (section 23),Controlled drugs,Nothing found - no further action,False,
Person and Vehicle search,2016-09-21T01:29:00+00:00,,,51.474798,-3.232863,Male,10-17,White - White British (W1),White,Misuse of Drugs Act 1971 (section 23),Controlled drugs,Nothing found - no further action,False,
Person and Vehicle search,2016-09-21T01:51:00+00:00,,,51.496823,-3.178312,Male,25-34,Not Stated (NS),Asian,Misuse of Drugs Act 1971 (section 23),Controlled drugs,Nothing found - no further action,False,
Person and Vehicle search,2016-09-21T01:51:00+00:00,,,51.496823,-3.178312,Male,25-34,Not Stated (NS),Asian,Misuse of Drugs Act 1971 (section 23),Controlled drugs,Nothing found - no further action,False,
Person search,2016-09-21T02:12:00+00:00,,,51.476106,-3.182745,Male,18-24,White - White British (W1),White,Police and Criminal Evidence Act 1984 (section 1),Offensive weapons,Nothing found - no further action,False,
Person search,2016-09-21T02:12:00+00:00,,,51.476106,-3.182745,Male,18-24,White - White British (W1),White,,,Nothing found - no further action,,
Person search,2016-09-21T02:12:00+00:00,,,51.476106,-3.182745,Male,25-34,White - Any other White ethnic background (W9),White,,,Nothing found - no further action,,
Person search,2016-09-21T02:12:00+00:00,,,51.476106,-3.182745,Male,10-17,White - White British (W1),White,,,Nothing found - no further action,,
Person search,2016-09-21T02:12:00+00:00,,,51.476106,-3.182745,Male,18-24,White - White British (W1),White,Police and Criminal Evidence Act 1984 (section 1),Offensive weapons,Nothing found - no further action,False,
Person search,2016-09-21T02:40:00+00:00,,,51.712920,-3.452250,Male,25-34,White - White British (W1),White,Police and Criminal Evidence Act 1984 (section 1),Articles for use in criminal damage,Nothing found - no further action,,
Person search,2016-09-21T02:40:00+00:00,,,51.712920,-3.452250,Male,over 34,White - White British (W1),White,Police and Criminal Evidence Act 1984 (section 1),Articles for use in criminal damage,Nothing found - no further action,,
Person search,2016-09-21T03:14:00+00:00,,,51.686643,-4.157413,Male,18-24,White - White British (W1),White,Police and Criminal Evidence Act 1984 (section 1),,Nothing found - no further action,False,
Person search,2016-09-21T04:08:00+00:00,,,51.670672,-3.921366,Male,18-24,Mixed - Any other Mixed ethnic background (M9),,Misuse of Drugs Act 1971 (section 23),Controlled drugs,Nothing found - no further action,False,
Person search,2016-09-21T12:36:00+00:00,,,51.661318,-3.808247,Male,10-17,White - White British (W1),White,Misuse of Drugs Act 1971 (section 23),Controlled drugs,Nothing found - no further action,False,
Person search,2016-09-22T00:28:00+00:00,,,51.419571,-3.268955,Female,18-24,White - White British (W1),White,Misuse of Drugs Act 1971 (section 23),Controlled drugs,Nothing found - no further action,False,
Person search,2016-09-22T00:33:00+00:00,,,,,,,,,,,,,
Person search,2016-09-22T00:44:00+00:00,,,51.488790,-3.173265,Male,25-34,White - White British (W1),White,Misuse of Drugs Act 1971 (section 23),Controlled drugs,Nothing found - no further action,False,
Person search,2016-09-22T01:25:00+00:00,,,51.666951,-3.456809,Male,over 34,White - White British (W1),White,Misuse of Drugs Act 1971 (section 23),Controlled drugs,Nothing found - no further action,False,
Person and Vehicle search,2016-09-22T01:31:00+00:00,,,51.496595,-0.471791,Male,25-34,Black or Black British - Any other Black ethnic background (B9),Black,Misuse of Drugs Act 1971 (section 23),Controlled drugs,Nothing found - no further action,False,
Person search,2016-09-22T05:07:00+00:00,,,51.486632,-3.152398,Male,18-24,Not Stated (NS),Black,Misuse of Drugs Act 1971 (section 23),Controlled drugs,Nothing found - no further action,False,
Person search,2016-09-22T05:56:00+00:00,,,51.716597,-3.447215,Male,over 34,White - White British (W1),White,Misuse of Drugs Act 1971 (section 23),Controlled drugs,Suspect arrested,True,
Person search,2016-09-22T12:15:00+00:00,,,51.713560,-3.447784,Male,over 34,White - White British (W1),White,Misuse of Drugs Act 1971 (section 23),Controlled drugs,Nothing found - no further action,False,
Person search,2016-09-22T12:15:00+00:00,,,51.713560,-3.447784,Male,over 34,White - White British (W1),White,Misuse of Drugs Act 1971 (section 23),Controlled drugs,Nothing found - no further action,False,
Person search,2016-09-22T12:28:00+00:00,,,51.663199,-3.936160,Male,over 34,Chinese or other ethnic group - Any other ethnic group (O9),Other,Police and Criminal Evidence Act 1984 (section 1),Article for use in theft,Nothing found - no further action,False,
Person search,2016-09-22T12:52:00+00:00,,,51.604940,-3.340138,Female,25-34,Not Stated (NS),White,Misuse of Drugs Act 1971 (section 23),Controlled drugs,Nothing found - no further action,False,
Person search,2016-09-22T15:21:00+00:00,,,51.525243,-3.241433,Male,18-24,White - White British (W1),White,Misuse of Drugs Act 1971 (section 23),Controlled drugs,Nothing found - no further action,False,
Person search,2016-09-22T15:47:00+00:00,,,51.525243,-3.241433,Male,18-24,White - White British (W1),White,Misuse of Drugs Act 1971 (section 23),Controlled drugs,Offender given drugs possession warning,True,
Person search,2016-09-22T16:30:00+00:00,,,,,Male,over 34,White - White British (W1),White,Police and Criminal Evidence Act 1984 (section 1),,Nothing found - no further action,False,
Person search,2016-09-22T17:51:00+00:00,,,51.481699,-3.152907,Male,over 34,Mixed - White and Black Caribbean (M1),White,Misuse of Drugs Act 1971 (section 23),Controlled drugs,Nothing found - no further action,False,
Person search,2016-09-22T19:18:00+00:00,,,51.621430,-3.950778,Male,over 34,White - White British (W1),White,Misuse of Drugs Act 1971 (section 23),Controlled drugs,Nothing found - no further action,False,
Person search,2016-09-22T20:35:00+00:00,,,51.486450,-3.159018,Male,10-17,White - White British (W1),White,Misuse of Drugs Act 1971 (section 23),Controlled drugs,Nothing found - no further action,False,
Person and Vehicle search,2016-09-22T22:53:00+00:00,,,51.482158,0.128355,Male,25-34,Black or Black British - African (B2),Black,Misuse of Drugs Act 1971 (section 23),Controlled drugs,Nothing found - no further action,False,
Person search,2016-09-22T22:53:00+00:00,,,51.482158,0.128355,Male,10-17,,,,,,,
Person search,2016-09-23T01:55:00+00:00,,,51.461656,-3.186258,Male,18-24,White - White British (W1),White,Misuse of Drugs Act 1971 (section 23),Controlled drugs,Nothing found - no further action,False,
Person and Vehicle search,2016-09-23T02:17:00+00:00,,,51.464162,-3.181198,Male,25-34,Asian or Asian British - Any other Asian ethnic background (A9),Asian,Misuse of Drugs Act 1971 (section 23),Controlled drugs,Nothing found - no further action,False,
Person and Vehicle search,2016-09-23T12:14:00+00:00,,,,,Male,18-24,White - White British (W1),White,Misuse of Drugs Act 1971 (section 23),Controlled drugs,Suspect arrested,True,
Person and Vehicle search,2016-09-23T12:14:00+00:00,,,,,Male,25-34,White - White British (W1),White,Misuse of Drugs Act 1971 (section 23),Controlled drugs,Suspect arrested,True,
Person search,2016-09-23T15:06:00+00:00,,,51.608711,-3.332653,Male,over 34,White - White British (W1),White,Misuse of Drugs Act 1971 (section 23),Controlled drugs,Nothing found - no further action,False,
Person search,2016-09-23T15:48:00+00:00,,,51.509320,-3.575861,Male,25-34,White - White British (W1),White,Misuse of Drugs Act 1971 (section 23),Controlled drugs,Nothing found - no further action,False,
Person search,2016-09-23T16:04:00+00:00,,,51.489672,-3.164170,Male,25-34,Chinese or other ethnic group - Any other ethnic group (O9),,Misuse of Drugs Act 1971 (section 23),Controlled drugs,Suspect arrested,False,
Person search,2016-09-23T18:11:00+00:00,,,51.480245,-3.186049,Male,over 34,White - White British (W1),White,Misuse of Drugs Act 1971 (section 23),Controlled drugs,Nothing found - no further action,False,
Person search,2016-09-23T20:35:00+00:00,,,51.605828,-3.339471,Female,18-24,White - White British (W1),White,Misuse of Drugs Act 1971 (section 23),Controlled drugs,Offender given drugs possession warning,True,
Person search,2016-09-23T20:55:00+00:00,,,51.495958,-3.569767,Male,over 34,,,Police and Criminal Evidence Act 1984 (section 1),Controlled drugs,Suspect arrested,True,
Person search,2016-09-23T21:08:00+00:00,,,51.618374,-3.946920,Male,18-24,White - White British (W1),White,Police and Criminal Evidence Act 1984 (section 1),,Nothing found - no further action,False,
Person and Vehicle search,2016-09-23T21:19:00+00:00,,,51.492925,-3.173371,Male,25-34,Mixed - White and Black Caribbean (M1),Black,Misuse of Drugs Act 1971 (section 23),Controlled drugs,Nothing found - no further action,False,
Person search,2016-09-23T23:03:00+00:00,,,51.495657,-3.176236,Male,25-34,White - White British (W1),White,Police and Criminal Evidence Act 1984 (section 1),Article for use in theft,Nothing found - no further action,False,
Person search,2016-09-23T23:19:00+00:00,,,51.660350,-0.267140,Male,25-34,White - White British (W1),White,Police and Criminal Evidence Act 1984 (section 1),,Nothing found - no further action,False,
Person search,2016-09-23T23:24:00+00:00,,,51.604940,-3.340138,Male,10-17,White - White British (W1),White,Misuse of Drugs Act 1971 (section 23),Controlled drugs,Nothing found - no further action,False,
Person search,2016-09-23T23:29:00+00:00,,,51.604940,-3.340138,Male,10-17,White - White British (W1),White,Misuse of Drugs Act 1971 (section 23),Controlled drugs,Nothing found - no further action,False,
Person search,2016-09-24T00:25:00+00:00,,,51.487844,-3.158089,Male,over 34,White - White British (W1),White,Police and Criminal Evidence Act 1984 (section 1),Article for use in theft,Nothing found - no further action,False,
Person search,2016-09-24T00:44:00+00:00,,,51.497314,-3.186723,Male,over 34,Mixed - White and Black Caribbean (M1),Black,Police and Criminal Evidence Act 1984 (section 1),,Nothing found - no further action,False,
Person search,2016-09-24T02:59:00+00:00,,,51.747817,-3.384489,Female,25-34,White - White British (W1),White,Police and Criminal Evidence Act 1984 (section 1),Stolen goods,Suspect arrested,True,
Person search,2016-09-24T02:59:00+00:00,,,51.747817,-3.384489,Female,18-24,White - Any other White ethnic background (W9),White,Police and Criminal Evidence Act 1984 (section 1),Stolen goods,Nothing found - no further action,False,
Person search,2016-09-24T04:09:00+00:00,,,51.665560,-3.920556,Female,10-17,White - White British (W1),White,Police and Criminal Evidence Act 1984 (section 1),Article for use in theft,Nothing found - no further action,False,
Person search,2016-09-24T04:10:00+00:00,,,51.483152,-3.198107,Male,over 34,White - White British (W1),White,Police and Criminal Evidence Act 1984 (section 1),Article for use in theft,Nothing found - no further action,False,
Person search,2016-09-24T04:16:00+00:00,,,51.665560,-3.920556,Female,10-17,White - White British (W1),White,Police and Criminal Evidence Act 1984 (section 1),Article for use in theft,Nothing found - no further action,False,
Person search,2016-09-24T04:25:00+00:00,,,51.665560,-3.920556,Female,10-17,White - White British (W1),White,Police and Criminal Evidence Act 1984 (section 1),Article for use in theft,Nothing found - no further action,False,
Person search,2016-09-24T13:38:00+00:00,,,50.659139,-1.150449,Male,18-24,Black or Black British - African (B2),Black,Firearms Act 1968 (section 47),Firearms,Nothing found - no further action,False,
Person search,2016-09-24T15:42:00+00:00,,,51.629599,-3.659349,Male,18-24,White - White British (W1),White,Police and Criminal Evidence Act 1984 (section 1),,Nothing found - no further action,False,
Person search,2016-09-24T15:42:00+00:00,,,51.628302,-3.660746,Female,25-34,Mixed - Any other Mixed ethnic background (M9),White,Police and Criminal Evidence Act 1984 (section 1),,Nothing found - no further action,False,
Person search,2016-09-24T15:54:00+00:00,,,51.481140,-3.179290,Male,over 34,Not Stated (NS),White,Police and Criminal Evidence Act 1984 (section 1),Offensive weapons,Offender given drugs possession warning,False,
Person search,2016-09-24T17:08:00+00:00,,,,,,,,,,,,,
Person search,2016-09-24T17:34:00+00:00,,,51.508139,-3.578789,Male,over 34,White - White British (W1),White,Police and Criminal Evidence Act 1984 (section 1),Stolen goods,Suspect arrested,True,
Person search,2016-09-24T17:41:00+00:00,,,51.480913,-3.181286,Male,18-24,Mixed - White and Black Caribbean (M1),Black,Misuse of Drugs Act 1971 (section 23),Controlled drugs,Nothing found - no further action,False,
Person search,2016-09-24T18:51:00+00:00,,,51.533052,-3.146505,Male,10-17,White - White British (W1),White,Police and Criminal Evidence Act 1984 (section 1),,Nothing found - no further action,False,
Person search,2016-09-24T18:51:00+00:00,,,51.533052,-3.146505,Male,10-17,White - White British (W1),White,Police and Criminal Evidence Act 1984 (section 1),,Nothing found - no further action,False,
Person search,2016-09-25T00:18:00+00:00,,,51.483708,-3.212278,Male,18-24,White - White British (W1),White,Police and Criminal Evidence Act 1984 (section 1),,Nothing found - no further action,False,
Person search,2016-09-25T00:29:00+00:00,,,51.713901,-3.444176,Male,18-24,White - White British (W1),White,Misuse of Drugs Act 1971 (section 23),Controlled drugs,Nothing found - no further action,False,
Person search,2016-09-25T01:02:00+00:00,,,51.533052,-3.146505,Male,18-24,White - White British (W1),White,Police and Criminal Evidence Act 1984 (section 1),,Nothing found - no further action,False,
Person search,2016-09-25T01:08:00+00:00,,,51.647560,-3.971356,Male,25-34,White - White British (W1),White,Misuse of Drugs Act 1971 (section 23),Controlled drugs,Suspect arrested,True,
Person search,2016-09-25T01:08:00+00:00,,,51.647560,-3.971356,Male,over 34,White - White British (W1),White,Misuse of Drugs Act 1971 (section 23),Controlled drugs,Nothing found - no further action,False,
Person search,2016-09-25T04:07:00+00:00,,,51.497498,-3.183602,Male,25-34,Mixed - White and Black Caribbean (M1),White,Police and Criminal Evidence Act 1984 (section 1),Article for use in theft,Nothing found - no further action,False,
Person search,2016-09-25T04:45:00+00:00,,,51.747817,-3.384489,Male,25-34,White - White British (W1),White,Misuse of Drugs Act 1971 (section 23),Controlled drugs,Nothing found - no further action,False,
Person search,2016-09-25T04:52:00+00:00,,,51.747817,-3.384489,Male,10-17,White - White British (W1),White,Police and Criminal Evidence Act 1984 (section 1),Article for use in theft,Nothing found - no further action,False,
Person search,2016-09-25T04:57:00+00:00,,,51.747817,-3.384489,Male,over 34,White - White British (W1),White,Police and Criminal Evidence Act 1984 (section 1),Article for use in theft,Nothing found - no further action,False,
Person search,2016-09-25T11:28:00+00:00,,,51.621412,-3.958867,Male,25-34,White - White British (W1),White,Misuse of Drugs Act 1971 (section 23),Controlled drugs,Nothing found - no further action,False,
Person search,2016-09-25T15:03:00+00:00,,,51.622132,-3.952917,Male,18-24,White - White British (W1),White,Misuse of Drugs Act 1971 (section 23),Controlled drugs,Nothing found - no further action,False,
Person search,2016-09-25T15:32:00+00:00,,,51.622132,-3.952917,Male,10-17,White - White Irish (W2),White,Misuse of Drugs Act 1971 (section 23),Controlled drugs,Nothing found - no further action,False,
Person search,2016-09-25T15:40:00+00:00,,,51.622132,-3.952917,Male,25-34,White - White British (W1),White,Misuse of Drugs Act 1971 (section 23),Controlled drugs,Suspect arrested,False,
Person search,2016-09-25T15:46:00+00:00,,,51.622132,-3.952917,Male,over 34,White - White British (W1),White,Misuse of Drugs Act 1971 (section 23),Controlled drugs,Nothing found - no further action,False,
Person search,2016-09-25T15:58:00+00:00,,,51.481305,-3.238324,Male,25-34,White - White British (W1),White,Police and Criminal Evidence Act 1984 (section 1),Article for use in theft,Nothing found - no further action,False,
Person search,2016-09-25T16:37:00+00:00,,,51.403152,-3.216357,Male,18-24,White - White British (W1),White,Misuse of Drugs Act 1971 (section 23),Controlled drugs,Offender given drugs possession warning,True,
Person search,2016-09-25T18:02:00+00:00,,,51.481895,-3.178431,Male,over 34,White - White British (W1),White,Police and Criminal Evidence Act 1984 (section 1),,Suspect arrested,False,
Person search,2016-09-25T19:45:00+00:00,,,51.487908,-3.152473,Male,18-24,White - White British (W1),White,Misuse of Drugs Act 1971 (section 23),Controlled drugs,Nothing found - no further action,False,
Person search,2016-09-25T20:35:00+00:00,,,51.501930,-3.186396,Male,18-24,White - White British (W1),White,Misuse of Drugs Act 1971 (section 23),Controlled drugs,Nothing found - no further action,False,
Person search,2016-09-25T22:38:00+00:00,,,51.614685,-3.944321,Male,10-17,White - White British (W1),White,Misuse of Drugs Act 1971 (section 23),Controlled drugs,Suspect arrested,True,
Person search,2016-09-26T01:38:00+00:00,,,51.480913,-3.181286,Male,over 34,White - White British (W1),White,Misuse of Drugs Act 1971 (section 23),Controlled drugs,Suspect arrested,True,
Person search,2016-09-26T02:43:00+00:00,,,51.760453,-3.373487,Male,over 34,White - White British (W1),White,Misuse of Drugs Act 1971 (section 23),Controlled drugs,Nothing found - no further action,False,
Person search,2016-09-26T03:00:00+00:00,,,51.742395,-3.377632,Male,18-24,White - White British (W1),White,Misuse of Drugs Act 1971 (section 23),Controlled drugs,Nothing found - no further action,False,
Person and Vehicle search,2016-09-26T03:51:00+00:00,,,51.492925,-3.173371,Male,over 34,Mixed - White and Black Caribbean (M1),Black,Misuse of Drugs Act 1971 (section 23),Controlled drugs,Nothing found - no further action,False,
Person search,2016-09-26T04:44:00+00:00,,,51.488191,-3.155649,Male,over 34,White - White British (W1),White,Misuse of Drugs Act 1971 (section 23),Controlled drugs,Nothing found - no further action,False,
Person search,2016-09-26T04:57:00+00:00,,,,,Male,10-17,White - White British (W1),White,Police and Criminal Evidence Act 1984 (section 1),Article for use in theft,Nothing found - no further action,False,
Person search,2016-09-26T07:29:00+00:00,,,51.502697,-3.187021,Male,10-17,White - White British (W1),White,Police and Criminal Evidence Act 1984 (section 1),Article for use in theft,Nothing found - no further action,False,
Person search,2016-09-26T07:29:00+00:00,,,51.502697,-3.187021,Male,10-17,White - White British (W1),White,Police and Criminal Evidence Act 1984 (section 1),Article for use in theft,Nothing found - no further action,False,
Person search,2016-09-26T08:49:00+00:00,,,51.632733,-3.936668,Male,25-34,White - White British (W1),White,Misuse of Drugs Act 1971 (section 23),Controlled drugs,Nothing found - no further action,False,
Person search,2016-09-26T08:56:00+00:00,,,51.632733,-3.936668,Male,over 34,White - White British (W1),White,Misuse of Drugs Act 1971 (section 23),Controlled drugs,Nothing found - no further action,False,
Person search,2016-09-26T09:53:00+00:00,,,51.481140,-3.179290,Male,over 34,White - White British (W1),White,Misuse of Drugs Act 1971 (section 23),Controlled drugs,Offender given drugs possession warning,True,
Person search,2016-09-26T16:49:00+00:00,,,51.597077,-3.353781,Male,18-24,White - White British (W1),White,Misuse of Drugs Act 1971 (section 23),Controlled drugs,Offender given penalty notice,False,
Person search,2016-09-26T16:49:00+00:00,,,51.597077,-3.353781,Male,18-24,White - White British (W1),White,Misuse of Drugs Act 1971 (section 23),Controlled drugs,Nothing found - no further action,False,
Person search,2016-09-26T18:17:00+00:00,,,51.491930,-3.224049,Male,18-24,Black or Black British - Caribbean (B1),Black,Misuse of Drugs Act 1971 (section 23),Controlled drugs,Nothing found - no further action,False,
Person search,2016-09-26T19:52:00+00:00,,,51.506627,-3.579500,Male,25-34,White - White British (W1),White,Misuse of Drugs Act 1971 (section 23),Controlled drugs,Suspect arrested,True,
Person search,2016-09-26T19:55:00+00:00,,,51.662710,-3.806626,Male,over 34,White - White British (W1),White,Police and Criminal Evidence Act 1984 (section 1),Article for use in theft,Nothing found - no further action,False,
Person search,2016-09-26T20:05:00+00:00,,,51.491930,-3.224049,Male,18-24,White - White British (W1),White,Misuse of Drugs Act 1971 (section 23),Controlled drugs,Nothing found - no further action,False,
Person search,2016-09-26T20:09:00+00:00,,,51.619771,-3.951573,Male,over 34,White - White British (W1),,Misuse of Drugs Act 1971 (section 23),Controlled drugs,Nothing found - no further action,False,
Person search,2016-09-26T20:10:00+00:00,,,51.491930,-3.224049,Male,18-24,Chinese or other ethnic group - Any other ethnic group (O9),Other,Misuse of Drugs Act 1971 (section 23),Controlled drugs,Nothing found - no further action,False,
Person search,2016-09-26T20:16:00+00:00,,,51.491930,-3.224049,Male,18-24,White - White British (W1),White,Misuse of Drugs Act 1971 (section 23),Controlled drugs,Nothing found - no further action,False,
Person search,2016-09-26T20:23:00+00:00,,,51.491930,-3.224049,Female,10-17,White - White British (W1),White,Misuse of Drugs Act 1971 (section 23),Controlled drugs,Nothing found - no further action,False,
Person search,2016-09-26T20:27:00+00:00,,,51.491930,-3.224049,Male,10-17,White - White British (W1),White,Misuse of Drugs Act 1971 (section 23),Controlled drugs,Nothing found - no further action,False,
Person search,2016-09-26T23:09:00+00:00,,,51.484760,-3.238950,Male,over 34,White - White British (W1),White,Police and Criminal Evidence Act 1984 (section 1),,Nothing found - no further action,False,
Person search,2016-09-26T23:18:00+00:00,,,51.628671,-3.972733,Male,18-24,White - White British (W1),White,Police and Criminal Evidence Act 1984 (section 1),,Nothing found - no further action,False,
Person search,2016-09-26T23:24:00+00:00,,,51.497309,-3.584321,Male,10-17,White - White British (W1),White,Misuse of Drugs Act 1971 (section 23),Controlled drugs,Nothing found - no further action,False,
Person search,2016-09-26T23:39:00+00:00,,,51.510537,-3.576278,Male,18-24,White - White British (W1),White,Police and Criminal Evidence Act 1984 (section 1),,Suspect arrested,False,
Person search,2016-09-27T00:12:00+00:00,,,51.488332,-3.176767,Male,over 34,White - White British (W1),White,Police and Criminal Evidence Act 1984 (section 1),,Nothing found - no further action,False,
Person search,2016-09-27T01:29:00+00:00,,,51.515180,-3.128518,Male,over 34,White - White British (W1),White,Misuse of Drugs Act 1971 (section 23),Controlled drugs,Nothing found - no further action,False,
Person search,2016-09-27T02:25:00+00:00,,,51.484531,-3.163866,Male,over 34,White - White British (W1),White,Police and Criminal Evidence Act 1984 (section 1),,Nothing found - no further action,False,
Person search,2016-09-27T04:23:00+00:00,,,51.603193,-3.357573,Male,18-24,White - White British (W1),White,Misuse of Drugs Act 1971 (section 23),Controlled drugs,Offender given penalty notice,False,
Person search,2016-09-27T04:31:00+00:00,,,51.489196,-3.182969,Male,25-34,White - White British (W1),White,Police and Criminal Evidence Act 1984 (section 1),Article for use in theft,Nothing found - no further action,False,
Person and Vehicle search,2016-09-27T04:32:00+00:00,,,51.603193,-3.357573,Male,18-24,White - White British (W1),White,Misuse of Drugs Act 1971 (section 23),Controlled drugs,Nothing found - no further action,False,
Person and Vehicle search,2016-09-27T04:32:00+00:00,,,51.603193,-3.357573,Male,18-24,White - White British (W1),White,Misuse of Drugs Act 1971 (section 23),Controlled drugs,Nothing found - no further action,False,
Person search,2016-09-27T04:45:00+00:00,,,51.603193,-3.357573,Male,18-24,White - White British (W1),White,Misuse of Drugs Act 1971 (section 23),Controlled drugs,Nothing found - no further action,False,
Person search,2016-09-27T10:16:00+00:00,,,51.615245,-3.411374,Female,10-17,White - White British (W1),White,Misuse of Drugs Act 1971 (section 23),Controlled drugs,Suspect arrested,True,
Person search,2016-09-27T10:23:00+00:00,,,51.615245,-3.411374,Female,10-17,White - White British (W1),White,Misuse of Drugs Act 1971 (section 23),Controlled drugs,Suspect arrested,True,
Person search,2016-09-27T13:33:00+00:00,,,,,,,,,,,,,
Person search,2016-09-27T15:22:00+00:00,,,51.598937,-3.341376,Male,25-34,White - White British (W1),White,Misuse of Drugs Act 1971 (section 23),Controlled drugs,Nothing found - no further action,False,
Person search,2016-09-27T15:22:00+00:00,,,51.598937,-3.341376,Male,25-34,White - White British (W1),White,Misuse of Drugs Act 1971 (section 23),Controlled drugs,Nothing found - no further action,False,
Person search,2016-09-27T15:27:00+00:00,,,51.598937,-3.341376,Female,over 34,White - White British (W1),White,Misuse of Drugs Act 1971 (section 23),Controlled drugs,Nothing found - no further action,False,
Person search,2016-09-27T16:41:00+00:00,,,51.478822,-3.173758,Male,18-24,White - White British (W1),White,Misuse of Drugs Act 1971 (section 23),Controlled drugs,Nothing found - no further action,False,
Person search,2016-09-27T16:41:00+00:00,,,,,,,,,,,,,
Person search,2016-09-27T22:50:00+00:00,,,51.496230,-3.164784,Male,25-34,Black or Black British - African (B2),Black,Misuse of Drugs Act 1971 (section 23),Controlled drugs,Nothing found - no further action,False,
Person search,2016-09-27T22:50:00+00:00,,,51.490610,-3.158461,Male,18-24,White - White British (W1),White,Misuse of Drugs Act 1971 (section 23),Controlled drugs,Nothing found - no further action,False,
Person search,2016-09-28T02:15:00+00:00,,,51.413482,-3.254004,Male,over 34,White - White British (W1),White,Police and Criminal Evidence Act 1984 (section 1),Article for use in theft,Nothing found - no further action,False,
Person search,2016-09-28T04:31:00+00:00,,,51.662710,-3.806626,Male,10-17,White - White British (W1),White,Misuse of Drugs Act 1971 (section 23),Controlled drugs,Nothing found - no further action,False,
Person search,2016-09-28T04:34:00+00:00,,,51.662710,-3.806626,Male,10-17,White - White British (W1),White,Misuse of Drugs Act 1971 (section 23),Controlled drugs,Nothing found - no further action,False,
Person search,2016-09-28T05:00:00+00:00,,,,,,,,,,,,,
Person search,2016-09-28T06:22:00+00:00,,,,,Male,,Not Stated (NS),,Misuse of Drugs Act 1971 (section 23),Controlled drugs,Nothing found - no further action,False,
Person search,2016-09-28T06:22:00+00:00,,,,,Male,18-24,Chinese or other ethnic group - Any other ethnic group (O9),,Misuse of Drugs Act 1971 (section 23),Controlled drugs,Nothing found - no further action,False,
Person search,2016-09-28T12:35:00+00:00,,,51.577498,-4.045522,Male,18-24,White - White British (W1),White,Police and Criminal Evidence Act 1984 (section 1),Article for use in theft,Nothing found - no further action,False,
Person search,2016-09-28T13:17:00+00:00,,,,,,,,,,,,,
Person and Vehicle search,2016-09-28T13:32:00+00:00,,,51.609241,-3.333521,Male,25-34,Black or Black British - African (B2),Black,Misuse of Drugs Act 1971 (section 23),Controlled drugs,Nothing found - no further action,False,
Person search,2016-09-28T13:32:00+00:00,,,51.590559,-3.309328,Male,10-17,White - White British (W1),White,Misuse of Drugs Act 1971 (section 23),Controlled drugs,Nothing found - no further action,False,
Person search,2016-09-28T13:46:00+00:00,,,51.661419,-3.354079,Male,25-34,,,,,,,
Person search,2016-09-28T13:46:00+00:00,,,51.661419,-3.354079,Male,18-24,,,,,,,
Person search,2016-09-28T20:10:00+00:00,,,51.660017,-3.505397,Male,10-17,White - White British (W1),White,Misuse of Drugs Act 1971 (section 23),Controlled drugs,Nothing found - no further action,False,
Person search,2016-09-29T00:20:00+00:00,,,51.605381,-3.339285,Female,over 34,White - White British (W1),White,Misuse of Drugs Act 1971 (section 23),Controlled drugs,Nothing found - no further action,False,
Person search,2016-09-29T00:57:00+00:00,,,51.602495,-3.346347,Male,25-34,White - White British (W1),White,Misuse of Drugs Act 1971 (section 23),Controlled drugs,Nothing found - no further action,False,
Person and Vehicle search,2016-09-29T10:32:00+00:00,,,51.511581,-3.570189,Male,over 34,White - White British (W1),White,Misuse of Drugs Act 1971 (section 23),Controlled drugs,Nothing found - no further action,False,
Person and Vehicle search,2016-09-29T17:48:00+00:00,,,51.521659,-3.182715,Male,over 34,White - White British (W1),White,Police and Criminal Evidence Act 1984 (section 1),Stolen goods,Suspect arrested,True,
Person search,2016-09-29T19:11:00+00:00,,,51.518721,-3.162734,Male,10-17,White - White British (W1),White,Police and Criminal Evidence Act 1984 (section 1),Offensive weapons,Nothing found - no further action,False,
Person search,2016-09-29T22:20:00+00:00,,,51.713901,-3.444176,Female,25-34,White - White British (W1),White,Misuse of Drugs Act 1971 (section 23),Controlled drugs,Nothing found - no further action,False,
Person search,2016-09-29T23:43:00+00:00,,,51.488790,-3.173265,Male,over 34,White - White British (W1),White,Police and Criminal Evidence Act 1984 (section 1),,Nothing found - no further action,False,
Person search,2016-09-29T23:46:00+00:00,,,51.488790,-3.173265,Male,over 34,White - White British (W1),White,Police and Criminal Evidence Act 1984 (section 1),,Nothing found - no further action,False,
Person search,2016-09-30T00:41:00+00:00,,,51.602495,-3.346347,Male,over 34,White - White British (W1),White,Police and Criminal Evidence Act 1984 (section 1),Article for use in theft,Nothing found - no further action,False,
Person search,2016-09-30T01:36:00+00:00,,,51.498881,-3.162186,Male,10-17,White - White British (W1),White,Misuse of Drugs Act 1971 (section 23),Controlled drugs,Nothing found - no further action,False,
Person search,2016-09-30T01:36:00+00:00,,,51.498881,-3.162186,Male,10-17,White - White British (W1),White,Misuse of Drugs Act 1971 (section 23),Controlled drugs,Nothing found - no further action,False,
Person search,2016-09-30T01:36:00+00:00,,,51.498881,-3.162186,Male,10-17,Black or Black British - Caribbean (B1),Black,Misuse of Drugs Act 1971 (section 23),Controlled drugs,Nothing found - no further action,False,
Person search,2016-09-30T05:11:00+00:00,,,,,,,,,,,,,
Person search,2016-09-30T06:08:00+00:00,,,51.486363,-3.212910,Male,over 34,White - White British (W1),White,Police and Criminal Evidence Act 1984 (section 1),Article for use in theft,Suspect arrested,False,
Person search,2016-09-30T06:43:00+00:00,,,51.505603,-3.577447,Male,25-34,White - White British (W1),White,Police and Criminal Evidence Act 1984 (section 1),,Suspect arrested,False,
Person search,2016-09-30T13:10:00+00:00,,,51.517229,-3.574131,Male,18-24,White - White British (W1),White,Misuse of Drugs Act 1971 (section 23),Controlled drugs,Suspect arrested,True,
Person search,2016-09-30T13:34:00+00:00,,,51.517667,-3.571652,Male,25-34,White - White British (W1),White,Misuse of Drugs Act 1971 (section 23),Controlled drugs,Nothing found - no further action,False,
Person search,2016-09-30T13:34:00+00:00,,,51.517667,-3.571652,Male,25-34,White - White British (W1),White,Misuse of Drugs Act 1971 (section 23),Controlled drugs,Nothing found - no further action,False,
Person search,2016-09-30T18:24:00+00:00,,,51.637823,-3.913632,Male,25-34,White - White British (W1),White,Misuse of Drugs Act 1971 (section 23),Controlled drugs,Offender given drugs possession warning,True,
Person search,2016-09-30T19:29:00+00:00,,,51.645083,-3.490478,Male,18-24,White - White British (W1),White,Misuse of Drugs Act 1971 (section 23),Controlled drugs,Suspect arrested,True,
Person search,2016-09-30T22:16:00+00:00,,,51.596078,-3.643227,Male,25-34,White - White British (W1),,Misuse of Drugs Act 1971 (section 23),Controlled drugs,Suspect arrested,True,
